[2026-09-13 00:11:32] [INFO] [BiharFloodAuto] --- Loop #149 starting ---
[2026-09-13 00:11:32] [INFO] [BiharFloodAuto] Executing 'git pull' to check for updates...
[2026-09-13 00:11:35] [INFO] [BiharFloodAuto] Repository is already up to date.
[2026-09-13 00:11:35] [INFO] [BiharFloodAuto] [*] Operation is OFF. Skipping Email Fetch and SFTP copy.
[2026-09-13 00:11:38] [INFO] [BiharFloodAuto] Successfully pushed automation.log to Git.
[2026-09-13 00:11:38] [INFO] [BiharFloodAuto] --- Loop #149 complete ---
[2026-09-13 00:11:38] [INFO] [BiharFloodAuto] Sleeping for 15 minutes. Next check at 00:26:38. (Use 'Run Now' on the dashboard to skip this.)
[2026-09-13 00:26:38] [INFO] [BiharFloodAuto] --- Loop #150 starting ---
[2026-09-13 00:26:38] [INFO] [BiharFloodAuto] Executing 'git pull' to check for updates...
[2026-09-13 00:26:42] [INFO] [BiharFloodAuto] Repository is already up to date.
[2026-09-13 00:26:42] [INFO] [BiharFloodAuto] [*] Operation is OFF. Skipping Email Fetch and SFTP copy.
[2026-09-13 00:26:45] [INFO] [BiharFloodAuto] Successfully pushed automation.log to Git.
[2026-09-13 00:26:45] [INFO] [BiharFloodAuto] --- Loop #150 complete ---
[2026-09-13 00:26:45] [INFO] [BiharFloodAuto] Sleeping for 15 minutes. Next check at 00:41:45. (Use 'Run Now' on the dashboard to skip this.)
[2026-09-13 00:41:45] [INFO] [BiharFloodAuto] --- Loop #151 starting ---
[2026-09-13 00:41:45] [INFO] [BiharFloodAuto] Executing 'git pull' to check for updates...
[2026-09-13 00:41:47] [INFO] [BiharFloodAuto] Repository is already up to date.
[2026-09-13 00:41:47] [INFO] [BiharFloodAuto] [*] Operation is OFF. Skipping Email Fetch and SFTP copy.
[2026-09-13 00:41:50] [INFO] [BiharFloodAuto] Successfully pushed automation.log to Git.
[2026-09-13 00:41:50] [INFO] [BiharFloodAuto] --- Loop #151 complete ---
[2026-09-13 00:41:50] [INFO] [BiharFloodAuto] Sleeping for 15 minutes. Next check at 00:56:50. (Use 'Run Now' on the dashboard to skip this.)
[2026-09-13 00:56:50] [INFO] [BiharFloodAuto] --- Loop #152 starting ---
[2026-09-13 00:56:50] [INFO] [BiharFloodAuto] Executing 'git pull' to check for updates...
[2026-09-13 00:56:53] [INFO] [BiharFloodAuto] Repository is already up to date.
[2026-09-13 00:56:53] [INFO] [BiharFloodAuto] [*] Operation is OFF. Skipping Email Fetch and SFTP copy.
[2026-09-13 00:56:56] [INFO] [BiharFloodAuto] Successfully pushed automation.log to Git.
[2026-09-13 00:56:56] [INFO] [BiharFloodAuto] --- Loop #152 complete ---
[2026-09-13 00:56:56] [INFO] [BiharFloodAuto] Sleeping for 15 minutes. Next check at 01:11:56. (Use 'Run Now' on the dashboard to skip this.)
[2026-09-13 01:11:56] [INFO] [BiharFloodAuto] --- Loop #153 starting ---
[2026-09-13 01:11:56] [INFO] [BiharFloodAuto] Executing 'git pull' to check for updates...
[2026-09-13 01:11:58] [INFO] [BiharFloodAuto] Repository is already up to date.
[2026-09-13 01:11:58] [INFO] [BiharFloodAuto] [*] Operation is OFF. Skipping Email Fetch and SFTP copy.
[2026-09-13 01:12:01] [INFO] [BiharFloodAuto] Successfully pushed automation.log to Git.
[2026-09-13 01:12:01] [INFO] [BiharFloodAuto] --- Loop #153 complete ---
[2026-09-13 01:12:01] [INFO] [BiharFloodAuto] Sleeping for 15 minutes. Next check at 01:27:01. (Use 'Run Now' on the dashboard to skip this.)
[2026-09-13 01:27:01] [INFO] [BiharFloodAuto] --- Loop #154 starting ---
[2026-09-13 01:27:01] [INFO] [BiharFloodAuto] Executing 'git pull' to check for updates...
[2026-09-13 01:27:04] [INFO] [BiharFloodAuto] Repository is already up to date.
[2026-09-13 01:27:04] [INFO] [BiharFloodAuto] [*] Operation is OFF. Skipping Email Fetch and SFTP copy.
[2026-09-13 01:27:07] [INFO] [BiharFloodAuto] Successfully pushed automation.log to Git.
[2026-09-13 01:27:07] [INFO] [BiharFloodAuto] --- Loop #154 complete ---
[2026-09-13 01:27:07] [INFO] [BiharFloodAuto] Sleeping for 15 minutes. Next check at 01:42:07. (Use 'Run Now' on the dashboard to skip this.)
[2026-09-13 01:42:07] [INFO] [BiharFloodAuto] --- Loop #155 starting ---
[2026-09-13 01:42:07] [INFO] [BiharFloodAuto] Executing 'git pull' to check for updates...
[2026-09-13 01:42:09] [INFO] [BiharFloodAuto] Repository is already up to date.
[2026-09-13 01:42:09] [INFO] [BiharFloodAuto] [*] Operation is OFF. Skipping Email Fetch and SFTP copy.
[2026-09-13 01:42:12] [INFO] [BiharFloodAuto] Successfully pushed automation.log to Git.
[2026-09-13 01:42:12] [INFO] [BiharFloodAuto] --- Loop #155 complete ---
[2026-09-13 01:42:12] [INFO] [BiharFloodAuto] Sleeping for 15 minutes. Next check at 01:57:12. (Use 'Run Now' on the dashboard to skip this.)
[2026-09-13 01:57:12] [INFO] [BiharFloodAuto] --- Loop #156 starting ---
[2026-09-13 01:57:12] [INFO] [BiharFloodAuto] Executing 'git pull' to check for updates...
[2026-09-13 01:57:15] [INFO] [BiharFloodAuto] Repository is already up to date.
[2026-09-13 01:57:15] [INFO] [BiharFloodAuto] [*] Operation is OFF. Skipping Email Fetch and SFTP copy.
[2026-09-13 01:57:18] [INFO] [BiharFloodAuto] Successfully pushed automation.log to Git.
[2026-09-13 01:57:18] [INFO] [BiharFloodAuto] --- Loop #156 complete ---
[2026-09-13 01:57:18] [INFO] [BiharFloodAuto] Sleeping for 15 minutes. Next check at 02:12:18. (Use 'Run Now' on the dashboard to skip this.)
[2026-09-13 02:12:18] [INFO] [BiharFloodAuto] --- Loop #157 starting ---
[2026-09-13 02:12:18] [INFO] [BiharFloodAuto] Executing 'git pull' to check for updates...
[2026-09-13 02:12:20] [INFO] [BiharFloodAuto] Repository is already up to date.
[2026-09-13 02:12:20] [INFO] [BiharFloodAuto] [*] Operation is OFF. Skipping Email Fetch and SFTP copy.
[2026-09-13 02:12:25] [INFO] [BiharFloodAuto] Successfully pushed automation.log to Git.
[2026-09-13 02:12:25] [INFO] [BiharFloodAuto] --- Loop #157 complete ---
[2026-09-13 02:12:25] [INFO] [BiharFloodAuto] Sleeping for 15 minutes. Next check at 02:27:25. (Use 'Run Now' on the dashboard to skip this.)
[2026-09-13 02:27:25] [INFO] [BiharFloodAuto] --- Loop #158 starting ---
[2026-09-13 02:27:25] [INFO] [BiharFloodAuto] Executing 'git pull' to check for updates...
[2026-09-13 02:27:29] [INFO] [BiharFloodAuto] Repository is already up to date.
[2026-09-13 02:27:29] [INFO] [BiharFloodAuto] [*] Operation is OFF. Skipping Email Fetch and SFTP copy.
[2026-09-13 02:27:32] [INFO] [BiharFloodAuto] Successfully pushed automation.log to Git.
[2026-09-13 02:27:32] [INFO] [BiharFloodAuto] --- Loop #158 complete ---
[2026-09-13 02:27:32] [INFO] [BiharFloodAuto] Sleeping for 15 minutes. Next check at 02:42:32. (Use 'Run Now' on the dashboard to skip this.)
[2026-09-13 02:42:32] [INFO] [BiharFloodAuto] --- Loop #159 starting ---
[2026-09-13 02:42:32] [INFO] [BiharFloodAuto] Executing 'git pull' to check for updates...
[2026-09-13 02:42:36] [INFO] [BiharFloodAuto] Repository is already up to date.
[2026-09-13 02:42:36] [INFO] [BiharFloodAuto] [*] Operation is OFF. Skipping Email Fetch and SFTP copy.
[2026-09-13 02:42:39] [INFO] [BiharFloodAuto] Successfully pushed automation.log to Git.
[2026-09-13 02:42:39] [INFO] [BiharFloodAuto] --- Loop #159 complete ---
[2026-09-13 02:42:39] [INFO] [BiharFloodAuto] Sleeping for 15 minutes. Next check at 02:57:39. (Use 'Run Now' on the dashboard to skip this.)
[2026-09-13 02:57:39] [INFO] [BiharFloodAuto] --- Loop #160 starting ---
[2026-09-13 02:57:39] [INFO] [BiharFloodAuto] Executing 'git pull' to check for updates...
[2026-09-13 02:57:43] [INFO] [BiharFloodAuto] Repository is already up to date.
[2026-09-13 02:57:43] [INFO] [BiharFloodAuto] [*] Operation is OFF. Skipping Email Fetch and SFTP copy.
[2026-09-13 02:57:46] [INFO] [BiharFloodAuto] Successfully pushed automation.log to Git.
[2026-09-13 02:57:46] [INFO] [BiharFloodAuto] --- Loop #160 complete ---
[2026-09-13 02:57:46] [INFO] [BiharFloodAuto] Sleeping for 15 minutes. Next check at 03:12:46. (Use 'Run Now' on the dashboard to skip this.)
[2026-09-13 03:12:46] [INFO] [BiharFloodAuto] --- Loop #161 starting ---
[2026-09-13 03:12:46] [INFO] [BiharFloodAuto] Executing 'git pull' to check for updates...
[2026-09-13 03:12:49] [INFO] [BiharFloodAuto] Repository is already up to date.
[2026-09-13 03:12:49] [INFO] [BiharFloodAuto] [*] Operation is OFF. Skipping Email Fetch and SFTP copy.
[2026-09-13 03:12:52] [INFO] [BiharFloodAuto] Successfully pushed automation.log to Git.
[2026-09-13 03:12:52] [INFO] [BiharFloodAuto] --- Loop #161 complete ---
[2026-09-13 03:12:52] [INFO] [BiharFloodAuto] Sleeping for 15 minutes. Next check at 03:27:52. (Use 'Run Now' on the dashboard to skip this.)
[2026-09-13 03:27:52] [INFO] [BiharFloodAuto] --- Loop #162 starting ---
[2026-09-13 03:27:52] [INFO] [BiharFloodAuto] Executing 'git pull' to check for updates...
[2026-09-13 03:27:59] [INFO] [BiharFloodAuto] Repository is already up to date.
[2026-09-13 03:27:59] [INFO] [BiharFloodAuto] [*] Operation is OFF. Skipping Email Fetch and SFTP copy.
[2026-09-13 03:28:03] [INFO] [BiharFloodAuto] Successfully pushed automation.log to Git.
[2026-09-13 03:28:03] [INFO] [BiharFloodAuto] --- Loop #162 complete ---
[2026-09-13 03:28:03] [INFO] [BiharFloodAuto] Sleeping for 15 minutes. Next check at 03:43:03. (Use 'Run Now' on the dashboard to skip this.)
[2026-09-13 03:43:03] [INFO] [BiharFloodAuto] --- Loop #163 starting ---
[2026-09-13 03:43:03] [INFO] [BiharFloodAuto] Executing 'git pull' to check for updates...
[2026-09-13 03:43:05] [INFO] [BiharFloodAuto] Repository is already up to date.
[2026-09-13 03:43:05] [INFO] [BiharFloodAuto] [*] Operation is OFF. Skipping Email Fetch and SFTP copy.
[2026-09-13 03:43:08] [INFO] [BiharFloodAuto] Successfully pushed automation.log to Git.
[2026-09-13 03:43:08] [INFO] [BiharFloodAuto] --- Loop #163 complete ---
[2026-09-13 03:43:08] [INFO] [BiharFloodAuto] Sleeping for 15 minutes. Next check at 03:58:08. (Use 'Run Now' on the dashboard to skip this.)
[2026-09-13 03:58:08] [INFO] [BiharFloodAuto] --- Loop #164 starting ---
[2026-09-13 03:58:08] [INFO] [BiharFloodAuto] Executing 'git pull' to check for updates...
[2026-09-13 03:58:10] [INFO] [BiharFloodAuto] Repository is already up to date.
[2026-09-13 03:58:10] [INFO] [BiharFloodAuto] [*] Operation is OFF. Skipping Email Fetch and SFTP copy.
[2026-09-13 03:58:13] [INFO] [BiharFloodAuto] Successfully pushed automation.log to Git.
[2026-09-13 03:58:13] [INFO] [BiharFloodAuto] --- Loop #164 complete ---
[2026-09-13 03:58:13] [INFO] [BiharFloodAuto] Sleeping for 15 minutes. Next check at 04:13:13. (Use 'Run Now' on the dashboard to skip this.)
[2026-09-13 04:13:13] [INFO] [BiharFloodAuto] --- Loop #165 starting ---
[2026-09-13 04:13:13] [INFO] [BiharFloodAuto] Executing 'git pull' to check for updates...
[2026-09-13 04:13:18] [INFO] [BiharFloodAuto] Repository is already up to date.
[2026-09-13 04:13:18] [INFO] [BiharFloodAuto] [*] Operation is OFF. Skipping Email Fetch and SFTP copy.
[2026-09-13 04:13:20] [INFO] [BiharFloodAuto] Successfully pushed automation.log to Git.
[2026-09-13 04:13:20] [INFO] [BiharFloodAuto] --- Loop #165 complete ---
[2026-09-13 04:13:20] [INFO] [BiharFloodAuto] Sleeping for 15 minutes. Next check at 04:28:20. (Use 'Run Now' on the dashboard to skip this.)
[2026-09-13 04:28:21] [INFO] [BiharFloodAuto] --- Loop #166 starting ---
[2026-09-13 04:28:21] [INFO] [BiharFloodAuto] Executing 'git pull' to check for updates...
[2026-09-13 04:28:23] [INFO] [BiharFloodAuto] Repository is already up to date.
[2026-09-13 04:28:23] [INFO] [BiharFloodAuto] [*] Operation is OFF. Skipping Email Fetch and SFTP copy.
[2026-09-13 04:28:26] [INFO] [BiharFloodAuto] Successfully pushed automation.log to Git.
[2026-09-13 04:28:26] [INFO] [BiharFloodAuto] --- Loop #166 complete ---
[2026-09-13 04:28:26] [INFO] [BiharFloodAuto] Sleeping for 15 minutes. Next check at 04:43:26. (Use 'Run Now' on the dashboard to skip this.)
[2026-09-13 04:43:26] [INFO] [BiharFloodAuto] --- Loop #167 starting ---
[2026-09-13 04:43:26] [INFO] [BiharFloodAuto] Executing 'git pull' to check for updates...
[2026-09-13 04:43:29] [INFO] [BiharFloodAuto] Repository is already up to date.
[2026-09-13 04:43:29] [INFO] [BiharFloodAuto] [*] Operation is OFF. Skipping Email Fetch and SFTP copy.
[2026-09-13 04:43:32] [INFO] [BiharFloodAuto] Successfully pushed automation.log to Git.
[2026-09-13 04:43:32] [INFO] [BiharFloodAuto] --- Loop #167 complete ---
[2026-09-13 04:43:32] [INFO] [BiharFloodAuto] Sleeping for 15 minutes. Next check at 04:58:32. (Use 'Run Now' on the dashboard to skip this.)
[2026-09-13 04:58:32] [INFO] [BiharFloodAuto] --- Loop #168 starting ---
[2026-09-13 04:58:32] [INFO] [BiharFloodAuto] Executing 'git pull' to check for updates...
[2026-09-13 04:58:34] [INFO] [BiharFloodAuto] Repository is already up to date.
[2026-09-13 04:58:34] [INFO] [BiharFloodAuto] [*] Operation is OFF. Skipping Email Fetch and SFTP copy.
[2026-09-13 04:58:38] [INFO] [BiharFloodAuto] Successfully pushed automation.log to Git.
[2026-09-13 04:58:38] [INFO] [BiharFloodAuto] --- Loop #168 complete ---
[2026-09-13 04:58:38] [INFO] [BiharFloodAuto] Sleeping for 15 minutes. Next check at 05:13:38. (Use 'Run Now' on the dashboard to skip this.)
[2026-09-13 05:13:38] [INFO] [BiharFloodAuto] --- Loop #169 starting ---
[2026-09-13 05:13:38] [INFO] [BiharFloodAuto] Executing 'git pull' to check for updates...
[2026-09-13 05:13:40] [INFO] [BiharFloodAuto] Repository is already up to date.
[2026-09-13 05:13:40] [INFO] [BiharFloodAuto] [*] Operation is OFF. Skipping Email Fetch and SFTP copy.
[2026-09-13 05:13:43] [INFO] [BiharFloodAuto] Successfully pushed automation.log to Git.
[2026-09-13 05:13:43] [INFO] [BiharFloodAuto] --- Loop #169 complete ---
[2026-09-13 05:13:43] [INFO] [BiharFloodAuto] Sleeping for 15 minutes. Next check at 05:28:43. (Use 'Run Now' on the dashboard to skip this.)
[2026-09-13 05:28:43] [INFO] [BiharFloodAuto] --- Loop #170 starting ---
[2026-09-13 05:28:43] [INFO] [BiharFloodAuto] Executing 'git pull' to check for updates...
[2026-09-13 05:28:47] [INFO] [BiharFloodAuto] Repository is already up to date.
[2026-09-13 05:28:47] [INFO] [BiharFloodAuto] [*] Operation is OFF. Skipping Email Fetch and SFTP copy.
[2026-09-13 05:28:50] [INFO] [BiharFloodAuto] Successfully pushed automation.log to Git.
[2026-09-13 05:28:50] [INFO] [BiharFloodAuto] --- Loop #170 complete ---
[2026-09-13 05:28:50] [INFO] [BiharFloodAuto] Sleeping for 15 minutes. Next check at 05:43:50. (Use 'Run Now' on the dashboard to skip this.)
[2026-09-13 05:43:50] [INFO] [BiharFloodAuto] --- Loop #171 starting ---
[2026-09-13 05:43:50] [INFO] [BiharFloodAuto] Executing 'git pull' to check for updates...
[2026-09-13 05:43:53] [INFO] [BiharFloodAuto] Repository is already up to date.
[2026-09-13 05:43:53] [INFO] [BiharFloodAuto] [*] Operation is OFF. Skipping Email Fetch and SFTP copy.
[2026-09-13 05:43:56] [INFO] [BiharFloodAuto] Successfully pushed automation.log to Git.
[2026-09-13 05:43:56] [INFO] [BiharFloodAuto] --- Loop #171 complete ---
[2026-09-13 05:43:56] [INFO] [BiharFloodAuto] Sleeping for 15 minutes. Next check at 05:58:56. (Use 'Run Now' on the dashboard to skip this.)
[2026-09-13 05:58:56] [INFO] [BiharFloodAuto] --- Loop #172 starting ---
[2026-09-13 05:58:56] [INFO] [BiharFloodAuto] Executing 'git pull' to check for updates...
[2026-09-13 05:58:58] [INFO] [BiharFloodAuto] Repository is already up to date.
[2026-09-13 05:58:58] [INFO] [BiharFloodAuto] [*] Operation is OFF. Skipping Email Fetch and SFTP copy.
[2026-09-13 05:59:02] [INFO] [BiharFloodAuto] Successfully pushed automation.log to Git.
[2026-09-13 05:59:02] [INFO] [BiharFloodAuto] --- Loop #172 complete ---
[2026-09-13 05:59:02] [INFO] [BiharFloodAuto] Sleeping for 15 minutes. Next check at 06:14:02. (Use 'Run Now' on the dashboard to skip this.)
[2026-09-13 06:14:02] [INFO] [BiharFloodAuto] --- Loop #173 starting ---
[2026-09-13 06:14:02] [INFO] [BiharFloodAuto] Executing 'git pull' to check for updates...
[2026-09-13 06:14:04] [INFO] [BiharFloodAuto] Repository is already up to date.
[2026-09-13 06:14:04] [INFO] [BiharFloodAuto] [*] Operation is OFF. Skipping Email Fetch and SFTP copy.
[2026-09-13 06:14:07] [INFO] [BiharFloodAuto] Successfully pushed automation.log to Git.
[2026-09-13 06:14:07] [INFO] [BiharFloodAuto] --- Loop #173 complete ---
[2026-09-13 06:14:07] [INFO] [BiharFloodAuto] Sleeping for 15 minutes. Next check at 06:29:07. (Use 'Run Now' on the dashboard to skip this.)
[2026-09-13 06:29:07] [INFO] [BiharFloodAuto] --- Loop #174 starting ---
[2026-09-13 06:29:07] [INFO] [BiharFloodAuto] Executing 'git pull' to check for updates...
[2026-09-13 06:29:09] [INFO] [BiharFloodAuto] Repository is already up to date.
[2026-09-13 06:29:09] [INFO] [BiharFloodAuto] [*] Operation is OFF. Skipping Email Fetch and SFTP copy.
[2026-09-13 06:29:12] [INFO] [BiharFloodAuto] Successfully pushed automation.log to Git.
[2026-09-13 06:29:12] [INFO] [BiharFloodAuto] --- Loop #174 complete ---
[2026-09-13 06:29:12] [INFO] [BiharFloodAuto] Sleeping for 15 minutes. Next check at 06:44:12. (Use 'Run Now' on the dashboard to skip this.)
[2026-09-13 06:44:12] [INFO] [BiharFloodAuto] --- Loop #175 starting ---
[2026-09-13 06:44:12] [INFO] [BiharFloodAuto] Executing 'git pull' to check for updates...
[2026-09-13 06:44:15] [INFO] [BiharFloodAuto] Repository is already up to date.
[2026-09-13 06:44:15] [INFO] [BiharFloodAuto] [*] Operation is OFF. Skipping Email Fetch and SFTP copy.
[2026-09-13 06:44:18] [INFO] [BiharFloodAuto] Successfully pushed automation.log to Git.
[2026-09-13 06:44:18] [INFO] [BiharFloodAuto] --- Loop #175 complete ---
[2026-09-13 06:44:18] [INFO] [BiharFloodAuto] Sleeping for 15 minutes. Next check at 06:59:18. (Use 'Run Now' on the dashboard to skip this.)
[2026-09-13 06:59:18] [INFO] [BiharFloodAuto] --- Loop #176 starting ---
[2026-09-13 06:59:18] [INFO] [BiharFloodAuto] Executing 'git pull' to check for updates...
[2026-09-13 06:59:20] [INFO] [BiharFloodAuto] Repository is already up to date.
[2026-09-13 06:59:20] [INFO] [BiharFloodAuto] [*] Operation is OFF. Skipping Email Fetch and SFTP copy.
[2026-09-13 06:59:23] [INFO] [BiharFloodAuto] Successfully pushed automation.log to Git.
[2026-09-13 06:59:23] [INFO] [BiharFloodAuto] --- Loop #176 complete ---
[2026-09-13 06:59:23] [INFO] [BiharFloodAuto] Sleeping for 15 minutes. Next check at 07:14:23. (Use 'Run Now' on the dashboard to skip this.)
[2026-09-13 07:14:23] [INFO] [BiharFloodAuto] --- Loop #177 starting ---
[2026-09-13 07:14:23] [INFO] [BiharFloodAuto] Executing 'git pull' to check for updates...
[2026-09-13 07:14:25] [INFO] [BiharFloodAuto] Repository is already up to date.
[2026-09-13 07:14:25] [INFO] [BiharFloodAuto] [*] Operation is OFF. Skipping Email Fetch and SFTP copy.
[2026-09-13 07:14:28] [INFO] [BiharFloodAuto] Successfully pushed automation.log to Git.
[2026-09-13 07:14:28] [INFO] [BiharFloodAuto] --- Loop #177 complete ---
[2026-09-13 07:14:28] [INFO] [BiharFloodAuto] Sleeping for 15 minutes. Next check at 07:29:28. (Use 'Run Now' on the dashboard to skip this.)
[2026-09-13 07:29:28] [INFO] [BiharFloodAuto] --- Loop #178 starting ---
[2026-09-13 07:29:28] [INFO] [BiharFloodAuto] Executing 'git pull' to check for updates...
[2026-09-13 07:29:31] [INFO] [BiharFloodAuto] Repository is already up to date.
[2026-09-13 07:29:31] [INFO] [BiharFloodAuto] [*] Operation is OFF. Skipping Email Fetch and SFTP copy.
[2026-09-13 07:29:34] [INFO] [BiharFloodAuto] Successfully pushed automation.log to Git.
[2026-09-13 07:29:34] [INFO] [BiharFloodAuto] --- Loop #178 complete ---
[2026-09-13 07:29:34] [INFO] [BiharFloodAuto] Sleeping for 15 minutes. Next check at 07:44:34. (Use 'Run Now' on the dashboard to skip this.)
[2026-09-13 07:44:34] [INFO] [BiharFloodAuto] --- Loop #179 starting ---
[2026-09-13 07:44:34] [INFO] [BiharFloodAuto] Executing 'git pull' to check for updates...
[2026-09-13 07:44:36] [INFO] [BiharFloodAuto] Repository is already up to date.
[2026-09-13 07:44:36] [INFO] [BiharFloodAuto] [*] Operation is OFF. Skipping Email Fetch and SFTP copy.
[2026-09-13 07:44:39] [INFO] [BiharFloodAuto] Successfully pushed automation.log to Git.
[2026-09-13 07:44:39] [INFO] [BiharFloodAuto] --- Loop #179 complete ---
[2026-09-13 07:44:39] [INFO] [BiharFloodAuto] Sleeping for 15 minutes. Next check at 07:59:39. (Use 'Run Now' on the dashboard to skip this.)
[2026-09-13 07:59:39] [INFO] [BiharFloodAuto] --- Loop #180 starting ---
[2026-09-13 07:59:39] [INFO] [BiharFloodAuto] Executing 'git pull' to check for updates...
[2026-09-13 07:59:41] [INFO] [BiharFloodAuto] Repository is already up to date.
[2026-09-13 07:59:41] [INFO] [BiharFloodAuto] [*] Operation is OFF. Skipping Email Fetch and SFTP copy.
[2026-09-13 07:59:44] [INFO] [BiharFloodAuto] Successfully pushed automation.log to Git.
[2026-09-13 07:59:44] [INFO] [BiharFloodAuto] --- Loop #180 complete ---
[2026-09-13 07:59:44] [INFO] [BiharFloodAuto] Sleeping for 15 minutes. Next check at 08:14:44. (Use 'Run Now' on the dashboard to skip this.)
[2026-09-13 08:14:45] [INFO] [BiharFloodAuto] --- Loop #181 starting ---
[2026-09-13 08:14:45] [INFO] [BiharFloodAuto] Executing 'git pull' to check for updates...
[2026-09-13 08:14:47] [INFO] [BiharFloodAuto] Repository is already up to date.
[2026-09-13 08:14:47] [INFO] [BiharFloodAuto] [*] Operation is OFF. Skipping Email Fetch and SFTP copy.
[2026-09-13 08:14:50] [INFO] [BiharFloodAuto] Successfully pushed automation.log to Git.
[2026-09-13 08:14:50] [INFO] [BiharFloodAuto] --- Loop #181 complete ---
[2026-09-13 08:14:50] [INFO] [BiharFloodAuto] Sleeping for 15 minutes. Next check at 08:29:50. (Use 'Run Now' on the dashboard to skip this.)
[2026-09-13 08:29:50] [INFO] [BiharFloodAuto] --- Loop #182 starting ---
[2026-09-13 08:29:50] [INFO] [BiharFloodAuto] Executing 'git pull' to check for updates...
[2026-09-13 08:29:52] [INFO] [BiharFloodAuto] Repository is already up to date.
[2026-09-13 08:29:52] [INFO] [BiharFloodAuto] [*] Operation is OFF. Skipping Email Fetch and SFTP copy.
[2026-09-13 08:29:55] [INFO] [BiharFloodAuto] Successfully pushed automation.log to Git.
[2026-09-13 08:29:55] [INFO] [BiharFloodAuto] --- Loop #182 complete ---
[2026-09-13 08:29:55] [INFO] [BiharFloodAuto] Sleeping for 15 minutes. Next check at 08:44:55. (Use 'Run Now' on the dashboard to skip this.)
[2026-09-13 08:44:55] [INFO] [BiharFloodAuto] --- Loop #183 starting ---
[2026-09-13 08:44:55] [INFO] [BiharFloodAuto] Executing 'git pull' to check for updates...
[2026-09-13 08:44:58] [INFO] [BiharFloodAuto] Repository is already up to date.
[2026-09-13 08:44:58] [INFO] [BiharFloodAuto] [*] Operation is OFF. Skipping Email Fetch and SFTP copy.
[2026-09-13 08:45:01] [INFO] [BiharFloodAuto] Successfully pushed automation.log to Git.
[2026-09-13 08:45:01] [INFO] [BiharFloodAuto] --- Loop #183 complete ---
[2026-09-13 08:45:01] [INFO] [BiharFloodAuto] Sleeping for 15 minutes. Next check at 09:00:01. (Use 'Run Now' on the dashboard to skip this.)
[2026-09-13 09:00:01] [INFO] [BiharFloodAuto] --- Loop #184 starting ---
[2026-09-13 09:00:01] [INFO] [BiharFloodAuto] Executing 'git pull' to check for updates...
[2026-09-13 09:00:04] [INFO] [BiharFloodAuto] Repository is already up to date.
[2026-09-13 09:00:04] [INFO] [BiharFloodAuto] [*] Operation is OFF. Skipping Email Fetch and SFTP copy.
[2026-09-13 09:00:08] [INFO] [BiharFloodAuto] Successfully pushed automation.log to Git.
[2026-09-13 09:00:08] [INFO] [BiharFloodAuto] --- Loop #184 complete ---
[2026-09-13 09:00:08] [INFO] [BiharFloodAuto] Sleeping for 15 minutes. Next check at 09:15:08. (Use 'Run Now' on the dashboard to skip this.)
[2026-09-13 09:15:08] [INFO] [BiharFloodAuto] --- Loop #185 starting ---
[2026-09-13 09:15:08] [INFO] [BiharFloodAuto] Executing 'git pull' to check for updates...
[2026-09-13 09:15:10] [INFO] [BiharFloodAuto] Repository is already up to date.
[2026-09-13 09:15:10] [INFO] [BiharFloodAuto] [*] Operation is OFF. Skipping Email Fetch and SFTP copy.
[2026-09-13 09:15:13] [INFO] [BiharFloodAuto] Successfully pushed automation.log to Git.
[2026-09-13 09:15:13] [INFO] [BiharFloodAuto] --- Loop #185 complete ---
[2026-09-13 09:15:13] [INFO] [BiharFloodAuto] Sleeping for 15 minutes. Next check at 09:30:13. (Use 'Run Now' on the dashboard to skip this.)
[2026-09-13 09:30:13] [INFO] [BiharFloodAuto] --- Loop #186 starting ---
[2026-09-13 09:30:13] [INFO] [BiharFloodAuto] Executing 'git pull' to check for updates...
[2026-09-13 09:30:16] [INFO] [BiharFloodAuto] Repository is already up to date.
[2026-09-13 09:30:16] [INFO] [BiharFloodAuto] [*] Operation is OFF. Skipping Email Fetch and SFTP copy.
[2026-09-13 09:30:19] [INFO] [BiharFloodAuto] Successfully pushed automation.log to Git.
[2026-09-13 09:30:19] [INFO] [BiharFloodAuto] --- Loop #186 complete ---
[2026-09-13 09:30:19] [INFO] [BiharFloodAuto] Sleeping for 15 minutes. Next check at 09:45:19. (Use 'Run Now' on the dashboard to skip this.)
[2026-09-13 09:45:19] [INFO] [BiharFloodAuto] --- Loop #187 starting ---
[2026-09-13 09:45:19] [INFO] [BiharFloodAuto] Executing 'git pull' to check for updates...
[2026-09-13 09:45:21] [INFO] [BiharFloodAuto] Repository is already up to date.
[2026-09-13 09:45:21] [INFO] [BiharFloodAuto] [*] Operation is OFF. Skipping Email Fetch and SFTP copy.
[2026-09-13 09:45:24] [INFO] [BiharFloodAuto] Successfully pushed automation.log to Git.
[2026-09-13 09:45:24] [INFO] [BiharFloodAuto] --- Loop #187 complete ---
[2026-09-13 09:45:24] [INFO] [BiharFloodAuto] Sleeping for 15 minutes. Next check at 10:00:24. (Use 'Run Now' on the dashboard to skip this.)
[2026-09-13 10:00:24] [INFO] [BiharFloodAuto] --- Loop #188 starting ---
[2026-09-13 10:00:24] [INFO] [BiharFloodAuto] Executing 'git pull' to check for updates...
[2026-09-13 10:00:27] [INFO] [BiharFloodAuto] Repository is already up to date.
[2026-09-13 10:00:27] [INFO] [BiharFloodAuto] [*] Operation is OFF. Skipping Email Fetch and SFTP copy.
[2026-09-13 10:00:30] [INFO] [BiharFloodAuto] Successfully pushed automation.log to Git.
[2026-09-13 10:00:30] [INFO] [BiharFloodAuto] --- Loop #188 complete ---
[2026-09-13 10:00:30] [INFO] [BiharFloodAuto] Sleeping for 15 minutes. Next check at 10:15:30. (Use 'Run Now' on the dashboard to skip this.)
[2026-09-13 10:15:30] [INFO] [BiharFloodAuto] --- Loop #189 starting ---
[2026-09-13 10:15:30] [INFO] [BiharFloodAuto] Executing 'git pull' to check for updates...
[2026-09-13 10:15:33] [INFO] [BiharFloodAuto] Repository is already up to date.
[2026-09-13 10:15:33] [INFO] [BiharFloodAuto] [*] Operation is OFF. Skipping Email Fetch and SFTP copy.
[2026-09-13 10:15:36] [INFO] [BiharFloodAuto] Successfully pushed automation.log to Git.
[2026-09-13 10:15:36] [INFO] [BiharFloodAuto] --- Loop #189 complete ---
[2026-09-13 10:15:36] [INFO] [BiharFloodAuto] Sleeping for 15 minutes. Next check at 10:30:36. (Use 'Run Now' on the dashboard to skip this.)
[2026-09-13 10:30:36] [INFO] [BiharFloodAuto] --- Loop #190 starting ---
[2026-09-13 10:30:36] [INFO] [BiharFloodAuto] Executing 'git pull' to check for updates...
[2026-09-13 10:30:38] [INFO] [BiharFloodAuto] Repository is already up to date.
[2026-09-13 10:30:38] [INFO] [BiharFloodAuto] [*] Operation is OFF. Skipping Email Fetch and SFTP copy.
[2026-09-13 10:30:41] [INFO] [BiharFloodAuto] Successfully pushed automation.log to Git.
[2026-09-13 10:30:41] [INFO] [BiharFloodAuto] --- Loop #190 complete ---
[2026-09-13 10:30:41] [INFO] [BiharFloodAuto] Sleeping for 15 minutes. Next check at 10:45:41. (Use 'Run Now' on the dashboard to skip this.)
[2026-09-13 10:45:41] [INFO] [BiharFloodAuto] --- Loop #191 starting ---
[2026-09-13 10:45:41] [INFO] [BiharFloodAuto] Executing 'git pull' to check for updates...
[2026-09-13 10:45:43] [INFO] [BiharFloodAuto] Repository is already up to date.
[2026-09-13 10:45:44] [INFO] [BiharFloodAuto] [*] Operation is OFF. Skipping Email Fetch and SFTP copy.
[2026-09-13 10:45:46] [INFO] [BiharFloodAuto] Successfully pushed automation.log to Git.
[2026-09-13 10:45:46] [INFO] [BiharFloodAuto] --- Loop #191 complete ---
[2026-09-13 10:45:46] [INFO] [BiharFloodAuto] Sleeping for 15 minutes. Next check at 11:00:46. (Use 'Run Now' on the dashboard to skip this.)
[2026-09-13 11:00:46] [INFO] [BiharFloodAuto] --- Loop #192 starting ---
[2026-09-13 11:00:46] [INFO] [BiharFloodAuto] Executing 'git pull' to check for updates...
[2026-09-13 11:00:49] [INFO] [BiharFloodAuto] Repository is already up to date.
[2026-09-13 11:00:49] [INFO] [BiharFloodAuto] [*] Operation is OFF. Skipping Email Fetch and SFTP copy.
[2026-09-13 11:00:52] [INFO] [BiharFloodAuto] Successfully pushed automation.log to Git.
[2026-09-13 11:00:52] [INFO] [BiharFloodAuto] --- Loop #192 complete ---
[2026-09-13 11:00:52] [INFO] [BiharFloodAuto] Sleeping for 15 minutes. Next check at 11:15:52. (Use 'Run Now' on the dashboard to skip this.)
[2026-09-13 11:15:52] [INFO] [BiharFloodAuto] --- Loop #193 starting ---
[2026-09-13 11:15:52] [INFO] [BiharFloodAuto] Executing 'git pull' to check for updates...
[2026-09-13 11:15:54] [INFO] [BiharFloodAuto] Repository is already up to date.
[2026-09-13 11:15:54] [INFO] [BiharFloodAuto] [*] Operation is OFF. Skipping Email Fetch and SFTP copy.
[2026-09-13 11:15:57] [INFO] [BiharFloodAuto] Successfully pushed automation.log to Git.
[2026-09-13 11:15:57] [INFO] [BiharFloodAuto] --- Loop #193 complete ---
[2026-09-13 11:15:57] [INFO] [BiharFloodAuto] Sleeping for 15 minutes. Next check at 11:30:57. (Use 'Run Now' on the dashboard to skip this.)
[2026-09-13 11:30:57] [INFO] [BiharFloodAuto] --- Loop #194 starting ---
[2026-09-13 11:30:57] [INFO] [BiharFloodAuto] Executing 'git pull' to check for updates...
[2026-09-13 11:30:59] [INFO] [BiharFloodAuto] Repository is already up to date.
[2026-09-13 11:31:00] [INFO] [BiharFloodAuto] [*] Operation is OFF. Skipping Email Fetch and SFTP copy.
[2026-09-13 11:31:02] [INFO] [BiharFloodAuto] Successfully pushed automation.log to Git.
[2026-09-13 11:31:02] [INFO] [BiharFloodAuto] --- Loop #194 complete ---
[2026-09-13 11:31:02] [INFO] [BiharFloodAuto] Sleeping for 15 minutes. Next check at 11:46:02. (Use 'Run Now' on the dashboard to skip this.)
[2026-09-13 11:46:02] [INFO] [BiharFloodAuto] --- Loop #195 starting ---
[2026-09-13 11:46:02] [INFO] [BiharFloodAuto] Executing 'git pull' to check for updates...
[2026-09-13 11:46:05] [INFO] [BiharFloodAuto] Repository is already up to date.
[2026-09-13 11:46:05] [INFO] [BiharFloodAuto] [*] Operation is OFF. Skipping Email Fetch and SFTP copy.
[2026-09-13 11:46:08] [INFO] [BiharFloodAuto] Successfully pushed automation.log to Git.
[2026-09-13 11:46:08] [INFO] [BiharFloodAuto] --- Loop #195 complete ---
[2026-09-13 11:46:08] [INFO] [BiharFloodAuto] Sleeping for 15 minutes. Next check at 12:01:08. (Use 'Run Now' on the dashboard to skip this.)
[2026-09-13 12:01:08] [INFO] [BiharFloodAuto] --- Loop #196 starting ---
[2026-09-13 12:01:08] [INFO] [BiharFloodAuto] Executing 'git pull' to check for updates...
[2026-09-13 12:01:10] [INFO] [BiharFloodAuto] Repository is already up to date.
[2026-09-13 12:01:10] [INFO] [BiharFloodAuto] [*] Operation is OFF. Skipping Email Fetch and SFTP copy.
[2026-09-13 12:01:13] [INFO] [BiharFloodAuto] Successfully pushed automation.log to Git.
[2026-09-13 12:01:13] [INFO] [BiharFloodAuto] --- Loop #196 complete ---
[2026-09-13 12:01:13] [INFO] [BiharFloodAuto] Sleeping for 15 minutes. Next check at 12:16:13. (Use 'Run Now' on the dashboard to skip this.)
[2026-09-13 12:16:13] [INFO] [BiharFloodAuto] --- Loop #197 starting ---
[2026-09-13 12:16:13] [INFO] [BiharFloodAuto] Executing 'git pull' to check for updates...
[2026-09-13 12:16:16] [INFO] [BiharFloodAuto] Repository is already up to date.
[2026-09-13 12:16:16] [INFO] [BiharFloodAuto] [*] Operation is OFF. Skipping Email Fetch and SFTP copy.
[2026-09-13 12:16:19] [INFO] [BiharFloodAuto] Successfully pushed automation.log to Git.
[2026-09-13 12:16:19] [INFO] [BiharFloodAuto] --- Loop #197 complete ---
[2026-09-13 12:16:19] [INFO] [BiharFloodAuto] Sleeping for 15 minutes. Next check at 12:31:19. (Use 'Run Now' on the dashboard to skip this.)
[2026-09-13 12:31:19] [INFO] [BiharFloodAuto] --- Loop #198 starting ---
[2026-09-13 12:31:19] [INFO] [BiharFloodAuto] Executing 'git pull' to check for updates...
[2026-09-13 12:31:21] [INFO] [BiharFloodAuto] Repository is already up to date.
[2026-09-13 12:31:21] [INFO] [BiharFloodAuto] [*] Operation is OFF. Skipping Email Fetch and SFTP copy.
[2026-09-13 12:31:24] [INFO] [BiharFloodAuto] Successfully pushed automation.log to Git.
[2026-09-13 12:31:24] [INFO] [BiharFloodAuto] --- Loop #198 complete ---
[2026-09-13 12:31:24] [INFO] [BiharFloodAuto] Sleeping for 15 minutes. Next check at 12:46:24. (Use 'Run Now' on the dashboard to skip this.)
[2026-09-13 12:46:24] [INFO] [BiharFloodAuto] --- Loop #199 starting ---
[2026-09-13 12:46:24] [INFO] [BiharFloodAuto] Executing 'git pull' to check for updates...
[2026-09-13 12:46:27] [INFO] [BiharFloodAuto] Repository is already up to date.
[2026-09-13 12:46:27] [INFO] [BiharFloodAuto] [*] Operation is OFF. Skipping Email Fetch and SFTP copy.
[2026-09-13 12:46:30] [INFO] [BiharFloodAuto] Successfully pushed automation.log to Git.
[2026-09-13 12:46:30] [INFO] [BiharFloodAuto] --- Loop #199 complete ---
[2026-09-13 12:46:30] [INFO] [BiharFloodAuto] Sleeping for 15 minutes. Next check at 13:01:30. (Use 'Run Now' on the dashboard to skip this.)
[2026-09-13 13:01:30] [INFO] [BiharFloodAuto] --- Loop #200 starting ---
[2026-09-13 13:01:30] [INFO] [BiharFloodAuto] Executing 'git pull' to check for updates...
[2026-09-13 13:01:32] [INFO] [BiharFloodAuto] Repository is already up to date.
[2026-09-13 13:01:32] [INFO] [BiharFloodAuto] [*] Operation is OFF. Skipping Email Fetch and SFTP copy.
[2026-09-13 13:01:35] [INFO] [BiharFloodAuto] Successfully pushed automation.log to Git.
[2026-09-13 13:01:35] [INFO] [BiharFloodAuto] --- Loop #200 complete ---
[2026-09-13 13:01:35] [INFO] [BiharFloodAuto] Sleeping for 15 minutes. Next check at 13:16:35. (Use 'Run Now' on the dashboard to skip this.)
[2026-09-13 13:16:35] [INFO] [BiharFloodAuto] --- Loop #201 starting ---
[2026-09-13 13:16:35] [INFO] [BiharFloodAuto] Executing 'git pull' to check for updates...
[2026-09-13 13:16:37] [INFO] [BiharFloodAuto] Repository is already up to date.
[2026-09-13 13:16:38] [INFO] [BiharFloodAuto] [*] Operation is OFF. Skipping Email Fetch and SFTP copy.
[2026-09-13 13:16:40] [INFO] [BiharFloodAuto] Successfully pushed automation.log to Git.
[2026-09-13 13:16:40] [INFO] [BiharFloodAuto] --- Loop #201 complete ---
[2026-09-13 13:16:40] [INFO] [BiharFloodAuto] Sleeping for 15 minutes. Next check at 13:31:40. (Use 'Run Now' on the dashboard to skip this.)
[2026-09-13 13:31:40] [INFO] [BiharFloodAuto] --- Loop #202 starting ---
[2026-09-13 13:31:40] [INFO] [BiharFloodAuto] Executing 'git pull' to check for updates...
[2026-09-13 13:31:43] [INFO] [BiharFloodAuto] Repository is already up to date.
[2026-09-13 13:31:43] [INFO] [BiharFloodAuto] [*] Operation is OFF. Skipping Email Fetch and SFTP copy.
[2026-09-13 13:31:46] [INFO] [BiharFloodAuto] Successfully pushed automation.log to Git.
[2026-09-13 13:31:46] [INFO] [BiharFloodAuto] --- Loop #202 complete ---
[2026-09-13 13:31:46] [INFO] [BiharFloodAuto] Sleeping for 15 minutes. Next check at 13:46:46. (Use 'Run Now' on the dashboard to skip this.)
[2026-09-13 13:46:46] [INFO] [BiharFloodAuto] --- Loop #203 starting ---
[2026-09-13 13:46:46] [INFO] [BiharFloodAuto] Executing 'git pull' to check for updates...
[2026-09-13 13:46:49] [INFO] [BiharFloodAuto] Repository is already up to date.
[2026-09-13 13:46:49] [INFO] [BiharFloodAuto] [*] Operation is OFF. Skipping Email Fetch and SFTP copy.
[2026-09-13 13:46:52] [INFO] [BiharFloodAuto] Successfully pushed automation.log to Git.
[2026-09-13 13:46:52] [INFO] [BiharFloodAuto] --- Loop #203 complete ---
[2026-09-13 13:46:52] [INFO] [BiharFloodAuto] Sleeping for 15 minutes. Next check at 14:01:52. (Use 'Run Now' on the dashboard to skip this.)
[2026-09-13 14:01:52] [INFO] [BiharFloodAuto] --- Loop #204 starting ---
[2026-09-13 14:01:52] [INFO] [BiharFloodAuto] Executing 'git pull' to check for updates...
[2026-09-13 14:01:54] [INFO] [BiharFloodAuto] Repository is already up to date.
[2026-09-13 14:01:54] [INFO] [BiharFloodAuto] [*] Operation is OFF. Skipping Email Fetch and SFTP copy.
[2026-09-13 14:01:57] [INFO] [BiharFloodAuto] Successfully pushed automation.log to Git.
[2026-09-13 14:01:57] [INFO] [BiharFloodAuto] --- Loop #204 complete ---
[2026-09-13 14:01:57] [INFO] [BiharFloodAuto] Sleeping for 15 minutes. Next check at 14:16:57. (Use 'Run Now' on the dashboard to skip this.)
[2026-09-13 14:16:57] [INFO] [BiharFloodAuto] --- Loop #205 starting ---
[2026-09-13 14:16:57] [INFO] [BiharFloodAuto] Executing 'git pull' to check for updates...
[2026-09-13 14:16:59] [INFO] [BiharFloodAuto] Repository is already up to date.
[2026-09-13 14:16:59] [INFO] [BiharFloodAuto] [*] Operation is OFF. Skipping Email Fetch and SFTP copy.
[2026-09-13 14:17:02] [INFO] [BiharFloodAuto] Successfully pushed automation.log to Git.
[2026-09-13 14:17:02] [INFO] [BiharFloodAuto] --- Loop #205 complete ---
[2026-09-13 14:17:02] [INFO] [BiharFloodAuto] Sleeping for 15 minutes. Next check at 14:32:02. (Use 'Run Now' on the dashboard to skip this.)
[2026-09-13 14:32:02] [INFO] [BiharFloodAuto] --- Loop #206 starting ---
[2026-09-13 14:32:02] [INFO] [BiharFloodAuto] Executing 'git pull' to check for updates...
[2026-09-13 14:32:05] [INFO] [BiharFloodAuto] Repository is already up to date.
[2026-09-13 14:32:05] [INFO] [BiharFloodAuto] [*] Operation is OFF. Skipping Email Fetch and SFTP copy.
[2026-09-13 14:32:08] [INFO] [BiharFloodAuto] Successfully pushed automation.log to Git.
[2026-09-13 14:32:08] [INFO] [BiharFloodAuto] --- Loop #206 complete ---
[2026-09-13 14:32:08] [INFO] [BiharFloodAuto] Sleeping for 15 minutes. Next check at 14:47:08. (Use 'Run Now' on the dashboard to skip this.)
[2026-09-13 14:47:08] [INFO] [BiharFloodAuto] --- Loop #207 starting ---
[2026-09-13 14:47:08] [INFO] [BiharFloodAuto] Executing 'git pull' to check for updates...
[2026-09-13 14:47:10] [INFO] [BiharFloodAuto] Repository is already up to date.
[2026-09-13 14:47:10] [INFO] [BiharFloodAuto] [*] Operation is OFF. Skipping Email Fetch and SFTP copy.
[2026-09-13 14:47:13] [INFO] [BiharFloodAuto] Successfully pushed automation.log to Git.
[2026-09-13 14:47:13] [INFO] [BiharFloodAuto] --- Loop #207 complete ---
[2026-09-13 14:47:13] [INFO] [BiharFloodAuto] Sleeping for 15 minutes. Next check at 15:02:13. (Use 'Run Now' on the dashboard to skip this.)
[2026-09-13 15:02:13] [INFO] [BiharFloodAuto] --- Loop #208 starting ---
[2026-09-13 15:02:13] [INFO] [BiharFloodAuto] Executing 'git pull' to check for updates...
[2026-09-13 15:02:21] [INFO] [BiharFloodAuto] Repository is already up to date.
[2026-09-13 15:02:21] [INFO] [BiharFloodAuto] [*] Operation is OFF. Skipping Email Fetch and SFTP copy.
[2026-09-13 15:02:24] [INFO] [BiharFloodAuto] Successfully pushed automation.log to Git.
[2026-09-13 15:02:24] [INFO] [BiharFloodAuto] --- Loop #208 complete ---
[2026-09-13 15:02:24] [INFO] [BiharFloodAuto] Sleeping for 15 minutes. Next check at 15:17:24. (Use 'Run Now' on the dashboard to skip this.)
[2026-09-13 15:17:24] [INFO] [BiharFloodAuto] --- Loop #209 starting ---
[2026-09-13 15:17:24] [INFO] [BiharFloodAuto] Executing 'git pull' to check for updates...
[2026-09-13 15:17:27] [INFO] [BiharFloodAuto] Repository is already up to date.
[2026-09-13 15:17:27] [INFO] [BiharFloodAuto] [*] Operation is OFF. Skipping Email Fetch and SFTP copy.
[2026-09-13 15:17:30] [INFO] [BiharFloodAuto] Successfully pushed automation.log to Git.
[2026-09-13 15:17:30] [INFO] [BiharFloodAuto] --- Loop #209 complete ---
[2026-09-13 15:17:30] [INFO] [BiharFloodAuto] Sleeping for 15 minutes. Next check at 15:32:30. (Use 'Run Now' on the dashboard to skip this.)
[2026-09-13 15:32:30] [INFO] [BiharFloodAuto] --- Loop #210 starting ---
[2026-09-13 15:32:30] [INFO] [BiharFloodAuto] Executing 'git pull' to check for updates...
[2026-09-13 15:32:32] [INFO] [BiharFloodAuto] Repository is already up to date.
[2026-09-13 15:32:33] [INFO] [BiharFloodAuto] [*] Operation is OFF. Skipping Email Fetch and SFTP copy.
[2026-09-13 15:32:35] [INFO] [BiharFloodAuto] Successfully pushed automation.log to Git.
[2026-09-13 15:32:35] [INFO] [BiharFloodAuto] --- Loop #210 complete ---
[2026-09-13 15:32:35] [INFO] [BiharFloodAuto] Sleeping for 15 minutes. Next check at 15:47:35. (Use 'Run Now' on the dashboard to skip this.)
[2026-09-13 15:47:36] [INFO] [BiharFloodAuto] --- Loop #211 starting ---
[2026-09-13 15:47:36] [INFO] [BiharFloodAuto] Executing 'git pull' to check for updates...
[2026-09-13 15:47:38] [INFO] [BiharFloodAuto] Repository is already up to date.
[2026-09-13 15:47:38] [INFO] [BiharFloodAuto] [*] Operation is OFF. Skipping Email Fetch and SFTP copy.
[2026-09-13 15:47:41] [INFO] [BiharFloodAuto] Successfully pushed automation.log to Git.
[2026-09-13 15:47:41] [INFO] [BiharFloodAuto] --- Loop #211 complete ---
[2026-09-13 15:47:41] [INFO] [BiharFloodAuto] Sleeping for 15 minutes. Next check at 16:02:41. (Use 'Run Now' on the dashboard to skip this.)
[2026-09-13 16:02:41] [INFO] [BiharFloodAuto] --- Loop #212 starting ---
[2026-09-13 16:02:41] [INFO] [BiharFloodAuto] Executing 'git pull' to check for updates...
[2026-09-13 16:02:43] [INFO] [BiharFloodAuto] Repository is already up to date.
[2026-09-13 16:02:44] [INFO] [BiharFloodAuto] [*] Operation is OFF. Skipping Email Fetch and SFTP copy.
[2026-09-13 16:02:46] [INFO] [BiharFloodAuto] Successfully pushed automation.log to Git.
[2026-09-13 16:02:46] [INFO] [BiharFloodAuto] --- Loop #212 complete ---
[2026-09-13 16:02:46] [INFO] [BiharFloodAuto] Sleeping for 15 minutes. Next check at 16:17:46. (Use 'Run Now' on the dashboard to skip this.)
[2026-09-13 16:17:46] [INFO] [BiharFloodAuto] --- Loop #213 starting ---
[2026-09-13 16:17:46] [INFO] [BiharFloodAuto] Executing 'git pull' to check for updates...
[2026-09-13 16:17:49] [INFO] [BiharFloodAuto] Repository is already up to date.
[2026-09-13 16:17:49] [INFO] [BiharFloodAuto] [*] Operation is OFF. Skipping Email Fetch and SFTP copy.
[2026-09-13 16:17:52] [INFO] [BiharFloodAuto] Successfully pushed automation.log to Git.
[2026-09-13 16:17:52] [INFO] [BiharFloodAuto] --- Loop #213 complete ---
[2026-09-13 16:17:52] [INFO] [BiharFloodAuto] Sleeping for 15 minutes. Next check at 16:32:52. (Use 'Run Now' on the dashboard to skip this.)
[2026-09-13 16:32:52] [INFO] [BiharFloodAuto] --- Loop #214 starting ---
[2026-09-13 16:32:52] [INFO] [BiharFloodAuto] Executing 'git pull' to check for updates...
[2026-09-13 16:32:54] [INFO] [BiharFloodAuto] Repository is already up to date.
[2026-09-13 16:32:55] [INFO] [BiharFloodAuto] [*] Operation is OFF. Skipping Email Fetch and SFTP copy.
[2026-09-13 16:32:58] [INFO] [BiharFloodAuto] Successfully pushed automation.log to Git.
[2026-09-13 16:32:58] [INFO] [BiharFloodAuto] --- Loop #214 complete ---
[2026-09-13 16:32:58] [INFO] [BiharFloodAuto] Sleeping for 15 minutes. Next check at 16:47:58. (Use 'Run Now' on the dashboard to skip this.)
[2026-09-13 16:47:58] [INFO] [BiharFloodAuto] --- Loop #215 starting ---
[2026-09-13 16:47:58] [INFO] [BiharFloodAuto] Executing 'git pull' to check for updates...
[2026-09-13 16:48:00] [INFO] [BiharFloodAuto] Repository is already up to date.
[2026-09-13 16:48:00] [INFO] [BiharFloodAuto] [*] Operation is OFF. Skipping Email Fetch and SFTP copy.
[2026-09-13 16:48:03] [INFO] [BiharFloodAuto] Successfully pushed automation.log to Git.
[2026-09-13 16:48:03] [INFO] [BiharFloodAuto] --- Loop #215 complete ---
[2026-09-13 16:48:03] [INFO] [BiharFloodAuto] Sleeping for 15 minutes. Next check at 17:03:03. (Use 'Run Now' on the dashboard to skip this.)
[2026-09-13 17:03:03] [INFO] [BiharFloodAuto] --- Loop #216 starting ---
[2026-09-13 17:03:03] [INFO] [BiharFloodAuto] Executing 'git pull' to check for updates...
[2026-09-13 17:03:06] [INFO] [BiharFloodAuto] Repository is already up to date.
[2026-09-13 17:03:06] [INFO] [BiharFloodAuto] [*] Operation is OFF. Skipping Email Fetch and SFTP copy.
[2026-09-13 17:03:08] [INFO] [BiharFloodAuto] Successfully pushed automation.log to Git.
[2026-09-13 17:03:08] [INFO] [BiharFloodAuto] --- Loop #216 complete ---
[2026-09-13 17:03:08] [INFO] [BiharFloodAuto] Sleeping for 15 minutes. Next check at 17:18:08. (Use 'Run Now' on the dashboard to skip this.)
[2026-09-13 17:18:08] [INFO] [BiharFloodAuto] --- Loop #217 starting ---
[2026-09-13 17:18:08] [INFO] [BiharFloodAuto] Executing 'git pull' to check for updates...
[2026-09-13 17:18:11] [INFO] [BiharFloodAuto] Repository is already up to date.
[2026-09-13 17:18:11] [INFO] [BiharFloodAuto] [*] Operation is OFF. Skipping Email Fetch and SFTP copy.
[2026-09-13 17:18:14] [INFO] [BiharFloodAuto] Successfully pushed automation.log to Git.
[2026-09-13 17:18:14] [INFO] [BiharFloodAuto] --- Loop #217 complete ---
[2026-09-13 17:18:14] [INFO] [BiharFloodAuto] Sleeping for 15 minutes. Next check at 17:33:14. (Use 'Run Now' on the dashboard to skip this.)
[2026-09-13 17:33:14] [INFO] [BiharFloodAuto] --- Loop #218 starting ---
[2026-09-13 17:33:14] [INFO] [BiharFloodAuto] Executing 'git pull' to check for updates...
[2026-09-13 17:33:16] [INFO] [BiharFloodAuto] Repository is already up to date.
[2026-09-13 17:33:16] [INFO] [BiharFloodAuto] [*] Operation is OFF. Skipping Email Fetch and SFTP copy.
[2026-09-13 17:33:19] [INFO] [BiharFloodAuto] Successfully pushed automation.log to Git.
[2026-09-13 17:33:19] [INFO] [BiharFloodAuto] --- Loop #218 complete ---
[2026-09-13 17:33:19] [INFO] [BiharFloodAuto] Sleeping for 15 minutes. Next check at 17:48:19. (Use 'Run Now' on the dashboard to skip this.)
[2026-09-13 17:48:19] [INFO] [BiharFloodAuto] --- Loop #219 starting ---
[2026-09-13 17:48:19] [INFO] [BiharFloodAuto] Executing 'git pull' to check for updates...
[2026-09-13 17:48:22] [INFO] [BiharFloodAuto] Repository is already up to date.
[2026-09-13 17:48:22] [INFO] [BiharFloodAuto] [*] Operation is OFF. Skipping Email Fetch and SFTP copy.
[2026-09-13 17:48:25] [INFO] [BiharFloodAuto] Successfully pushed automation.log to Git.
[2026-09-13 17:48:25] [INFO] [BiharFloodAuto] --- Loop #219 complete ---
[2026-09-13 17:48:25] [INFO] [BiharFloodAuto] Sleeping for 15 minutes. Next check at 18:03:25. (Use 'Run Now' on the dashboard to skip this.)
[2026-09-13 18:03:25] [INFO] [BiharFloodAuto] --- Loop #220 starting ---
[2026-09-13 18:03:25] [INFO] [BiharFloodAuto] Executing 'git pull' to check for updates...
[2026-09-13 18:03:27] [INFO] [BiharFloodAuto] Repository is already up to date.
[2026-09-13 18:03:27] [INFO] [BiharFloodAuto] [*] Operation is OFF. Skipping Email Fetch and SFTP copy.
[2026-09-13 18:03:30] [INFO] [BiharFloodAuto] Successfully pushed automation.log to Git.
[2026-09-13 18:03:30] [INFO] [BiharFloodAuto] --- Loop #220 complete ---
[2026-09-13 18:03:30] [INFO] [BiharFloodAuto] Sleeping for 15 minutes. Next check at 18:18:30. (Use 'Run Now' on the dashboard to skip this.)
[2026-09-13 18:18:30] [INFO] [BiharFloodAuto] --- Loop #221 starting ---
[2026-09-13 18:18:30] [INFO] [BiharFloodAuto] Executing 'git pull' to check for updates...
[2026-09-13 18:18:34] [INFO] [BiharFloodAuto] Repository is already up to date.
[2026-09-13 18:18:34] [INFO] [BiharFloodAuto] [*] Operation is OFF. Skipping Email Fetch and SFTP copy.
[2026-09-13 18:18:38] [INFO] [BiharFloodAuto] Successfully pushed automation.log to Git.
[2026-09-13 18:18:38] [INFO] [BiharFloodAuto] --- Loop #221 complete ---
[2026-09-13 18:18:38] [INFO] [BiharFloodAuto] Sleeping for 15 minutes. Next check at 18:33:38. (Use 'Run Now' on the dashboard to skip this.)
[2026-09-13 18:33:38] [INFO] [BiharFloodAuto] --- Loop #222 starting ---
[2026-09-13 18:33:38] [INFO] [BiharFloodAuto] Executing 'git pull' to check for updates...
[2026-09-13 18:33:41] [INFO] [BiharFloodAuto] Repository is already up to date.
[2026-09-13 18:33:41] [INFO] [BiharFloodAuto] [*] Operation is OFF. Skipping Email Fetch and SFTP copy.
[2026-09-13 18:33:44] [INFO] [BiharFloodAuto] Successfully pushed automation.log to Git.
[2026-09-13 18:33:44] [INFO] [BiharFloodAuto] --- Loop #222 complete ---
[2026-09-13 18:33:44] [INFO] [BiharFloodAuto] Sleeping for 15 minutes. Next check at 18:48:44. (Use 'Run Now' on the dashboard to skip this.)
[2026-09-13 18:48:44] [INFO] [BiharFloodAuto] --- Loop #223 starting ---
[2026-09-13 18:48:44] [INFO] [BiharFloodAuto] Executing 'git pull' to check for updates...
[2026-09-13 18:48:46] [INFO] [BiharFloodAuto] Repository is already up to date.
[2026-09-13 18:48:46] [INFO] [BiharFloodAuto] [*] Operation is OFF. Skipping Email Fetch and SFTP copy.
[2026-09-13 18:48:49] [INFO] [BiharFloodAuto] Successfully pushed automation.log to Git.
[2026-09-13 18:48:49] [INFO] [BiharFloodAuto] --- Loop #223 complete ---
[2026-09-13 18:48:49] [INFO] [BiharFloodAuto] Sleeping for 15 minutes. Next check at 19:03:49. (Use 'Run Now' on the dashboard to skip this.)
[2026-09-13 19:03:49] [INFO] [BiharFloodAuto] --- Loop #224 starting ---
[2026-09-13 19:03:49] [INFO] [BiharFloodAuto] Executing 'git pull' to check for updates...
[2026-09-13 19:03:51] [INFO] [BiharFloodAuto] Repository is already up to date.
[2026-09-13 19:03:51] [INFO] [BiharFloodAuto] [*] Operation is OFF. Skipping Email Fetch and SFTP copy.
[2026-09-13 19:03:54] [INFO] [BiharFloodAuto] Successfully pushed automation.log to Git.
[2026-09-13 19:03:54] [INFO] [BiharFloodAuto] --- Loop #224 complete ---
[2026-09-13 19:03:54] [INFO] [BiharFloodAuto] Sleeping for 15 minutes. Next check at 19:18:54. (Use 'Run Now' on the dashboard to skip this.)
[2026-09-13 19:18:54] [INFO] [BiharFloodAuto] --- Loop #225 starting ---
[2026-09-13 19:18:54] [INFO] [BiharFloodAuto] Executing 'git pull' to check for updates...
[2026-09-13 19:18:57] [INFO] [BiharFloodAuto] Repository is already up to date.
[2026-09-13 19:18:57] [INFO] [BiharFloodAuto] [*] Operation is OFF. Skipping Email Fetch and SFTP copy.
[2026-09-13 19:19:00] [INFO] [BiharFloodAuto] Successfully pushed automation.log to Git.
[2026-09-13 19:19:00] [INFO] [BiharFloodAuto] --- Loop #225 complete ---
[2026-09-13 19:19:00] [INFO] [BiharFloodAuto] Sleeping for 15 minutes. Next check at 19:34:00. (Use 'Run Now' on the dashboard to skip this.)
[2026-09-13 19:34:00] [INFO] [BiharFloodAuto] --- Loop #226 starting ---
[2026-09-13 19:34:00] [INFO] [BiharFloodAuto] Executing 'git pull' to check for updates...
[2026-09-13 19:34:02] [INFO] [BiharFloodAuto] Repository is already up to date.
[2026-09-13 19:34:02] [INFO] [BiharFloodAuto] [*] Operation is OFF. Skipping Email Fetch and SFTP copy.
[2026-09-13 19:34:06] [INFO] [BiharFloodAuto] Successfully pushed automation.log to Git.
[2026-09-13 19:34:06] [INFO] [BiharFloodAuto] --- Loop #226 complete ---
[2026-09-13 19:34:06] [INFO] [BiharFloodAuto] Sleeping for 15 minutes. Next check at 19:49:06. (Use 'Run Now' on the dashboard to skip this.)
[2026-09-13 19:49:06] [INFO] [BiharFloodAuto] --- Loop #227 starting ---
[2026-09-13 19:49:06] [INFO] [BiharFloodAuto] Executing 'git pull' to check for updates...
[2026-09-13 19:49:08] [INFO] [BiharFloodAuto] Repository is already up to date.
[2026-09-13 19:49:08] [INFO] [BiharFloodAuto] [*] Operation is OFF. Skipping Email Fetch and SFTP copy.
[2026-09-13 19:49:11] [INFO] [BiharFloodAuto] Successfully pushed automation.log to Git.
[2026-09-13 19:49:11] [INFO] [BiharFloodAuto] --- Loop #227 complete ---
[2026-09-13 19:49:11] [INFO] [BiharFloodAuto] Sleeping for 15 minutes. Next check at 20:04:11. (Use 'Run Now' on the dashboard to skip this.)
[2026-09-13 20:04:11] [INFO] [BiharFloodAuto] --- Loop #228 starting ---
[2026-09-13 20:04:11] [INFO] [BiharFloodAuto] Executing 'git pull' to check for updates...
[2026-09-13 20:04:14] [INFO] [BiharFloodAuto] Repository is already up to date.
[2026-09-13 20:04:14] [INFO] [BiharFloodAuto] [*] Operation is OFF. Skipping Email Fetch and SFTP copy.
[2026-09-13 20:04:17] [INFO] [BiharFloodAuto] Successfully pushed automation.log to Git.
[2026-09-13 20:04:17] [INFO] [BiharFloodAuto] --- Loop #228 complete ---
[2026-09-13 20:04:17] [INFO] [BiharFloodAuto] Sleeping for 15 minutes. Next check at 20:19:17. (Use 'Run Now' on the dashboard to skip this.)
[2026-09-13 20:19:17] [INFO] [BiharFloodAuto] --- Loop #229 starting ---
[2026-09-13 20:19:17] [INFO] [BiharFloodAuto] Executing 'git pull' to check for updates...
[2026-09-13 20:19:20] [INFO] [BiharFloodAuto] Repository is already up to date.
[2026-09-13 20:19:20] [INFO] [BiharFloodAuto] [*] Operation is OFF. Skipping Email Fetch and SFTP copy.
[2026-09-13 20:19:23] [INFO] [BiharFloodAuto] Successfully pushed automation.log to Git.
[2026-09-13 20:19:23] [INFO] [BiharFloodAuto] --- Loop #229 complete ---
[2026-09-13 20:19:23] [INFO] [BiharFloodAuto] Sleeping for 15 minutes. Next check at 20:34:23. (Use 'Run Now' on the dashboard to skip this.)
[2026-09-13 20:34:23] [INFO] [BiharFloodAuto] --- Loop #230 starting ---
[2026-09-13 20:34:23] [INFO] [BiharFloodAuto] Executing 'git pull' to check for updates...
[2026-09-13 20:34:26] [INFO] [BiharFloodAuto] Repository is already up to date.
[2026-09-13 20:34:26] [INFO] [BiharFloodAuto] [*] Operation is OFF. Skipping Email Fetch and SFTP copy.
[2026-09-13 20:34:29] [INFO] [BiharFloodAuto] Successfully pushed automation.log to Git.
[2026-09-13 20:34:29] [INFO] [BiharFloodAuto] --- Loop #230 complete ---
[2026-09-13 20:34:29] [INFO] [BiharFloodAuto] Sleeping for 15 minutes. Next check at 20:49:29. (Use 'Run Now' on the dashboard to skip this.)
[2026-09-13 20:49:29] [INFO] [BiharFloodAuto] --- Loop #231 starting ---
[2026-09-13 20:49:29] [INFO] [BiharFloodAuto] Executing 'git pull' to check for updates...
[2026-09-13 20:49:32] [INFO] [BiharFloodAuto] Repository is already up to date.
[2026-09-13 20:49:32] [INFO] [BiharFloodAuto] [*] Operation is OFF. Skipping Email Fetch and SFTP copy.
[2026-09-13 20:49:35] [INFO] [BiharFloodAuto] Successfully pushed automation.log to Git.
[2026-09-13 20:49:35] [INFO] [BiharFloodAuto] --- Loop #231 complete ---
[2026-09-13 20:49:35] [INFO] [BiharFloodAuto] Sleeping for 15 minutes. Next check at 21:04:35. (Use 'Run Now' on the dashboard to skip this.)
[2026-09-13 21:04:35] [INFO] [BiharFloodAuto] --- Loop #232 starting ---
[2026-09-13 21:04:35] [INFO] [BiharFloodAuto] Executing 'git pull' to check for updates...
[2026-09-13 21:04:38] [INFO] [BiharFloodAuto] Repository is already up to date.
[2026-09-13 21:04:38] [INFO] [BiharFloodAuto] [*] Operation is OFF. Skipping Email Fetch and SFTP copy.
[2026-09-13 21:04:41] [INFO] [BiharFloodAuto] Successfully pushed automation.log to Git.
[2026-09-13 21:04:41] [INFO] [BiharFloodAuto] --- Loop #232 complete ---
[2026-09-13 21:04:41] [INFO] [BiharFloodAuto] Sleeping for 15 minutes. Next check at 21:19:41. (Use 'Run Now' on the dashboard to skip this.)
[2026-09-13 21:19:41] [INFO] [BiharFloodAuto] --- Loop #233 starting ---
[2026-09-13 21:19:41] [INFO] [BiharFloodAuto] Executing 'git pull' to check for updates...
[2026-09-13 21:19:43] [INFO] [BiharFloodAuto] Repository is already up to date.
[2026-09-13 21:19:43] [INFO] [BiharFloodAuto] [*] Operation is OFF. Skipping Email Fetch and SFTP copy.
[2026-09-13 21:19:47] [INFO] [BiharFloodAuto] Successfully pushed automation.log to Git.
[2026-09-13 21:19:47] [INFO] [BiharFloodAuto] --- Loop #233 complete ---
[2026-09-13 21:19:47] [INFO] [BiharFloodAuto] Sleeping for 15 minutes. Next check at 21:34:47. (Use 'Run Now' on the dashboard to skip this.)
[2026-09-13 21:34:47] [INFO] [BiharFloodAuto] --- Loop #234 starting ---
[2026-09-13 21:34:47] [INFO] [BiharFloodAuto] Executing 'git pull' to check for updates...
[2026-09-13 21:34:49] [INFO] [BiharFloodAuto] Repository is already up to date.
[2026-09-13 21:34:49] [INFO] [BiharFloodAuto] [*] Operation is OFF. Skipping Email Fetch and SFTP copy.
[2026-09-13 21:34:52] [INFO] [BiharFloodAuto] Successfully pushed automation.log to Git.
[2026-09-13 21:34:52] [INFO] [BiharFloodAuto] --- Loop #234 complete ---
[2026-09-13 21:34:52] [INFO] [BiharFloodAuto] Sleeping for 15 minutes. Next check at 21:49:52. (Use 'Run Now' on the dashboard to skip this.)
[2026-09-13 21:49:52] [INFO] [BiharFloodAuto] --- Loop #235 starting ---
[2026-09-13 21:49:52] [INFO] [BiharFloodAuto] Executing 'git pull' to check for updates...
[2026-09-13 21:49:55] [INFO] [BiharFloodAuto] Repository is already up to date.
[2026-09-13 21:49:55] [INFO] [BiharFloodAuto] [*] Operation is OFF. Skipping Email Fetch and SFTP copy.
[2026-09-13 21:49:58] [INFO] [BiharFloodAuto] Successfully pushed automation.log to Git.
[2026-09-13 21:49:58] [INFO] [BiharFloodAuto] --- Loop #235 complete ---
[2026-09-13 21:49:58] [INFO] [BiharFloodAuto] Sleeping for 15 minutes. Next check at 22:04:58. (Use 'Run Now' on the dashboard to skip this.)
[2026-09-13 22:04:58] [INFO] [BiharFloodAuto] --- Loop #236 starting ---
[2026-09-13 22:04:58] [INFO] [BiharFloodAuto] Executing 'git pull' to check for updates...
[2026-09-13 22:05:01] [INFO] [BiharFloodAuto] Repository is already up to date.
[2026-09-13 22:05:01] [INFO] [BiharFloodAuto] [*] Operation is OFF. Skipping Email Fetch and SFTP copy.
[2026-09-13 22:05:04] [INFO] [BiharFloodAuto] Successfully pushed automation.log to Git.
[2026-09-13 22:05:04] [INFO] [BiharFloodAuto] --- Loop #236 complete ---
[2026-09-13 22:05:04] [INFO] [BiharFloodAuto] Sleeping for 15 minutes. Next check at 22:20:04. (Use 'Run Now' on the dashboard to skip this.)
[2026-09-13 22:20:04] [INFO] [BiharFloodAuto] --- Loop #237 starting ---
[2026-09-13 22:20:04] [INFO] [BiharFloodAuto] Executing 'git pull' to check for updates...
[2026-09-13 22:20:06] [INFO] [BiharFloodAuto] Repository is already up to date.
[2026-09-13 22:20:07] [INFO] [BiharFloodAuto] [*] Operation is OFF. Skipping Email Fetch and SFTP copy.
[2026-09-13 22:20:10] [INFO] [BiharFloodAuto] Successfully pushed automation.log to Git.
[2026-09-13 22:20:10] [INFO] [BiharFloodAuto] --- Loop #237 complete ---
[2026-09-13 22:20:10] [INFO] [BiharFloodAuto] Sleeping for 15 minutes. Next check at 22:35:10. (Use 'Run Now' on the dashboard to skip this.)
[2026-09-13 22:35:10] [INFO] [BiharFloodAuto] --- Loop #238 starting ---
[2026-09-13 22:35:10] [INFO] [BiharFloodAuto] Executing 'git pull' to check for updates...
[2026-09-13 22:35:12] [INFO] [BiharFloodAuto] Repository is already up to date.
[2026-09-13 22:35:12] [INFO] [BiharFloodAuto] [*] Operation is OFF. Skipping Email Fetch and SFTP copy.
[2026-09-13 22:35:16] [INFO] [BiharFloodAuto] Successfully pushed automation.log to Git.
[2026-09-13 22:35:16] [INFO] [BiharFloodAuto] --- Loop #238 complete ---
[2026-09-13 22:35:16] [INFO] [BiharFloodAuto] Sleeping for 15 minutes. Next check at 22:50:16. (Use 'Run Now' on the dashboard to skip this.)
[2026-09-13 22:50:16] [INFO] [BiharFloodAuto] --- Loop #239 starting ---
[2026-09-13 22:50:16] [INFO] [BiharFloodAuto] Executing 'git pull' to check for updates...
[2026-09-13 22:50:18] [INFO] [BiharFloodAuto] Repository is already up to date.
[2026-09-13 22:50:18] [INFO] [BiharFloodAuto] [*] Operation is OFF. Skipping Email Fetch and SFTP copy.
[2026-09-13 22:50:21] [INFO] [BiharFloodAuto] Successfully pushed automation.log to Git.
[2026-09-13 22:50:21] [INFO] [BiharFloodAuto] --- Loop #239 complete ---
[2026-09-13 22:50:21] [INFO] [BiharFloodAuto] Sleeping for 15 minutes. Next check at 23:05:21. (Use 'Run Now' on the dashboard to skip this.)
[2026-09-13 23:05:22] [INFO] [BiharFloodAuto] --- Loop #240 starting ---
[2026-09-13 23:05:22] [INFO] [BiharFloodAuto] Executing 'git pull' to check for updates...
[2026-09-13 23:05:24] [INFO] [BiharFloodAuto] Repository is already up to date.
[2026-09-13 23:05:24] [INFO] [BiharFloodAuto] [*] Operation is OFF. Skipping Email Fetch and SFTP copy.
[2026-09-13 23:05:27] [INFO] [BiharFloodAuto] Successfully pushed automation.log to Git.
[2026-09-13 23:05:27] [INFO] [BiharFloodAuto] --- Loop #240 complete ---
[2026-09-13 23:05:27] [INFO] [BiharFloodAuto] Sleeping for 15 minutes. Next check at 23:20:27. (Use 'Run Now' on the dashboard to skip this.)
[2026-09-13 23:20:27] [INFO] [BiharFloodAuto] --- Loop #241 starting ---
[2026-09-13 23:20:27] [INFO] [BiharFloodAuto] Executing 'git pull' to check for updates...
[2026-09-13 23:20:30] [INFO] [BiharFloodAuto] Repository is already up to date.
[2026-09-13 23:20:30] [INFO] [BiharFloodAuto] [*] Operation is OFF. Skipping Email Fetch and SFTP copy.
[2026-09-13 23:20:33] [INFO] [BiharFloodAuto] Successfully pushed automation.log to Git.
[2026-09-13 23:20:33] [INFO] [BiharFloodAuto] --- Loop #241 complete ---
[2026-09-13 23:20:33] [INFO] [BiharFloodAuto] Sleeping for 15 minutes. Next check at 23:35:33. (Use 'Run Now' on the dashboard to skip this.)
[2026-09-13 23:35:33] [INFO] [BiharFloodAuto] --- Loop #242 starting ---
[2026-09-13 23:35:33] [INFO] [BiharFloodAuto] Executing 'git pull' to check for updates...
[2026-09-13 23:35:36] [INFO] [BiharFloodAuto] Repository is already up to date.
[2026-09-13 23:35:36] [INFO] [BiharFloodAuto] [*] Operation is OFF. Skipping Email Fetch and SFTP copy.
[2026-09-13 23:35:39] [INFO] [BiharFloodAuto] Successfully pushed automation.log to Git.
[2026-09-13 23:35:39] [INFO] [BiharFloodAuto] --- Loop #242 complete ---
[2026-09-13 23:35:39] [INFO] [BiharFloodAuto] Sleeping for 15 minutes. Next check at 23:50:39. (Use 'Run Now' on the dashboard to skip this.)
[2026-09-13 23:50:39] [INFO] [BiharFloodAuto] --- Loop #243 starting ---
[2026-09-13 23:50:39] [INFO] [BiharFloodAuto] Executing 'git pull' to check for updates...
[2026-09-13 23:50:41] [INFO] [BiharFloodAuto] Repository is already up to date.
[2026-09-13 23:50:41] [INFO] [BiharFloodAuto] [*] Operation is OFF. Skipping Email Fetch and SFTP copy.
[2026-09-13 23:50:45] [INFO] [BiharFloodAuto] Successfully pushed automation.log to Git.
[2026-09-13 23:50:45] [INFO] [BiharFloodAuto] --- Loop #243 complete ---
[2026-09-13 23:50:45] [INFO] [BiharFloodAuto] Sleeping for 15 minutes. Next check at 00:05:45. (Use 'Run Now' on the dashboard to skip this.)
[2026-09-14 00:05:45] [INFO] [BiharFloodAuto] --- Loop #244 starting ---
[2026-09-14 00:05:45] [INFO] [BiharFloodAuto] Executing 'git pull' to check for updates...
[2026-09-14 00:05:47] [INFO] [BiharFloodAuto] Repository is already up to date.
[2026-09-14 00:05:47] [INFO] [BiharFloodAuto] [*] Operation is OFF. Skipping Email Fetch and SFTP copy.
[2026-09-14 00:05:50] [INFO] [BiharFloodAuto] Successfully pushed automation.log to Git.
[2026-09-14 00:05:50] [INFO] [BiharFloodAuto] --- Loop #244 complete ---
[2026-09-14 00:05:50] [INFO] [BiharFloodAuto] Sleeping for 15 minutes. Next check at 00:20:50. (Use 'Run Now' on the dashboard to skip this.)
[2026-09-14 00:20:51] [INFO] [BiharFloodAuto] --- Loop #245 starting ---
[2026-09-14 00:20:51] [INFO] [BiharFloodAuto] Executing 'git pull' to check for updates...
[2026-09-14 00:20:53] [INFO] [BiharFloodAuto] Repository is already up to date.
[2026-09-14 00:20:53] [INFO] [BiharFloodAuto] [*] Operation is OFF. Skipping Email Fetch and SFTP copy.
[2026-09-14 00:20:57] [INFO] [BiharFloodAuto] Successfully pushed automation.log to Git.
[2026-09-14 00:20:57] [INFO] [BiharFloodAuto] --- Loop #245 complete ---
[2026-09-14 00:20:57] [INFO] [BiharFloodAuto] Sleeping for 15 minutes. Next check at 00:35:57. (Use 'Run Now' on the dashboard to skip this.)
[2026-09-14 00:35:57] [INFO] [BiharFloodAuto] --- Loop #246 starting ---
[2026-09-14 00:35:57] [INFO] [BiharFloodAuto] Executing 'git pull' to check for updates...
[2026-09-14 00:35:59] [INFO] [BiharFloodAuto] Repository is already up to date.
[2026-09-14 00:35:59] [INFO] [BiharFloodAuto] [*] Operation is OFF. Skipping Email Fetch and SFTP copy.
[2026-09-14 00:36:02] [INFO] [BiharFloodAuto] Successfully pushed automation.log to Git.
[2026-09-14 00:36:02] [INFO] [BiharFloodAuto] --- Loop #246 complete ---
[2026-09-14 00:36:02] [INFO] [BiharFloodAuto] Sleeping for 15 minutes. Next check at 00:51:02. (Use 'Run Now' on the dashboard to skip this.)
[2026-09-14 00:51:02] [INFO] [BiharFloodAuto] --- Loop #247 starting ---
[2026-09-14 00:51:02] [INFO] [BiharFloodAuto] Executing 'git pull' to check for updates...
[2026-09-14 00:51:05] [INFO] [BiharFloodAuto] Repository is already up to date.
[2026-09-14 00:51:05] [INFO] [BiharFloodAuto] [*] Operation is OFF. Skipping Email Fetch and SFTP copy.
[2026-09-14 00:51:08] [INFO] [BiharFloodAuto] Successfully pushed automation.log to Git.
[2026-09-14 00:51:08] [INFO] [BiharFloodAuto] --- Loop #247 complete ---
[2026-09-14 00:51:08] [INFO] [BiharFloodAuto] Sleeping for 15 minutes. Next check at 01:06:08. (Use 'Run Now' on the dashboard to skip this.)
[2026-09-14 01:06:08] [INFO] [BiharFloodAuto] --- Loop #248 starting ---
[2026-09-14 01:06:08] [INFO] [BiharFloodAuto] Executing 'git pull' to check for updates...
[2026-09-14 01:06:11] [INFO] [BiharFloodAuto] Repository is already up to date.
[2026-09-14 01:06:11] [INFO] [BiharFloodAuto] [*] Operation is OFF. Skipping Email Fetch and SFTP copy.
[2026-09-14 01:06:14] [INFO] [BiharFloodAuto] Successfully pushed automation.log to Git.
[2026-09-14 01:06:14] [INFO] [BiharFloodAuto] --- Loop #248 complete ---
[2026-09-14 01:06:14] [INFO] [BiharFloodAuto] Sleeping for 15 minutes. Next check at 01:21:14. (Use 'Run Now' on the dashboard to skip this.)
[2026-09-14 01:21:14] [INFO] [BiharFloodAuto] --- Loop #249 starting ---
[2026-09-14 01:21:14] [INFO] [BiharFloodAuto] Executing 'git pull' to check for updates...
[2026-09-14 01:21:17] [INFO] [BiharFloodAuto] Repository is already up to date.
[2026-09-14 01:21:17] [INFO] [BiharFloodAuto] [*] Operation is OFF. Skipping Email Fetch and SFTP copy.
[2026-09-14 01:21:20] [INFO] [BiharFloodAuto] Successfully pushed automation.log to Git.
[2026-09-14 01:21:20] [INFO] [BiharFloodAuto] --- Loop #249 complete ---
[2026-09-14 01:21:20] [INFO] [BiharFloodAuto] Sleeping for 15 minutes. Next check at 01:36:20. (Use 'Run Now' on the dashboard to skip this.)
[2026-09-14 01:36:20] [INFO] [BiharFloodAuto] --- Loop #250 starting ---
[2026-09-14 01:36:20] [INFO] [BiharFloodAuto] Executing 'git pull' to check for updates...
[2026-09-14 01:36:22] [INFO] [BiharFloodAuto] Repository is already up to date.
[2026-09-14 01:36:22] [INFO] [BiharFloodAuto] [*] Operation is OFF. Skipping Email Fetch and SFTP copy.
[2026-09-14 01:36:26] [INFO] [BiharFloodAuto] Successfully pushed automation.log to Git.
[2026-09-14 01:36:26] [INFO] [BiharFloodAuto] --- Loop #250 complete ---
[2026-09-14 01:36:26] [INFO] [BiharFloodAuto] Sleeping for 15 minutes. Next check at 01:51:26. (Use 'Run Now' on the dashboard to skip this.)
[2026-09-14 01:51:26] [INFO] [BiharFloodAuto] --- Loop #251 starting ---
[2026-09-14 01:51:26] [INFO] [BiharFloodAuto] Executing 'git pull' to check for updates...
[2026-09-14 01:51:28] [INFO] [BiharFloodAuto] Repository is already up to date.
[2026-09-14 01:51:28] [INFO] [BiharFloodAuto] [*] Operation is OFF. Skipping Email Fetch and SFTP copy.
[2026-09-14 01:51:31] [INFO] [BiharFloodAuto] Successfully pushed automation.log to Git.
[2026-09-14 01:51:31] [INFO] [BiharFloodAuto] --- Loop #251 complete ---
[2026-09-14 01:51:31] [INFO] [BiharFloodAuto] Sleeping for 15 minutes. Next check at 02:06:31. (Use 'Run Now' on the dashboard to skip this.)
[2026-09-14 02:06:31] [INFO] [BiharFloodAuto] --- Loop #252 starting ---
[2026-09-14 02:06:31] [INFO] [BiharFloodAuto] Executing 'git pull' to check for updates...
[2026-09-14 02:06:34] [INFO] [BiharFloodAuto] Repository is already up to date.
[2026-09-14 02:06:34] [INFO] [BiharFloodAuto] [*] Operation is OFF. Skipping Email Fetch and SFTP copy.
[2026-09-14 02:06:37] [INFO] [BiharFloodAuto] Successfully pushed automation.log to Git.
[2026-09-14 02:06:37] [INFO] [BiharFloodAuto] --- Loop #252 complete ---
[2026-09-14 02:06:37] [INFO] [BiharFloodAuto] Sleeping for 15 minutes. Next check at 02:21:37. (Use 'Run Now' on the dashboard to skip this.)
[2026-09-14 02:21:37] [INFO] [BiharFloodAuto] --- Loop #253 starting ---
[2026-09-14 02:21:37] [INFO] [BiharFloodAuto] Executing 'git pull' to check for updates...
[2026-09-14 02:21:40] [INFO] [BiharFloodAuto] Repository is already up to date.
[2026-09-14 02:21:40] [INFO] [BiharFloodAuto] [*] Operation is OFF. Skipping Email Fetch and SFTP copy.
[2026-09-14 02:21:43] [INFO] [BiharFloodAuto] Successfully pushed automation.log to Git.
[2026-09-14 02:21:43] [INFO] [BiharFloodAuto] --- Loop #253 complete ---
[2026-09-14 02:21:43] [INFO] [BiharFloodAuto] Sleeping for 15 minutes. Next check at 02:36:43. (Use 'Run Now' on the dashboard to skip this.)
[2026-09-14 02:36:43] [INFO] [BiharFloodAuto] --- Loop #254 starting ---
[2026-09-14 02:36:43] [INFO] [BiharFloodAuto] Executing 'git pull' to check for updates...
[2026-09-14 02:36:45] [INFO] [BiharFloodAuto] Repository is already up to date.
[2026-09-14 02:36:45] [INFO] [BiharFloodAuto] [*] Operation is OFF. Skipping Email Fetch and SFTP copy.
[2026-09-14 02:36:49] [INFO] [BiharFloodAuto] Successfully pushed automation.log to Git.
[2026-09-14 02:36:49] [INFO] [BiharFloodAuto] --- Loop #254 complete ---
[2026-09-14 02:36:49] [INFO] [BiharFloodAuto] Sleeping for 15 minutes. Next check at 02:51:49. (Use 'Run Now' on the dashboard to skip this.)
[2026-09-14 02:51:49] [INFO] [BiharFloodAuto] --- Loop #255 starting ---
[2026-09-14 02:51:49] [INFO] [BiharFloodAuto] Executing 'git pull' to check for updates...
[2026-09-14 02:51:51] [INFO] [BiharFloodAuto] Repository is already up to date.
[2026-09-14 02:51:51] [INFO] [BiharFloodAuto] [*] Operation is OFF. Skipping Email Fetch and SFTP copy.
[2026-09-14 02:51:54] [INFO] [BiharFloodAuto] Successfully pushed automation.log to Git.
[2026-09-14 02:51:54] [INFO] [BiharFloodAuto] --- Loop #255 complete ---
[2026-09-14 02:51:54] [INFO] [BiharFloodAuto] Sleeping for 15 minutes. Next check at 03:06:54. (Use 'Run Now' on the dashboard to skip this.)
[2026-09-14 03:06:54] [INFO] [BiharFloodAuto] --- Loop #256 starting ---
[2026-09-14 03:06:54] [INFO] [BiharFloodAuto] Executing 'git pull' to check for updates...
[2026-09-14 03:06:57] [INFO] [BiharFloodAuto] Repository is already up to date.
[2026-09-14 03:06:57] [INFO] [BiharFloodAuto] [*] Operation is OFF. Skipping Email Fetch and SFTP copy.
[2026-09-14 03:07:00] [INFO] [BiharFloodAuto] Successfully pushed automation.log to Git.
[2026-09-14 03:07:00] [INFO] [BiharFloodAuto] --- Loop #256 complete ---
[2026-09-14 03:07:00] [INFO] [BiharFloodAuto] Sleeping for 15 minutes. Next check at 03:22:00. (Use 'Run Now' on the dashboard to skip this.)
[2026-09-14 03:22:00] [INFO] [BiharFloodAuto] --- Loop #257 starting ---
[2026-09-14 03:22:00] [INFO] [BiharFloodAuto] Executing 'git pull' to check for updates...
[2026-09-14 03:22:02] [INFO] [BiharFloodAuto] Repository is already up to date.
[2026-09-14 03:22:02] [INFO] [BiharFloodAuto] [*] Operation is OFF. Skipping Email Fetch and SFTP copy.
[2026-09-14 03:22:06] [INFO] [BiharFloodAuto] Successfully pushed automation.log to Git.
[2026-09-14 03:22:06] [INFO] [BiharFloodAuto] --- Loop #257 complete ---
[2026-09-14 03:22:06] [INFO] [BiharFloodAuto] Sleeping for 15 minutes. Next check at 03:37:06. (Use 'Run Now' on the dashboard to skip this.)
[2026-09-14 03:37:06] [INFO] [BiharFloodAuto] --- Loop #258 starting ---
[2026-09-14 03:37:06] [INFO] [BiharFloodAuto] Executing 'git pull' to check for updates...
[2026-09-14 03:37:08] [INFO] [BiharFloodAuto] Repository is already up to date.
[2026-09-14 03:37:08] [INFO] [BiharFloodAuto] [*] Operation is OFF. Skipping Email Fetch and SFTP copy.
[2026-09-14 03:37:11] [INFO] [BiharFloodAuto] Successfully pushed automation.log to Git.
[2026-09-14 03:37:11] [INFO] [BiharFloodAuto] --- Loop #258 complete ---
[2026-09-14 03:37:11] [INFO] [BiharFloodAuto] Sleeping for 15 minutes. Next check at 03:52:11. (Use 'Run Now' on the dashboard to skip this.)
[2026-09-14 03:52:11] [INFO] [BiharFloodAuto] --- Loop #259 starting ---
[2026-09-14 03:52:11] [INFO] [BiharFloodAuto] Executing 'git pull' to check for updates...
[2026-09-14 03:52:14] [INFO] [BiharFloodAuto] Repository is already up to date.
[2026-09-14 03:52:14] [INFO] [BiharFloodAuto] [*] Operation is OFF. Skipping Email Fetch and SFTP copy.
[2026-09-14 03:52:17] [INFO] [BiharFloodAuto] Successfully pushed automation.log to Git.
[2026-09-14 03:52:17] [INFO] [BiharFloodAuto] --- Loop #259 complete ---
[2026-09-14 03:52:17] [INFO] [BiharFloodAuto] Sleeping for 15 minutes. Next check at 04:07:17. (Use 'Run Now' on the dashboard to skip this.)
[2026-09-14 04:07:17] [INFO] [BiharFloodAuto] --- Loop #260 starting ---
[2026-09-14 04:07:17] [INFO] [BiharFloodAuto] Executing 'git pull' to check for updates...
[2026-09-14 04:07:20] [INFO] [BiharFloodAuto] Repository is already up to date.
[2026-09-14 04:07:20] [INFO] [BiharFloodAuto] [*] Operation is OFF. Skipping Email Fetch and SFTP copy.
[2026-09-14 04:07:23] [INFO] [BiharFloodAuto] Successfully pushed automation.log to Git.
[2026-09-14 04:07:23] [INFO] [BiharFloodAuto] --- Loop #260 complete ---
[2026-09-14 04:07:23] [INFO] [BiharFloodAuto] Sleeping for 15 minutes. Next check at 04:22:23. (Use 'Run Now' on the dashboard to skip this.)
[2026-09-14 04:22:23] [INFO] [BiharFloodAuto] --- Loop #261 starting ---
[2026-09-14 04:22:23] [INFO] [BiharFloodAuto] Executing 'git pull' to check for updates...
[2026-09-14 04:22:26] [INFO] [BiharFloodAuto] Repository is already up to date.
[2026-09-14 04:22:26] [INFO] [BiharFloodAuto] [*] Operation is OFF. Skipping Email Fetch and SFTP copy.
[2026-09-14 04:22:29] [INFO] [BiharFloodAuto] Successfully pushed automation.log to Git.
[2026-09-14 04:22:29] [INFO] [BiharFloodAuto] --- Loop #261 complete ---
[2026-09-14 04:22:29] [INFO] [BiharFloodAuto] Sleeping for 15 minutes. Next check at 04:37:29. (Use 'Run Now' on the dashboard to skip this.)
[2026-09-14 04:37:29] [INFO] [BiharFloodAuto] --- Loop #262 starting ---
[2026-09-14 04:37:29] [INFO] [BiharFloodAuto] Executing 'git pull' to check for updates...
[2026-09-14 04:37:32] [INFO] [BiharFloodAuto] Repository is already up to date.
[2026-09-14 04:37:32] [INFO] [BiharFloodAuto] [*] Operation is OFF. Skipping Email Fetch and SFTP copy.
[2026-09-14 04:37:35] [INFO] [BiharFloodAuto] Successfully pushed automation.log to Git.
[2026-09-14 04:37:35] [INFO] [BiharFloodAuto] --- Loop #262 complete ---
[2026-09-14 04:37:35] [INFO] [BiharFloodAuto] Sleeping for 15 minutes. Next check at 04:52:35. (Use 'Run Now' on the dashboard to skip this.)
[2026-09-14 04:52:35] [INFO] [BiharFloodAuto] --- Loop #263 starting ---
[2026-09-14 04:52:35] [INFO] [BiharFloodAuto] Executing 'git pull' to check for updates...
[2026-09-14 04:52:38] [INFO] [BiharFloodAuto] Repository is already up to date.
[2026-09-14 04:52:38] [INFO] [BiharFloodAuto] [*] Operation is OFF. Skipping Email Fetch and SFTP copy.
[2026-09-14 04:52:41] [INFO] [BiharFloodAuto] Successfully pushed automation.log to Git.
[2026-09-14 04:52:41] [INFO] [BiharFloodAuto] --- Loop #263 complete ---
[2026-09-14 04:52:41] [INFO] [BiharFloodAuto] Sleeping for 15 minutes. Next check at 05:07:41. (Use 'Run Now' on the dashboard to skip this.)
[2026-09-14 05:07:41] [INFO] [BiharFloodAuto] --- Loop #264 starting ---
[2026-09-14 05:07:41] [INFO] [BiharFloodAuto] Executing 'git pull' to check for updates...
[2026-09-14 05:07:44] [INFO] [BiharFloodAuto] Repository is already up to date.
[2026-09-14 05:07:44] [INFO] [BiharFloodAuto] [*] Operation is OFF. Skipping Email Fetch and SFTP copy.
[2026-09-14 05:07:47] [INFO] [BiharFloodAuto] Successfully pushed automation.log to Git.
[2026-09-14 05:07:47] [INFO] [BiharFloodAuto] --- Loop #264 complete ---
[2026-09-14 05:07:47] [INFO] [BiharFloodAuto] Sleeping for 15 minutes. Next check at 05:22:47. (Use 'Run Now' on the dashboard to skip this.)
[2026-09-14 05:22:47] [INFO] [BiharFloodAuto] --- Loop #265 starting ---
[2026-09-14 05:22:47] [INFO] [BiharFloodAuto] Executing 'git pull' to check for updates...
[2026-09-14 05:22:49] [INFO] [BiharFloodAuto] Repository is already up to date.
[2026-09-14 05:22:49] [INFO] [BiharFloodAuto] [*] Operation is OFF. Skipping Email Fetch and SFTP copy.
[2026-09-14 05:22:52] [INFO] [BiharFloodAuto] Successfully pushed automation.log to Git.
[2026-09-14 05:22:52] [INFO] [BiharFloodAuto] --- Loop #265 complete ---
[2026-09-14 05:22:52] [INFO] [BiharFloodAuto] Sleeping for 15 minutes. Next check at 05:37:52. (Use 'Run Now' on the dashboard to skip this.)
[2026-09-14 05:37:52] [INFO] [BiharFloodAuto] --- Loop #266 starting ---
[2026-09-14 05:37:52] [INFO] [BiharFloodAuto] Executing 'git pull' to check for updates...
[2026-09-14 05:37:55] [INFO] [BiharFloodAuto] Repository is already up to date.
[2026-09-14 05:37:55] [INFO] [BiharFloodAuto] [*] Operation is OFF. Skipping Email Fetch and SFTP copy.
[2026-09-14 05:37:58] [INFO] [BiharFloodAuto] Successfully pushed automation.log to Git.
[2026-09-14 05:37:58] [INFO] [BiharFloodAuto] --- Loop #266 complete ---
[2026-09-14 05:37:58] [INFO] [BiharFloodAuto] Sleeping for 15 minutes. Next check at 05:52:58. (Use 'Run Now' on the dashboard to skip this.)
[2026-09-14 05:52:58] [INFO] [BiharFloodAuto] --- Loop #267 starting ---
[2026-09-14 05:52:58] [INFO] [BiharFloodAuto] Executing 'git pull' to check for updates...
[2026-09-14 05:53:01] [INFO] [BiharFloodAuto] Repository is already up to date.
[2026-09-14 05:53:01] [INFO] [BiharFloodAuto] [*] Operation is OFF. Skipping Email Fetch and SFTP copy.
[2026-09-14 05:53:04] [INFO] [BiharFloodAuto] Successfully pushed automation.log to Git.
[2026-09-14 05:53:04] [INFO] [BiharFloodAuto] --- Loop #267 complete ---
[2026-09-14 05:53:04] [INFO] [BiharFloodAuto] Sleeping for 15 minutes. Next check at 06:08:04. (Use 'Run Now' on the dashboard to skip this.)
[2026-09-14 06:08:04] [INFO] [BiharFloodAuto] --- Loop #268 starting ---
[2026-09-14 06:08:04] [INFO] [BiharFloodAuto] Executing 'git pull' to check for updates...
[2026-09-14 06:08:07] [INFO] [BiharFloodAuto] Repository is already up to date.
[2026-09-14 06:08:07] [INFO] [BiharFloodAuto] [*] Operation is OFF. Skipping Email Fetch and SFTP copy.
[2026-09-14 06:08:10] [INFO] [BiharFloodAuto] Successfully pushed automation.log to Git.
[2026-09-14 06:08:10] [INFO] [BiharFloodAuto] --- Loop #268 complete ---
[2026-09-14 06:08:10] [INFO] [BiharFloodAuto] Sleeping for 15 minutes. Next check at 06:23:10. (Use 'Run Now' on the dashboard to skip this.)
[2026-09-14 06:23:10] [INFO] [BiharFloodAuto] --- Loop #269 starting ---
[2026-09-14 06:23:10] [INFO] [BiharFloodAuto] Executing 'git pull' to check for updates...
[2026-09-14 06:23:13] [INFO] [BiharFloodAuto] Repository is already up to date.
[2026-09-14 06:23:13] [INFO] [BiharFloodAuto] [*] Operation is OFF. Skipping Email Fetch and SFTP copy.
[2026-09-14 06:23:16] [INFO] [BiharFloodAuto] Successfully pushed automation.log to Git.
[2026-09-14 06:23:16] [INFO] [BiharFloodAuto] --- Loop #269 complete ---
[2026-09-14 06:23:16] [INFO] [BiharFloodAuto] Sleeping for 15 minutes. Next check at 06:38:16. (Use 'Run Now' on the dashboard to skip this.)
[2026-09-14 06:38:16] [INFO] [BiharFloodAuto] --- Loop #270 starting ---
[2026-09-14 06:38:16] [INFO] [BiharFloodAuto] Executing 'git pull' to check for updates...
[2026-09-14 06:38:19] [INFO] [BiharFloodAuto] Repository is already up to date.
[2026-09-14 06:38:19] [INFO] [BiharFloodAuto] [*] Operation is OFF. Skipping Email Fetch and SFTP copy.
[2026-09-14 06:38:22] [INFO] [BiharFloodAuto] Successfully pushed automation.log to Git.
[2026-09-14 06:38:22] [INFO] [BiharFloodAuto] --- Loop #270 complete ---
[2026-09-14 06:38:22] [INFO] [BiharFloodAuto] Sleeping for 15 minutes. Next check at 06:53:22. (Use 'Run Now' on the dashboard to skip this.)
[2026-09-14 06:53:22] [INFO] [BiharFloodAuto] --- Loop #271 starting ---
[2026-09-14 06:53:22] [INFO] [BiharFloodAuto] Executing 'git pull' to check for updates...
[2026-09-14 06:53:25] [INFO] [BiharFloodAuto] Repository is already up to date.
[2026-09-14 06:53:25] [INFO] [BiharFloodAuto] [*] Operation is OFF. Skipping Email Fetch and SFTP copy.
[2026-09-14 06:53:28] [INFO] [BiharFloodAuto] Successfully pushed automation.log to Git.
[2026-09-14 06:53:28] [INFO] [BiharFloodAuto] --- Loop #271 complete ---
[2026-09-14 06:53:28] [INFO] [BiharFloodAuto] Sleeping for 15 minutes. Next check at 07:08:28. (Use 'Run Now' on the dashboard to skip this.)
[2026-09-14 07:08:28] [INFO] [BiharFloodAuto] --- Loop #272 starting ---
[2026-09-14 07:08:28] [INFO] [BiharFloodAuto] Executing 'git pull' to check for updates...
[2026-09-14 07:08:30] [INFO] [BiharFloodAuto] Repository is already up to date.
[2026-09-14 07:08:30] [INFO] [BiharFloodAuto] [*] Operation is OFF. Skipping Email Fetch and SFTP copy.
[2026-09-14 07:08:34] [INFO] [BiharFloodAuto] Successfully pushed automation.log to Git.
[2026-09-14 07:08:34] [INFO] [BiharFloodAuto] --- Loop #272 complete ---
[2026-09-14 07:08:34] [INFO] [BiharFloodAuto] Sleeping for 15 minutes. Next check at 07:23:34. (Use 'Run Now' on the dashboard to skip this.)
[2026-09-14 07:23:34] [INFO] [BiharFloodAuto] --- Loop #273 starting ---
[2026-09-14 07:23:34] [INFO] [BiharFloodAuto] Executing 'git pull' to check for updates...
[2026-09-14 07:23:36] [INFO] [BiharFloodAuto] Repository is already up to date.
[2026-09-14 07:23:36] [INFO] [BiharFloodAuto] [*] Operation is OFF. Skipping Email Fetch and SFTP copy.
[2026-09-14 07:23:40] [INFO] [BiharFloodAuto] Successfully pushed automation.log to Git.
[2026-09-14 07:23:40] [INFO] [BiharFloodAuto] --- Loop #273 complete ---
[2026-09-14 07:23:40] [INFO] [BiharFloodAuto] Sleeping for 15 minutes. Next check at 07:38:40. (Use 'Run Now' on the dashboard to skip this.)
[2026-09-14 07:38:40] [INFO] [BiharFloodAuto] --- Loop #274 starting ---
[2026-09-14 07:38:40] [INFO] [BiharFloodAuto] Executing 'git pull' to check for updates...
[2026-09-14 07:38:42] [INFO] [BiharFloodAuto] Repository is already up to date.
[2026-09-14 07:38:42] [INFO] [BiharFloodAuto] [*] Operation is OFF. Skipping Email Fetch and SFTP copy.
[2026-09-14 07:38:45] [INFO] [BiharFloodAuto] Successfully pushed automation.log to Git.
[2026-09-14 07:38:45] [INFO] [BiharFloodAuto] --- Loop #274 complete ---
[2026-09-14 07:38:45] [INFO] [BiharFloodAuto] Sleeping for 15 minutes. Next check at 07:53:45. (Use 'Run Now' on the dashboard to skip this.)
[2026-09-14 07:53:45] [INFO] [BiharFloodAuto] --- Loop #275 starting ---
[2026-09-14 07:53:45] [INFO] [BiharFloodAuto] Executing 'git pull' to check for updates...
[2026-09-14 07:53:48] [INFO] [BiharFloodAuto] Repository is already up to date.
[2026-09-14 07:53:48] [INFO] [BiharFloodAuto] [*] Operation is OFF. Skipping Email Fetch and SFTP copy.
[2026-09-14 07:53:51] [INFO] [BiharFloodAuto] Successfully pushed automation.log to Git.
[2026-09-14 07:53:51] [INFO] [BiharFloodAuto] --- Loop #275 complete ---
[2026-09-14 07:53:51] [INFO] [BiharFloodAuto] Sleeping for 15 minutes. Next check at 08:08:51. (Use 'Run Now' on the dashboard to skip this.)
[2026-09-14 08:08:51] [INFO] [BiharFloodAuto] --- Loop #276 starting ---
[2026-09-14 08:08:51] [INFO] [BiharFloodAuto] Executing 'git pull' to check for updates...
[2026-09-14 08:08:54] [INFO] [BiharFloodAuto] Repository is already up to date.
[2026-09-14 08:08:54] [INFO] [BiharFloodAuto] [*] Operation is OFF. Skipping Email Fetch and SFTP copy.
[2026-09-14 08:08:57] [INFO] [BiharFloodAuto] Successfully pushed automation.log to Git.
[2026-09-14 08:08:57] [INFO] [BiharFloodAuto] --- Loop #276 complete ---
[2026-09-14 08:08:57] [INFO] [BiharFloodAuto] Sleeping for 15 minutes. Next check at 08:23:57. (Use 'Run Now' on the dashboard to skip this.)
[2026-09-14 08:23:57] [INFO] [BiharFloodAuto] --- Loop #277 starting ---
[2026-09-14 08:23:57] [INFO] [BiharFloodAuto] Executing 'git pull' to check for updates...
[2026-09-14 08:24:00] [INFO] [BiharFloodAuto] Repository is already up to date.
[2026-09-14 08:24:00] [INFO] [BiharFloodAuto] [*] Operation is OFF. Skipping Email Fetch and SFTP copy.
[2026-09-14 08:24:03] [INFO] [BiharFloodAuto] Successfully pushed automation.log to Git.
[2026-09-14 08:24:03] [INFO] [BiharFloodAuto] --- Loop #277 complete ---
[2026-09-14 08:24:03] [INFO] [BiharFloodAuto] Sleeping for 15 minutes. Next check at 08:39:03. (Use 'Run Now' on the dashboard to skip this.)
[2026-09-14 08:39:03] [INFO] [BiharFloodAuto] --- Loop #278 starting ---
[2026-09-14 08:39:03] [INFO] [BiharFloodAuto] Executing 'git pull' to check for updates...
[2026-09-14 08:39:06] [INFO] [BiharFloodAuto] Repository is already up to date.
[2026-09-14 08:39:06] [INFO] [BiharFloodAuto] [*] Operation is OFF. Skipping Email Fetch and SFTP copy.
[2026-09-14 08:39:09] [INFO] [BiharFloodAuto] Successfully pushed automation.log to Git.
[2026-09-14 08:39:09] [INFO] [BiharFloodAuto] --- Loop #278 complete ---
[2026-09-14 08:39:09] [INFO] [BiharFloodAuto] Sleeping for 15 minutes. Next check at 08:54:09. (Use 'Run Now' on the dashboard to skip this.)
[2026-09-14 08:54:09] [INFO] [BiharFloodAuto] --- Loop #279 starting ---
[2026-09-14 08:54:09] [INFO] [BiharFloodAuto] Executing 'git pull' to check for updates...
[2026-09-14 08:54:12] [INFO] [BiharFloodAuto] Repository is already up to date.
[2026-09-14 08:54:12] [INFO] [BiharFloodAuto] [*] Operation is OFF. Skipping Email Fetch and SFTP copy.
[2026-09-14 08:54:15] [INFO] [BiharFloodAuto] Successfully pushed automation.log to Git.
[2026-09-14 08:54:15] [INFO] [BiharFloodAuto] --- Loop #279 complete ---
[2026-09-14 08:54:15] [INFO] [BiharFloodAuto] Sleeping for 15 minutes. Next check at 09:09:15. (Use 'Run Now' on the dashboard to skip this.)
[2026-09-14 09:09:15] [INFO] [BiharFloodAuto] --- Loop #280 starting ---
[2026-09-14 09:09:15] [INFO] [BiharFloodAuto] Executing 'git pull' to check for updates...
[2026-09-14 09:09:17] [INFO] [BiharFloodAuto] Repository is already up to date.
[2026-09-14 09:09:17] [INFO] [BiharFloodAuto] [*] Operation is OFF. Skipping Email Fetch and SFTP copy.
[2026-09-14 09:09:21] [INFO] [BiharFloodAuto] Successfully pushed automation.log to Git.
[2026-09-14 09:09:21] [INFO] [BiharFloodAuto] --- Loop #280 complete ---
[2026-09-14 09:09:21] [INFO] [BiharFloodAuto] Sleeping for 15 minutes. Next check at 09:24:21. (Use 'Run Now' on the dashboard to skip this.)
[2026-09-14 09:24:21] [INFO] [BiharFloodAuto] --- Loop #281 starting ---
[2026-09-14 09:24:21] [INFO] [BiharFloodAuto] Executing 'git pull' to check for updates...
[2026-09-14 09:24:24] [INFO] [BiharFloodAuto] Repository is already up to date.
[2026-09-14 09:24:24] [INFO] [BiharFloodAuto] [*] Operation is OFF. Skipping Email Fetch and SFTP copy.
[2026-09-14 09:24:27] [INFO] [BiharFloodAuto] Successfully pushed automation.log to Git.
[2026-09-14 09:24:27] [INFO] [BiharFloodAuto] --- Loop #281 complete ---
[2026-09-14 09:24:27] [INFO] [BiharFloodAuto] Sleeping for 15 minutes. Next check at 09:39:27. (Use 'Run Now' on the dashboard to skip this.)
[2026-09-14 09:39:27] [INFO] [BiharFloodAuto] --- Loop #282 starting ---
[2026-09-14 09:39:27] [INFO] [BiharFloodAuto] Executing 'git pull' to check for updates...
[2026-09-14 09:39:30] [INFO] [BiharFloodAuto] Repository is already up to date.
[2026-09-14 09:39:30] [INFO] [BiharFloodAuto] [*] Operation is OFF. Skipping Email Fetch and SFTP copy.
[2026-09-14 09:39:33] [INFO] [BiharFloodAuto] Successfully pushed automation.log to Git.
[2026-09-14 09:39:33] [INFO] [BiharFloodAuto] --- Loop #282 complete ---
[2026-09-14 09:39:33] [INFO] [BiharFloodAuto] Sleeping for 15 minutes. Next check at 09:54:33. (Use 'Run Now' on the dashboard to skip this.)
[2026-09-14 09:54:33] [INFO] [BiharFloodAuto] --- Loop #283 starting ---
[2026-09-14 09:54:33] [INFO] [BiharFloodAuto] Executing 'git pull' to check for updates...
[2026-09-14 09:54:36] [INFO] [BiharFloodAuto] Repository is already up to date.
[2026-09-14 09:54:36] [INFO] [BiharFloodAuto] [*] Operation is OFF. Skipping Email Fetch and SFTP copy.
[2026-09-14 09:54:39] [INFO] [BiharFloodAuto] Successfully pushed automation.log to Git.
[2026-09-14 09:54:39] [INFO] [BiharFloodAuto] --- Loop #283 complete ---
[2026-09-14 09:54:39] [INFO] [BiharFloodAuto] Sleeping for 15 minutes. Next check at 10:09:39. (Use 'Run Now' on the dashboard to skip this.)
[2026-09-14 10:09:39] [INFO] [BiharFloodAuto] --- Loop #284 starting ---
[2026-09-14 10:09:39] [INFO] [BiharFloodAuto] Executing 'git pull' to check for updates...
[2026-09-14 10:09:42] [INFO] [BiharFloodAuto] Repository is already up to date.
[2026-09-14 10:09:42] [INFO] [BiharFloodAuto] [*] Operation is OFF. Skipping Email Fetch and SFTP copy.
[2026-09-14 10:09:45] [INFO] [BiharFloodAuto] Successfully pushed automation.log to Git.
[2026-09-14 10:09:45] [INFO] [BiharFloodAuto] --- Loop #284 complete ---
[2026-09-14 10:09:45] [INFO] [BiharFloodAuto] Sleeping for 15 minutes. Next check at 10:24:45. (Use 'Run Now' on the dashboard to skip this.)
[2026-09-14 10:24:45] [INFO] [BiharFloodAuto] --- Loop #285 starting ---
[2026-09-14 10:24:45] [INFO] [BiharFloodAuto] Executing 'git pull' to check for updates...
[2026-09-14 10:24:48] [INFO] [BiharFloodAuto] Repository is already up to date.
[2026-09-14 10:24:48] [INFO] [BiharFloodAuto] [*] Operation is OFF. Skipping Email Fetch and SFTP copy.
[2026-09-14 10:24:51] [INFO] [BiharFloodAuto] Successfully pushed automation.log to Git.
[2026-09-14 10:24:51] [INFO] [BiharFloodAuto] --- Loop #285 complete ---
[2026-09-14 10:24:51] [INFO] [BiharFloodAuto] Sleeping for 15 minutes. Next check at 10:39:51. (Use 'Run Now' on the dashboard to skip this.)
[2026-09-14 10:39:51] [INFO] [BiharFloodAuto] --- Loop #286 starting ---
[2026-09-14 10:39:51] [INFO] [BiharFloodAuto] Executing 'git pull' to check for updates...
[2026-09-14 10:39:54] [INFO] [BiharFloodAuto] Repository is already up to date.
[2026-09-14 10:39:54] [INFO] [BiharFloodAuto] [*] Operation is OFF. Skipping Email Fetch and SFTP copy.
[2026-09-14 10:39:57] [INFO] [BiharFloodAuto] Successfully pushed automation.log to Git.
[2026-09-14 10:39:57] [INFO] [BiharFloodAuto] --- Loop #286 complete ---
[2026-09-14 10:39:57] [INFO] [BiharFloodAuto] Sleeping for 15 minutes. Next check at 10:54:57. (Use 'Run Now' on the dashboard to skip this.)
[2026-09-14 10:54:57] [INFO] [BiharFloodAuto] --- Loop #287 starting ---
[2026-09-14 10:54:57] [INFO] [BiharFloodAuto] Executing 'git pull' to check for updates...
[2026-09-14 10:55:01] [INFO] [BiharFloodAuto] Repository is already up to date.
[2026-09-14 10:55:01] [INFO] [BiharFloodAuto] [*] Operation is OFF. Skipping Email Fetch and SFTP copy.
[2026-09-14 10:55:06] [INFO] [BiharFloodAuto] Successfully pushed automation.log to Git.
[2026-09-14 10:55:06] [INFO] [BiharFloodAuto] --- Loop #287 complete ---
[2026-09-14 10:55:06] [INFO] [BiharFloodAuto] Sleeping for 15 minutes. Next check at 11:10:06. (Use 'Run Now' on the dashboard to skip this.)
[2026-09-14 11:10:06] [INFO] [BiharFloodAuto] --- Loop #288 starting ---
[2026-09-14 11:10:06] [INFO] [BiharFloodAuto] Executing 'git pull' to check for updates...
[2026-09-14 11:10:08] [INFO] [BiharFloodAuto] Repository is already up to date.
[2026-09-14 11:10:08] [INFO] [BiharFloodAuto] [*] Operation is OFF. Skipping Email Fetch and SFTP copy.
[2026-09-14 11:10:12] [INFO] [BiharFloodAuto] Successfully pushed automation.log to Git.
[2026-09-14 11:10:12] [INFO] [BiharFloodAuto] --- Loop #288 complete ---
[2026-09-14 11:10:12] [INFO] [BiharFloodAuto] Sleeping for 15 minutes. Next check at 11:25:12. (Use 'Run Now' on the dashboard to skip this.)
[2026-09-14 11:17:27] [INFO] [BiharFloodAuto] Manual 'Run Now' triggered via dashboard.
[2026-09-14 11:17:27] [INFO] [BiharFloodAuto] Manual 'Run Now' triggered from dashboard — skipping remaining sleep.
[2026-09-14 11:17:27] [INFO] [BiharFloodAuto] --- Loop #289 starting ---
[2026-09-14 11:17:27] [INFO] [BiharFloodAuto] Executing 'git pull' to check for updates...
[2026-09-14 11:17:30] [INFO] [BiharFloodAuto] Git pull downloaded new changes. HEAD moved from 08e1892 to c956ab7.
[2026-09-14 11:17:31] [INFO] [BiharFloodAuto] Searching Gmail for emails with 'Inundation Probability' from the last 15 days...
[2026-09-14 11:17:34] [INFO] [BiharFloodAuto] [MATCH] Found email with Subject: 'Inundation Probability 14-09-2026 AND 15-09-2026'
[2026-09-14 11:17:34] [INFO] [BiharFloodAuto]    -> Downloading: 15092026.zip (Saving as 15092026.zip)
[2026-09-14 11:17:36] [INFO] [BiharFloodAuto]    -> Saved successfully to /home/sac/Documents/Bihar_Flood_Automate/bihar_flood_automate/15092026.zip
[2026-09-14 11:17:36] [INFO] [BiharFloodAuto]    -> Downloading: 14092026.zip (Saving as 14092026.zip)
[2026-09-14 11:17:38] [INFO] [BiharFloodAuto]    -> Saved successfully to /home/sac/Documents/Bihar_Flood_Automate/bihar_flood_automate/14092026.zip
[2026-09-14 11:17:39] [INFO] [BiharFloodAuto]    -> Marked email as read (cosmetic only).
[2026-09-14 11:17:39] [INFO] [BiharFloodAuto] [MATCH] Found email with Subject: 'Inundation Probability 13-09-2026 AND 14-09-2026'
[2026-09-14 11:17:39] [INFO] [BiharFloodAuto]    -> Downloading: 14092026.zip (Saving as 14092026.zip)
[2026-09-14 11:17:41] [INFO] [BiharFloodAuto]    -> Saved successfully to /home/sac/Documents/Bihar_Flood_Automate/bihar_flood_automate/14092026.zip
[2026-09-14 11:17:41] [INFO] [BiharFloodAuto]    -> Downloading: 13092026.zip (Saving as 13092026.zip)
[2026-09-14 11:17:43] [INFO] [BiharFloodAuto]    -> Saved successfully to /home/sac/Documents/Bihar_Flood_Automate/bihar_flood_automate/13092026.zip
[2026-09-14 11:17:44] [INFO] [BiharFloodAuto]    -> Marked email as read (cosmetic only).
[2026-09-14 11:17:44] [INFO] [paramiko.transport] Connected (version 2.0, client OpenSSH_8.9p1)
[2026-09-14 11:17:44] [INFO] [paramiko.transport] Authentication (password) successful!
[2026-09-14 11:17:44] [INFO] [paramiko.transport.sftp] [chan 0] Opened sftp connection (server version 3)
[2026-09-14 11:17:44] [INFO] [BiharFloodAuto] [+] Overwriting: 29082026.zip -> server...
[2026-09-14 11:17:44] [INFO] [BiharFloodAuto] [+] Overwriting: 11092026.zip -> server...
[2026-09-14 11:17:44] [INFO] [BiharFloodAuto] [+] Overwriting: 28082026.zip -> server...
[2026-09-14 11:17:44] [INFO] [BiharFloodAuto] [+] Overwriting: 05092026.zip -> server...
[2026-09-14 11:17:44] [INFO] [BiharFloodAuto] [+] Overwriting: 12092026.zip -> server...
[2026-09-14 11:17:45] [INFO] [BiharFloodAuto] [+] Overwriting: 07092026.zip -> server...
[2026-09-14 11:17:45] [INFO] [BiharFloodAuto] [+] Overwriting: 13092026.zip -> server...
[2026-09-14 11:17:45] [INFO] [BiharFloodAuto] [+] Overwriting: 08092026.zip -> server...
[2026-09-14 11:17:45] [INFO] [BiharFloodAuto] [+] Overwriting: 14092026.zip -> server...
[2026-09-14 11:17:45] [INFO] [BiharFloodAuto] [+] Overwriting: 02092026.zip -> server...
[2026-09-14 11:17:45] [INFO] [BiharFloodAuto] [+] Overwriting: 27082026.zip -> server...
[2026-09-14 11:17:45] [INFO] [BiharFloodAuto] [+] Overwriting: 09092026.zip -> server...
[2026-09-14 11:17:45] [INFO] [BiharFloodAuto] [+] Overwriting: 10092026.zip -> server...
[2026-09-14 11:17:45] [INFO] [BiharFloodAuto] [+] Overwriting: 06092026.zip -> server...
[2026-09-14 11:17:45] [INFO] [BiharFloodAuto] [+] Overwriting: 30082026.zip -> server...
[2026-09-14 11:17:45] [INFO] [BiharFloodAuto] [+] Uploading: 15092026.zip -> server...
[2026-09-14 11:17:45] [INFO] [BiharFloodAuto] [+] Overwriting: 01092026.zip -> server...
[2026-09-14 11:17:45] [INFO] [BiharFloodAuto] [+] Overwriting: 04092026.zip -> server...
[2026-09-14 11:17:45] [INFO] [BiharFloodAuto] [+] Overwriting: 31082026.zip -> server...
[2026-09-14 11:17:46] [INFO] [BiharFloodAuto] [+] Overwriting: 03092026.zip -> server...
[2026-09-14 11:17:46] [INFO] [BiharFloodAuto] [+] Successfully copied 20 file(s).
[2026-09-14 11:17:46] [INFO] [paramiko.transport.sftp] [chan 0] sftp session closed.
[2026-09-14 11:17:49] [INFO] [BiharFloodAuto] Successfully pushed automation.log to Git.
[2026-09-14 11:17:49] [INFO] [BiharFloodAuto] --- Loop #289 complete ---
[2026-09-14 11:17:49] [INFO] [BiharFloodAuto] Sleeping for 15 minutes. Next check at 11:32:49. (Use 'Run Now' on the dashboard to skip this.)
[2026-09-14 11:32:49] [INFO] [BiharFloodAuto] --- Loop #290 starting ---
[2026-09-14 11:32:49] [INFO] [BiharFloodAuto] Executing 'git pull' to check for updates...
[2026-09-14 11:32:52] [INFO] [BiharFloodAuto] Repository is already up to date.
[2026-09-14 11:32:52] [INFO] [BiharFloodAuto] Searching Gmail for emails with 'Inundation Probability' from the last 15 days...
[2026-09-14 11:32:53] [INFO] [BiharFloodAuto] No new (undownloaded) matching emails found.
[2026-09-14 11:32:53] [INFO] [paramiko.transport] Connected (version 2.0, client OpenSSH_8.9p1)
[2026-09-14 11:32:53] [INFO] [paramiko.transport] Authentication (password) successful!
[2026-09-14 11:32:53] [INFO] [paramiko.transport.sftp] [chan 0] Opened sftp connection (server version 3)
[2026-09-14 11:32:53] [INFO] [BiharFloodAuto] [+] Overwriting: 29082026.zip -> server...
[2026-09-14 11:32:53] [INFO] [BiharFloodAuto] [+] Overwriting: 11092026.zip -> server...
[2026-09-14 11:32:53] [INFO] [BiharFloodAuto] [+] Overwriting: 28082026.zip -> server...
[2026-09-14 11:32:54] [INFO] [BiharFloodAuto] [+] Overwriting: 05092026.zip -> server...
[2026-09-14 11:32:54] [INFO] [BiharFloodAuto] [+] Overwriting: 12092026.zip -> server...
[2026-09-14 11:32:54] [INFO] [BiharFloodAuto] [+] Overwriting: 07092026.zip -> server...
[2026-09-14 11:32:54] [INFO] [BiharFloodAuto] [+] Overwriting: 13092026.zip -> server...
[2026-09-14 11:32:54] [INFO] [BiharFloodAuto] [+] Overwriting: 08092026.zip -> server...
[2026-09-14 11:32:54] [INFO] [BiharFloodAuto] [+] Overwriting: 14092026.zip -> server...
[2026-09-14 11:32:54] [INFO] [BiharFloodAuto] [+] Overwriting: 02092026.zip -> server...
[2026-09-14 11:32:54] [INFO] [BiharFloodAuto] [+] Overwriting: 27082026.zip -> server...
[2026-09-14 11:32:54] [INFO] [BiharFloodAuto] [+] Overwriting: 09092026.zip -> server...
[2026-09-14 11:32:54] [INFO] [BiharFloodAuto] [+] Overwriting: 10092026.zip -> server...
[2026-09-14 11:32:54] [INFO] [BiharFloodAuto] [+] Overwriting: 06092026.zip -> server...
[2026-09-14 11:32:54] [INFO] [BiharFloodAuto] [+] Overwriting: 30082026.zip -> server...
[2026-09-14 11:32:54] [INFO] [BiharFloodAuto] [+] Overwriting: 15092026.zip -> server...
[2026-09-14 11:32:55] [INFO] [BiharFloodAuto] [+] Overwriting: 01092026.zip -> server...
[2026-09-14 11:32:55] [INFO] [BiharFloodAuto] [+] Overwriting: 04092026.zip -> server...
[2026-09-14 11:32:55] [INFO] [BiharFloodAuto] [+] Overwriting: 31082026.zip -> server...
[2026-09-14 11:32:55] [INFO] [BiharFloodAuto] [+] Overwriting: 03092026.zip -> server...
[2026-09-14 11:32:55] [INFO] [BiharFloodAuto] [+] Successfully copied 20 file(s).
[2026-09-14 11:32:55] [INFO] [paramiko.transport.sftp] [chan 0] sftp session closed.
[2026-09-14 11:33:00] [INFO] [BiharFloodAuto] Successfully pushed automation.log to Git.
[2026-09-14 11:33:00] [INFO] [BiharFloodAuto] --- Loop #290 complete ---
[2026-09-14 11:33:00] [INFO] [BiharFloodAuto] Sleeping for 15 minutes. Next check at 11:48:00. (Use 'Run Now' on the dashboard to skip this.)
[2026-09-14 11:48:00] [INFO] [BiharFloodAuto] --- Loop #291 starting ---
[2026-09-14 11:48:00] [INFO] [BiharFloodAuto] Executing 'git pull' to check for updates...
[2026-09-14 11:48:03] [INFO] [BiharFloodAuto] Repository is already up to date.
[2026-09-14 11:48:04] [INFO] [BiharFloodAuto] Searching Gmail for emails with 'Inundation Probability' from the last 15 days...
[2026-09-14 11:48:05] [INFO] [BiharFloodAuto] No new (undownloaded) matching emails found.
[2026-09-14 11:48:05] [INFO] [paramiko.transport] Connected (version 2.0, client OpenSSH_8.9p1)
[2026-09-14 11:48:05] [INFO] [paramiko.transport] Authentication (password) successful!
[2026-09-14 11:48:05] [INFO] [paramiko.transport.sftp] [chan 0] Opened sftp connection (server version 3)
[2026-09-14 11:48:05] [INFO] [BiharFloodAuto] [+] Overwriting: 29082026.zip -> server...
[2026-09-14 11:48:05] [INFO] [BiharFloodAuto] [+] Overwriting: 11092026.zip -> server...
[2026-09-14 11:48:05] [INFO] [BiharFloodAuto] [+] Overwriting: 28082026.zip -> server...
[2026-09-14 11:48:06] [INFO] [BiharFloodAuto] [+] Overwriting: 05092026.zip -> server...
[2026-09-14 11:48:06] [INFO] [BiharFloodAuto] [+] Overwriting: 12092026.zip -> server...
[2026-09-14 11:48:06] [INFO] [BiharFloodAuto] [+] Overwriting: 07092026.zip -> server...
[2026-09-14 11:48:06] [INFO] [BiharFloodAuto] [+] Overwriting: 13092026.zip -> server...
[2026-09-14 11:48:06] [INFO] [BiharFloodAuto] [+] Overwriting: 08092026.zip -> server...
[2026-09-14 11:48:06] [INFO] [BiharFloodAuto] [+] Overwriting: 14092026.zip -> server...
[2026-09-14 11:48:06] [INFO] [BiharFloodAuto] [+] Overwriting: 02092026.zip -> server...
[2026-09-14 11:48:06] [INFO] [BiharFloodAuto] [+] Overwriting: 27082026.zip -> server...
[2026-09-14 11:48:06] [INFO] [BiharFloodAuto] [+] Overwriting: 09092026.zip -> server...
[2026-09-14 11:48:06] [INFO] [BiharFloodAuto] [+] Overwriting: 10092026.zip -> server...
[2026-09-14 11:48:06] [INFO] [BiharFloodAuto] [+] Overwriting: 06092026.zip -> server...
[2026-09-14 11:48:06] [INFO] [BiharFloodAuto] [+] Overwriting: 30082026.zip -> server...
[2026-09-14 11:48:06] [INFO] [BiharFloodAuto] [+] Overwriting: 15092026.zip -> server...
[2026-09-14 11:48:06] [INFO] [BiharFloodAuto] [+] Overwriting: 01092026.zip -> server...
[2026-09-14 11:48:06] [INFO] [BiharFloodAuto] [+] Overwriting: 04092026.zip -> server...
[2026-09-14 11:48:06] [INFO] [BiharFloodAuto] [+] Overwriting: 31082026.zip -> server...
[2026-09-14 11:48:06] [INFO] [BiharFloodAuto] [+] Overwriting: 03092026.zip -> server...
[2026-09-14 11:48:06] [INFO] [BiharFloodAuto] [+] Successfully copied 20 file(s).
[2026-09-14 11:48:06] [INFO] [paramiko.transport.sftp] [chan 0] sftp session closed.
[2026-09-14 11:48:09] [INFO] [BiharFloodAuto] Successfully pushed automation.log to Git.
[2026-09-14 11:48:09] [INFO] [BiharFloodAuto] --- Loop #291 complete ---
[2026-09-14 11:48:09] [INFO] [BiharFloodAuto] Sleeping for 15 minutes. Next check at 12:03:09. (Use 'Run Now' on the dashboard to skip this.)
[2026-09-14 12:03:09] [INFO] [BiharFloodAuto] --- Loop #292 starting ---
[2026-09-14 12:03:09] [INFO] [BiharFloodAuto] Executing 'git pull' to check for updates...
[2026-09-14 12:03:13] [INFO] [BiharFloodAuto] Repository is already up to date.
[2026-09-14 12:03:13] [INFO] [BiharFloodAuto] Searching Gmail for emails with 'Inundation Probability' from the last 15 days...
[2026-09-14 12:03:16] [INFO] [BiharFloodAuto] No new (undownloaded) matching emails found.
[2026-09-14 12:03:16] [INFO] [paramiko.transport] Connected (version 2.0, client OpenSSH_8.9p1)
[2026-09-14 12:03:16] [INFO] [paramiko.transport] Authentication (password) successful!
[2026-09-14 12:03:16] [INFO] [paramiko.transport.sftp] [chan 0] Opened sftp connection (server version 3)
[2026-09-14 12:03:16] [INFO] [BiharFloodAuto] [+] Overwriting: 29082026.zip -> server...
[2026-09-14 12:03:16] [INFO] [BiharFloodAuto] [+] Overwriting: 11092026.zip -> server...
[2026-09-14 12:03:17] [INFO] [BiharFloodAuto] [+] Overwriting: 28082026.zip -> server...
[2026-09-14 12:03:17] [INFO] [BiharFloodAuto] [+] Overwriting: 05092026.zip -> server...
[2026-09-14 12:03:17] [INFO] [BiharFloodAuto] [+] Overwriting: 12092026.zip -> server...
[2026-09-14 12:03:17] [INFO] [BiharFloodAuto] [+] Overwriting: 07092026.zip -> server...
[2026-09-14 12:03:17] [INFO] [BiharFloodAuto] [+] Overwriting: 13092026.zip -> server...
[2026-09-14 12:03:17] [INFO] [BiharFloodAuto] [+] Overwriting: 08092026.zip -> server...
[2026-09-14 12:03:17] [INFO] [BiharFloodAuto] [+] Overwriting: 14092026.zip -> server...
[2026-09-14 12:03:17] [INFO] [BiharFloodAuto] [+] Overwriting: 02092026.zip -> server...
[2026-09-14 12:03:17] [INFO] [BiharFloodAuto] [+] Overwriting: 27082026.zip -> server...
[2026-09-14 12:03:17] [INFO] [BiharFloodAuto] [+] Overwriting: 09092026.zip -> server...
[2026-09-14 12:03:17] [INFO] [BiharFloodAuto] [+] Overwriting: 10092026.zip -> server...
[2026-09-14 12:03:17] [INFO] [BiharFloodAuto] [+] Overwriting: 06092026.zip -> server...
[2026-09-14 12:03:17] [INFO] [BiharFloodAuto] [+] Overwriting: 30082026.zip -> server...
[2026-09-14 12:03:18] [INFO] [BiharFloodAuto] [+] Overwriting: 15092026.zip -> server...
[2026-09-14 12:03:18] [INFO] [BiharFloodAuto] [+] Overwriting: 01092026.zip -> server...
[2026-09-14 12:03:18] [INFO] [BiharFloodAuto] [+] Overwriting: 04092026.zip -> server...
[2026-09-14 12:03:18] [INFO] [BiharFloodAuto] [+] Overwriting: 31082026.zip -> server...
[2026-09-14 12:03:18] [INFO] [BiharFloodAuto] [+] Overwriting: 03092026.zip -> server...
[2026-09-14 12:03:18] [INFO] [BiharFloodAuto] [+] Successfully copied 20 file(s).
[2026-09-14 12:03:18] [INFO] [paramiko.transport.sftp] [chan 0] sftp session closed.
[2026-09-14 12:03:22] [INFO] [BiharFloodAuto] Successfully pushed automation.log to Git.
[2026-09-14 12:03:22] [INFO] [BiharFloodAuto] --- Loop #292 complete ---
[2026-09-14 12:03:22] [INFO] [BiharFloodAuto] Sleeping for 15 minutes. Next check at 12:18:22. (Use 'Run Now' on the dashboard to skip this.)
[2026-09-14 12:18:22] [INFO] [BiharFloodAuto] --- Loop #293 starting ---
[2026-09-14 12:18:22] [INFO] [BiharFloodAuto] Executing 'git pull' to check for updates...
[2026-09-14 12:18:25] [INFO] [BiharFloodAuto] Repository is already up to date.
[2026-09-14 12:18:25] [INFO] [BiharFloodAuto] Searching Gmail for emails with 'Inundation Probability' from the last 15 days...
[2026-09-14 12:18:26] [INFO] [BiharFloodAuto] No new (undownloaded) matching emails found.
[2026-09-14 12:18:26] [INFO] [paramiko.transport] Connected (version 2.0, client OpenSSH_8.9p1)
[2026-09-14 12:18:26] [INFO] [paramiko.transport] Authentication (password) successful!
[2026-09-14 12:18:27] [INFO] [paramiko.transport.sftp] [chan 0] Opened sftp connection (server version 3)
[2026-09-14 12:18:27] [INFO] [BiharFloodAuto] [+] Overwriting: 29082026.zip -> server...
[2026-09-14 12:18:27] [INFO] [BiharFloodAuto] [+] Overwriting: 11092026.zip -> server...
[2026-09-14 12:18:27] [INFO] [BiharFloodAuto] [+] Overwriting: 28082026.zip -> server...
[2026-09-14 12:18:27] [INFO] [BiharFloodAuto] [+] Overwriting: 05092026.zip -> server...
[2026-09-14 12:18:27] [INFO] [BiharFloodAuto] [+] Overwriting: 12092026.zip -> server...
[2026-09-14 12:18:27] [INFO] [BiharFloodAuto] [+] Overwriting: 07092026.zip -> server...
[2026-09-14 12:18:27] [INFO] [BiharFloodAuto] [+] Overwriting: 13092026.zip -> server...
[2026-09-14 12:18:27] [INFO] [BiharFloodAuto] [+] Overwriting: 08092026.zip -> server...
[2026-09-14 12:18:27] [INFO] [BiharFloodAuto] [+] Overwriting: 14092026.zip -> server...
[2026-09-14 12:18:27] [INFO] [BiharFloodAuto] [+] Overwriting: 02092026.zip -> server...
[2026-09-14 12:18:27] [INFO] [BiharFloodAuto] [+] Overwriting: 27082026.zip -> server...
[2026-09-14 12:18:27] [INFO] [BiharFloodAuto] [+] Overwriting: 09092026.zip -> server...
[2026-09-14 12:18:27] [INFO] [BiharFloodAuto] [+] Overwriting: 10092026.zip -> server...
[2026-09-14 12:18:27] [INFO] [BiharFloodAuto] [+] Overwriting: 06092026.zip -> server...
[2026-09-14 12:18:27] [INFO] [BiharFloodAuto] [+] Overwriting: 30082026.zip -> server...
[2026-09-14 12:18:28] [INFO] [BiharFloodAuto] [+] Overwriting: 15092026.zip -> server...
[2026-09-14 12:18:28] [INFO] [BiharFloodAuto] [+] Overwriting: 01092026.zip -> server...
[2026-09-14 12:18:28] [INFO] [BiharFloodAuto] [+] Overwriting: 04092026.zip -> server...
[2026-09-14 12:18:28] [INFO] [BiharFloodAuto] [+] Overwriting: 31082026.zip -> server...
[2026-09-14 12:18:28] [INFO] [BiharFloodAuto] [+] Overwriting: 03092026.zip -> server...
[2026-09-14 12:18:28] [INFO] [BiharFloodAuto] [+] Successfully copied 20 file(s).
[2026-09-14 12:18:28] [INFO] [paramiko.transport.sftp] [chan 0] sftp session closed.
[2026-09-14 12:18:32] [INFO] [BiharFloodAuto] Successfully pushed automation.log to Git.
[2026-09-14 12:18:32] [INFO] [BiharFloodAuto] --- Loop #293 complete ---
[2026-09-14 12:18:32] [INFO] [BiharFloodAuto] Sleeping for 15 minutes. Next check at 12:33:32. (Use 'Run Now' on the dashboard to skip this.)
[2026-09-14 12:33:32] [INFO] [BiharFloodAuto] --- Loop #294 starting ---
[2026-09-14 12:33:32] [INFO] [BiharFloodAuto] Executing 'git pull' to check for updates...
[2026-09-14 12:33:35] [INFO] [BiharFloodAuto] Repository is already up to date.
[2026-09-14 12:33:36] [INFO] [BiharFloodAuto] Searching Gmail for emails with 'Inundation Probability' from the last 15 days...
[2026-09-14 12:33:36] [INFO] [BiharFloodAuto] No new (undownloaded) matching emails found.
[2026-09-14 12:33:36] [INFO] [paramiko.transport] Connected (version 2.0, client OpenSSH_8.9p1)
[2026-09-14 12:33:37] [INFO] [paramiko.transport] Authentication (password) successful!
[2026-09-14 12:33:37] [INFO] [paramiko.transport.sftp] [chan 0] Opened sftp connection (server version 3)
[2026-09-14 12:33:37] [INFO] [BiharFloodAuto] [+] Overwriting: 29082026.zip -> server...
[2026-09-14 12:33:37] [INFO] [BiharFloodAuto] [+] Overwriting: 11092026.zip -> server...
[2026-09-14 12:33:37] [INFO] [BiharFloodAuto] [+] Overwriting: 28082026.zip -> server...
[2026-09-14 12:33:38] [INFO] [BiharFloodAuto] [+] Overwriting: 05092026.zip -> server...
[2026-09-14 12:33:38] [INFO] [BiharFloodAuto] [+] Overwriting: 12092026.zip -> server...
[2026-09-14 12:33:38] [INFO] [BiharFloodAuto] [+] Overwriting: 07092026.zip -> server...
[2026-09-14 12:33:38] [INFO] [BiharFloodAuto] [+] Overwriting: 13092026.zip -> server...
[2026-09-14 12:33:38] [INFO] [BiharFloodAuto] [+] Overwriting: 08092026.zip -> server...
[2026-09-14 12:33:38] [INFO] [BiharFloodAuto] [+] Overwriting: 14092026.zip -> server...
[2026-09-14 12:33:38] [INFO] [BiharFloodAuto] [+] Overwriting: 02092026.zip -> server...
[2026-09-14 12:33:38] [INFO] [BiharFloodAuto] [+] Overwriting: 27082026.zip -> server...
[2026-09-14 12:33:39] [INFO] [BiharFloodAuto] [+] Overwriting: 09092026.zip -> server...
[2026-09-14 12:33:39] [INFO] [BiharFloodAuto] [+] Overwriting: 10092026.zip -> server...
[2026-09-14 12:33:39] [INFO] [BiharFloodAuto] [+] Overwriting: 06092026.zip -> server...
[2026-09-14 12:33:39] [INFO] [BiharFloodAuto] [+] Overwriting: 30082026.zip -> server...
[2026-09-14 12:33:39] [INFO] [BiharFloodAuto] [+] Overwriting: 15092026.zip -> server...
[2026-09-14 12:33:39] [INFO] [BiharFloodAuto] [+] Overwriting: 01092026.zip -> server...
[2026-09-14 12:33:39] [INFO] [BiharFloodAuto] [+] Overwriting: 04092026.zip -> server...
[2026-09-14 12:33:39] [INFO] [BiharFloodAuto] [+] Overwriting: 31082026.zip -> server...
[2026-09-14 12:33:39] [INFO] [BiharFloodAuto] [+] Overwriting: 03092026.zip -> server...
[2026-09-14 12:33:39] [INFO] [BiharFloodAuto] [+] Successfully copied 20 file(s).
[2026-09-14 12:33:39] [INFO] [paramiko.transport.sftp] [chan 0] sftp session closed.
[2026-09-14 12:33:43] [INFO] [BiharFloodAuto] Successfully pushed automation.log to Git.
[2026-09-14 12:33:43] [INFO] [BiharFloodAuto] --- Loop #294 complete ---
[2026-09-14 12:33:43] [INFO] [BiharFloodAuto] Sleeping for 15 minutes. Next check at 12:48:43. (Use 'Run Now' on the dashboard to skip this.)
[2026-09-14 12:48:43] [INFO] [BiharFloodAuto] --- Loop #295 starting ---
[2026-09-14 12:48:43] [INFO] [BiharFloodAuto] Executing 'git pull' to check for updates...
[2026-09-14 12:48:46] [INFO] [BiharFloodAuto] Repository is already up to date.
[2026-09-14 12:48:47] [INFO] [BiharFloodAuto] Searching Gmail for emails with 'Inundation Probability' from the last 15 days...
[2026-09-14 12:48:47] [INFO] [BiharFloodAuto] No new (undownloaded) matching emails found.
[2026-09-14 12:48:47] [INFO] [paramiko.transport] Connected (version 2.0, client OpenSSH_8.9p1)
[2026-09-14 12:48:48] [INFO] [paramiko.transport] Authentication (password) successful!
[2026-09-14 12:48:48] [INFO] [paramiko.transport.sftp] [chan 0] Opened sftp connection (server version 3)
[2026-09-14 12:48:48] [INFO] [BiharFloodAuto] [+] Overwriting: 29082026.zip -> server...
[2026-09-14 12:48:48] [INFO] [BiharFloodAuto] [+] Overwriting: 11092026.zip -> server...
[2026-09-14 12:48:48] [INFO] [BiharFloodAuto] [+] Overwriting: 28082026.zip -> server...
[2026-09-14 12:48:48] [INFO] [BiharFloodAuto] [+] Overwriting: 05092026.zip -> server...
[2026-09-14 12:48:48] [INFO] [BiharFloodAuto] [+] Overwriting: 12092026.zip -> server...
[2026-09-14 12:48:48] [INFO] [BiharFloodAuto] [+] Overwriting: 07092026.zip -> server...
[2026-09-14 12:48:48] [INFO] [BiharFloodAuto] [+] Overwriting: 13092026.zip -> server...
[2026-09-14 12:48:48] [INFO] [BiharFloodAuto] [+] Overwriting: 08092026.zip -> server...
[2026-09-14 12:48:48] [INFO] [BiharFloodAuto] [+] Overwriting: 14092026.zip -> server...
[2026-09-14 12:48:49] [INFO] [BiharFloodAuto] [+] Overwriting: 02092026.zip -> server...
[2026-09-14 12:48:49] [INFO] [BiharFloodAuto] [+] Overwriting: 27082026.zip -> server...
[2026-09-14 12:48:49] [INFO] [BiharFloodAuto] [+] Overwriting: 09092026.zip -> server...
[2026-09-14 12:48:49] [INFO] [BiharFloodAuto] [+] Overwriting: 10092026.zip -> server...
[2026-09-14 12:48:49] [INFO] [BiharFloodAuto] [+] Overwriting: 06092026.zip -> server...
[2026-09-14 12:48:49] [INFO] [BiharFloodAuto] [+] Overwriting: 30082026.zip -> server...
[2026-09-14 12:48:49] [INFO] [BiharFloodAuto] [+] Overwriting: 15092026.zip -> server...
[2026-09-14 12:48:49] [INFO] [BiharFloodAuto] [+] Overwriting: 01092026.zip -> server...
[2026-09-14 12:48:49] [INFO] [BiharFloodAuto] [+] Overwriting: 04092026.zip -> server...
[2026-09-14 12:48:49] [INFO] [BiharFloodAuto] [+] Overwriting: 31082026.zip -> server...
[2026-09-14 12:48:49] [INFO] [BiharFloodAuto] [+] Overwriting: 03092026.zip -> server...
[2026-09-14 12:48:49] [INFO] [BiharFloodAuto] [+] Successfully copied 20 file(s).
[2026-09-14 12:48:49] [INFO] [paramiko.transport.sftp] [chan 0] sftp session closed.
[2026-09-14 12:48:52] [INFO] [BiharFloodAuto] Successfully pushed automation.log to Git.
[2026-09-14 12:48:52] [INFO] [BiharFloodAuto] --- Loop #295 complete ---
[2026-09-14 12:48:52] [INFO] [BiharFloodAuto] Sleeping for 15 minutes. Next check at 13:03:52. (Use 'Run Now' on the dashboard to skip this.)
[2026-09-14 13:03:53] [INFO] [BiharFloodAuto] --- Loop #296 starting ---
[2026-09-14 13:03:53] [INFO] [BiharFloodAuto] Executing 'git pull' to check for updates...
[2026-09-14 13:03:55] [INFO] [BiharFloodAuto] Repository is already up to date.
[2026-09-14 13:03:56] [INFO] [BiharFloodAuto] Searching Gmail for emails with 'Inundation Probability' from the last 15 days...
[2026-09-14 13:03:57] [INFO] [BiharFloodAuto] No new (undownloaded) matching emails found.
[2026-09-14 13:03:57] [INFO] [paramiko.transport] Connected (version 2.0, client OpenSSH_8.9p1)
[2026-09-14 13:03:58] [INFO] [paramiko.transport] Authentication (password) successful!
[2026-09-14 13:03:58] [INFO] [paramiko.transport.sftp] [chan 0] Opened sftp connection (server version 3)
[2026-09-14 13:03:58] [INFO] [BiharFloodAuto] [+] Overwriting: 29082026.zip -> server...
[2026-09-14 13:03:58] [INFO] [BiharFloodAuto] [+] Overwriting: 11092026.zip -> server...
[2026-09-14 13:03:58] [INFO] [BiharFloodAuto] [+] Overwriting: 28082026.zip -> server...
[2026-09-14 13:03:59] [INFO] [BiharFloodAuto] [+] Overwriting: 05092026.zip -> server...
[2026-09-14 13:03:59] [INFO] [BiharFloodAuto] [+] Overwriting: 12092026.zip -> server...
[2026-09-14 13:03:59] [INFO] [BiharFloodAuto] [+] Overwriting: 07092026.zip -> server...
[2026-09-14 13:03:59] [INFO] [BiharFloodAuto] [+] Overwriting: 13092026.zip -> server...
[2026-09-14 13:03:59] [INFO] [BiharFloodAuto] [+] Overwriting: 08092026.zip -> server...
[2026-09-14 13:03:59] [INFO] [BiharFloodAuto] [+] Overwriting: 14092026.zip -> server...
[2026-09-14 13:03:59] [INFO] [BiharFloodAuto] [+] Overwriting: 02092026.zip -> server...
[2026-09-14 13:03:59] [INFO] [BiharFloodAuto] [+] Overwriting: 27082026.zip -> server...
[2026-09-14 13:04:00] [INFO] [BiharFloodAuto] [+] Overwriting: 09092026.zip -> server...
[2026-09-14 13:04:00] [INFO] [BiharFloodAuto] [+] Overwriting: 10092026.zip -> server...
[2026-09-14 13:04:00] [INFO] [BiharFloodAuto] [+] Overwriting: 06092026.zip -> server...
[2026-09-14 13:04:00] [INFO] [BiharFloodAuto] [+] Overwriting: 30082026.zip -> server...
[2026-09-14 13:04:00] [INFO] [BiharFloodAuto] [+] Overwriting: 15092026.zip -> server...
[2026-09-14 13:04:00] [INFO] [BiharFloodAuto] [+] Overwriting: 01092026.zip -> server...
[2026-09-14 13:04:00] [INFO] [BiharFloodAuto] [+] Overwriting: 04092026.zip -> server...
[2026-09-14 13:04:00] [INFO] [BiharFloodAuto] [+] Overwriting: 31082026.zip -> server...
[2026-09-14 13:04:00] [INFO] [BiharFloodAuto] [+] Overwriting: 03092026.zip -> server...
[2026-09-14 13:04:00] [INFO] [BiharFloodAuto] [+] Successfully copied 20 file(s).
[2026-09-14 13:04:00] [INFO] [paramiko.transport.sftp] [chan 0] sftp session closed.
[2026-09-14 13:04:06] [INFO] [BiharFloodAuto] Successfully pushed automation.log to Git.
[2026-09-14 13:04:06] [INFO] [BiharFloodAuto] --- Loop #296 complete ---
[2026-09-14 13:04:06] [INFO] [BiharFloodAuto] Sleeping for 15 minutes. Next check at 13:19:06. (Use 'Run Now' on the dashboard to skip this.)
[2026-09-14 13:19:06] [INFO] [BiharFloodAuto] --- Loop #297 starting ---
[2026-09-14 13:19:06] [INFO] [BiharFloodAuto] Executing 'git pull' to check for updates...
[2026-09-14 13:19:08] [INFO] [BiharFloodAuto] Repository is already up to date.
[2026-09-14 13:19:09] [INFO] [BiharFloodAuto] Searching Gmail for emails with 'Inundation Probability' from the last 15 days...
[2026-09-14 13:19:10] [INFO] [BiharFloodAuto] No new (undownloaded) matching emails found.
[2026-09-14 13:19:10] [INFO] [paramiko.transport] Connected (version 2.0, client OpenSSH_8.9p1)
[2026-09-14 13:19:11] [INFO] [paramiko.transport] Authentication (password) successful!
[2026-09-14 13:19:11] [INFO] [paramiko.transport.sftp] [chan 0] Opened sftp connection (server version 3)
[2026-09-14 13:19:11] [INFO] [BiharFloodAuto] [+] Overwriting: 29082026.zip -> server...
[2026-09-14 13:19:11] [INFO] [BiharFloodAuto] [+] Overwriting: 11092026.zip -> server...
[2026-09-14 13:19:11] [INFO] [BiharFloodAuto] [+] Overwriting: 28082026.zip -> server...
[2026-09-14 13:19:11] [INFO] [BiharFloodAuto] [+] Overwriting: 05092026.zip -> server...
[2026-09-14 13:19:11] [INFO] [BiharFloodAuto] [+] Overwriting: 12092026.zip -> server...
[2026-09-14 13:19:11] [INFO] [BiharFloodAuto] [+] Overwriting: 07092026.zip -> server...
[2026-09-14 13:19:11] [INFO] [BiharFloodAuto] [+] Overwriting: 13092026.zip -> server...
[2026-09-14 13:19:11] [INFO] [BiharFloodAuto] [+] Overwriting: 08092026.zip -> server...
[2026-09-14 13:19:12] [INFO] [BiharFloodAuto] [+] Overwriting: 14092026.zip -> server...
[2026-09-14 13:19:12] [INFO] [BiharFloodAuto] [+] Overwriting: 02092026.zip -> server...
[2026-09-14 13:19:12] [INFO] [BiharFloodAuto] [+] Overwriting: 27082026.zip -> server...
[2026-09-14 13:19:12] [INFO] [BiharFloodAuto] [+] Overwriting: 09092026.zip -> server...
[2026-09-14 13:19:12] [INFO] [BiharFloodAuto] [+] Overwriting: 10092026.zip -> server...
[2026-09-14 13:19:12] [INFO] [BiharFloodAuto] [+] Overwriting: 06092026.zip -> server...
[2026-09-14 13:19:12] [INFO] [BiharFloodAuto] [+] Overwriting: 30082026.zip -> server...
[2026-09-14 13:19:12] [INFO] [BiharFloodAuto] [+] Overwriting: 15092026.zip -> server...
[2026-09-14 13:19:12] [INFO] [BiharFloodAuto] [+] Overwriting: 01092026.zip -> server...
[2026-09-14 13:19:12] [INFO] [BiharFloodAuto] [+] Overwriting: 04092026.zip -> server...
[2026-09-14 13:19:12] [INFO] [BiharFloodAuto] [+] Overwriting: 31082026.zip -> server...
[2026-09-14 13:19:12] [INFO] [BiharFloodAuto] [+] Overwriting: 03092026.zip -> server...
[2026-09-14 13:19:12] [INFO] [BiharFloodAuto] [+] Successfully copied 20 file(s).
[2026-09-14 13:19:12] [INFO] [paramiko.transport.sftp] [chan 0] sftp session closed.
[2026-09-14 13:19:17] [INFO] [BiharFloodAuto] Successfully pushed automation.log to Git.
[2026-09-14 13:19:17] [INFO] [BiharFloodAuto] --- Loop #297 complete ---
[2026-09-14 13:19:17] [INFO] [BiharFloodAuto] Sleeping for 15 minutes. Next check at 13:34:17. (Use 'Run Now' on the dashboard to skip this.)
[2026-09-14 13:34:17] [INFO] [BiharFloodAuto] --- Loop #298 starting ---
[2026-09-14 13:34:17] [INFO] [BiharFloodAuto] Executing 'git pull' to check for updates...
[2026-09-14 13:34:19] [INFO] [BiharFloodAuto] Repository is already up to date.
[2026-09-14 13:34:20] [INFO] [BiharFloodAuto] Searching Gmail for emails with 'Inundation Probability' from the last 15 days...
[2026-09-14 13:34:21] [INFO] [BiharFloodAuto] No new (undownloaded) matching emails found.
[2026-09-14 13:34:21] [INFO] [paramiko.transport] Connected (version 2.0, client OpenSSH_8.9p1)
[2026-09-14 13:34:21] [INFO] [paramiko.transport] Authentication (password) successful!
[2026-09-14 13:34:21] [INFO] [paramiko.transport.sftp] [chan 0] Opened sftp connection (server version 3)
[2026-09-14 13:34:21] [INFO] [BiharFloodAuto] [+] Overwriting: 29082026.zip -> server...
[2026-09-14 13:34:21] [INFO] [BiharFloodAuto] [+] Overwriting: 11092026.zip -> server...
[2026-09-14 13:34:21] [INFO] [BiharFloodAuto] [+] Overwriting: 28082026.zip -> server...
[2026-09-14 13:34:22] [INFO] [BiharFloodAuto] [+] Overwriting: 05092026.zip -> server...
[2026-09-14 13:34:22] [INFO] [BiharFloodAuto] [+] Overwriting: 12092026.zip -> server...
[2026-09-14 13:34:22] [INFO] [BiharFloodAuto] [+] Overwriting: 07092026.zip -> server...
[2026-09-14 13:34:22] [INFO] [BiharFloodAuto] [+] Overwriting: 13092026.zip -> server...
[2026-09-14 13:34:22] [INFO] [BiharFloodAuto] [+] Overwriting: 08092026.zip -> server...
[2026-09-14 13:34:23] [INFO] [BiharFloodAuto] [+] Overwriting: 14092026.zip -> server...
[2026-09-14 13:34:23] [INFO] [BiharFloodAuto] [+] Overwriting: 02092026.zip -> server...
[2026-09-14 13:34:23] [INFO] [BiharFloodAuto] [+] Overwriting: 27082026.zip -> server...
[2026-09-14 13:34:23] [INFO] [BiharFloodAuto] [+] Overwriting: 09092026.zip -> server...
[2026-09-14 13:34:23] [INFO] [BiharFloodAuto] [+] Overwriting: 10092026.zip -> server...
[2026-09-14 13:34:23] [INFO] [BiharFloodAuto] [+] Overwriting: 06092026.zip -> server...
[2026-09-14 13:34:24] [INFO] [BiharFloodAuto] [+] Overwriting: 30082026.zip -> server...
[2026-09-14 13:34:24] [INFO] [BiharFloodAuto] [+] Overwriting: 15092026.zip -> server...
[2026-09-14 13:34:24] [INFO] [BiharFloodAuto] [+] Overwriting: 01092026.zip -> server...
[2026-09-14 13:34:24] [INFO] [BiharFloodAuto] [+] Overwriting: 04092026.zip -> server...
[2026-09-14 13:34:24] [INFO] [BiharFloodAuto] [+] Overwriting: 31082026.zip -> server...
[2026-09-14 13:34:24] [INFO] [BiharFloodAuto] [+] Overwriting: 03092026.zip -> server...
[2026-09-14 13:34:24] [INFO] [BiharFloodAuto] [+] Successfully copied 20 file(s).
[2026-09-14 13:34:24] [INFO] [paramiko.transport.sftp] [chan 0] sftp session closed.
[2026-09-14 13:34:28] [INFO] [BiharFloodAuto] Successfully pushed automation.log to Git.
[2026-09-14 13:34:28] [INFO] [BiharFloodAuto] --- Loop #298 complete ---
[2026-09-14 13:34:28] [INFO] [BiharFloodAuto] Sleeping for 15 minutes. Next check at 13:49:28. (Use 'Run Now' on the dashboard to skip this.)
[2026-09-14 13:49:28] [INFO] [BiharFloodAuto] --- Loop #299 starting ---
[2026-09-14 13:49:28] [INFO] [BiharFloodAuto] Executing 'git pull' to check for updates...
[2026-09-14 13:49:31] [INFO] [BiharFloodAuto] Repository is already up to date.
[2026-09-14 13:49:32] [INFO] [BiharFloodAuto] Searching Gmail for emails with 'Inundation Probability' from the last 15 days...
[2026-09-14 13:49:33] [INFO] [BiharFloodAuto] No new (undownloaded) matching emails found.
[2026-09-14 13:49:33] [INFO] [paramiko.transport] Connected (version 2.0, client OpenSSH_8.9p1)
[2026-09-14 13:49:33] [INFO] [paramiko.transport] Authentication (password) successful!
[2026-09-14 13:49:33] [INFO] [paramiko.transport.sftp] [chan 0] Opened sftp connection (server version 3)
[2026-09-14 13:49:33] [INFO] [BiharFloodAuto] [+] Overwriting: 29082026.zip -> server...
[2026-09-14 13:49:33] [INFO] [BiharFloodAuto] [+] Overwriting: 11092026.zip -> server...
[2026-09-14 13:49:33] [INFO] [BiharFloodAuto] [+] Overwriting: 28082026.zip -> server...
[2026-09-14 13:49:33] [INFO] [BiharFloodAuto] [+] Overwriting: 05092026.zip -> server...
[2026-09-14 13:49:33] [INFO] [BiharFloodAuto] [+] Overwriting: 12092026.zip -> server...
[2026-09-14 13:49:34] [INFO] [BiharFloodAuto] [+] Overwriting: 07092026.zip -> server...
[2026-09-14 13:49:34] [INFO] [BiharFloodAuto] [+] Overwriting: 13092026.zip -> server...
[2026-09-14 13:49:34] [INFO] [BiharFloodAuto] [+] Overwriting: 08092026.zip -> server...
[2026-09-14 13:49:34] [INFO] [BiharFloodAuto] [+] Overwriting: 14092026.zip -> server...
[2026-09-14 13:49:34] [INFO] [BiharFloodAuto] [+] Overwriting: 02092026.zip -> server...
[2026-09-14 13:49:34] [INFO] [BiharFloodAuto] [+] Overwriting: 27082026.zip -> server...
[2026-09-14 13:49:34] [INFO] [BiharFloodAuto] [+] Overwriting: 09092026.zip -> server...
[2026-09-14 13:49:34] [INFO] [BiharFloodAuto] [+] Overwriting: 10092026.zip -> server...
[2026-09-14 13:49:34] [INFO] [BiharFloodAuto] [+] Overwriting: 06092026.zip -> server...
[2026-09-14 13:49:34] [INFO] [BiharFloodAuto] [+] Overwriting: 30082026.zip -> server...
[2026-09-14 13:49:34] [INFO] [BiharFloodAuto] [+] Overwriting: 15092026.zip -> server...
[2026-09-14 13:49:34] [INFO] [BiharFloodAuto] [+] Overwriting: 01092026.zip -> server...
[2026-09-14 13:49:34] [INFO] [BiharFloodAuto] [+] Overwriting: 04092026.zip -> server...
[2026-09-14 13:49:34] [INFO] [BiharFloodAuto] [+] Overwriting: 31082026.zip -> server...
[2026-09-14 13:49:34] [INFO] [BiharFloodAuto] [+] Overwriting: 03092026.zip -> server...
[2026-09-14 13:49:35] [INFO] [BiharFloodAuto] [+] Successfully copied 20 file(s).
[2026-09-14 13:49:35] [INFO] [paramiko.transport.sftp] [chan 0] sftp session closed.
[2026-09-14 13:49:38] [INFO] [BiharFloodAuto] Successfully pushed automation.log to Git.
[2026-09-14 13:49:38] [INFO] [BiharFloodAuto] --- Loop #299 complete ---
[2026-09-14 13:49:38] [INFO] [BiharFloodAuto] Sleeping for 15 minutes. Next check at 14:04:38. (Use 'Run Now' on the dashboard to skip this.)
[2026-09-14 14:04:38] [INFO] [BiharFloodAuto] --- Loop #300 starting ---
[2026-09-14 14:04:38] [INFO] [BiharFloodAuto] Executing 'git pull' to check for updates...
[2026-09-14 14:04:41] [INFO] [BiharFloodAuto] Repository is already up to date.
[2026-09-14 14:04:42] [INFO] [BiharFloodAuto] Searching Gmail for emails with 'Inundation Probability' from the last 15 days...
[2026-09-14 14:04:43] [INFO] [BiharFloodAuto] No new (undownloaded) matching emails found.
[2026-09-14 14:04:43] [INFO] [paramiko.transport] Connected (version 2.0, client OpenSSH_8.9p1)
[2026-09-14 14:04:43] [INFO] [paramiko.transport] Authentication (password) successful!
[2026-09-14 14:04:44] [INFO] [paramiko.transport.sftp] [chan 0] Opened sftp connection (server version 3)
[2026-09-14 14:04:44] [INFO] [BiharFloodAuto] [+] Overwriting: 29082026.zip -> server...
[2026-09-14 14:04:44] [INFO] [BiharFloodAuto] [+] Overwriting: 11092026.zip -> server...
[2026-09-14 14:04:44] [INFO] [BiharFloodAuto] [+] Overwriting: 28082026.zip -> server...
[2026-09-14 14:04:44] [INFO] [BiharFloodAuto] [+] Overwriting: 05092026.zip -> server...
[2026-09-14 14:04:44] [INFO] [BiharFloodAuto] [+] Overwriting: 12092026.zip -> server...
[2026-09-14 14:04:44] [INFO] [BiharFloodAuto] [+] Overwriting: 07092026.zip -> server...
[2026-09-14 14:04:44] [INFO] [BiharFloodAuto] [+] Overwriting: 13092026.zip -> server...
[2026-09-14 14:04:44] [INFO] [BiharFloodAuto] [+] Overwriting: 08092026.zip -> server...
[2026-09-14 14:04:44] [INFO] [BiharFloodAuto] [+] Overwriting: 14092026.zip -> server...
[2026-09-14 14:04:44] [INFO] [BiharFloodAuto] [+] Overwriting: 02092026.zip -> server...
[2026-09-14 14:04:44] [INFO] [BiharFloodAuto] [+] Overwriting: 27082026.zip -> server...
[2026-09-14 14:04:45] [INFO] [BiharFloodAuto] [+] Overwriting: 09092026.zip -> server...
[2026-09-14 14:04:45] [INFO] [BiharFloodAuto] [+] Overwriting: 10092026.zip -> server...
[2026-09-14 14:04:45] [INFO] [BiharFloodAuto] [+] Overwriting: 06092026.zip -> server...
[2026-09-14 14:04:45] [INFO] [BiharFloodAuto] [+] Overwriting: 30082026.zip -> server...
[2026-09-14 14:04:45] [INFO] [BiharFloodAuto] [+] Overwriting: 15092026.zip -> server...
[2026-09-14 14:04:45] [INFO] [BiharFloodAuto] [+] Overwriting: 01092026.zip -> server...
[2026-09-14 14:04:45] [INFO] [BiharFloodAuto] [+] Overwriting: 04092026.zip -> server...
[2026-09-14 14:04:45] [INFO] [BiharFloodAuto] [+] Overwriting: 31082026.zip -> server...
[2026-09-14 14:04:45] [INFO] [BiharFloodAuto] [+] Overwriting: 03092026.zip -> server...
[2026-09-14 14:04:45] [INFO] [BiharFloodAuto] [+] Successfully copied 20 file(s).
[2026-09-14 14:04:45] [INFO] [paramiko.transport.sftp] [chan 0] sftp session closed.
[2026-09-14 14:04:49] [INFO] [BiharFloodAuto] Successfully pushed automation.log to Git.
[2026-09-14 14:04:49] [INFO] [BiharFloodAuto] --- Loop #300 complete ---
[2026-09-14 14:04:49] [INFO] [BiharFloodAuto] Sleeping for 15 minutes. Next check at 14:19:49. (Use 'Run Now' on the dashboard to skip this.)
[2026-09-14 14:19:49] [INFO] [BiharFloodAuto] --- Loop #301 starting ---
[2026-09-14 14:19:49] [INFO] [BiharFloodAuto] Executing 'git pull' to check for updates...
[2026-09-14 14:19:53] [INFO] [BiharFloodAuto] Repository is already up to date.
[2026-09-14 14:19:54] [INFO] [BiharFloodAuto] Searching Gmail for emails with 'Inundation Probability' from the last 15 days...
[2026-09-14 14:19:56] [INFO] [BiharFloodAuto] No new (undownloaded) matching emails found.
[2026-09-14 14:19:56] [INFO] [paramiko.transport] Connected (version 2.0, client OpenSSH_8.9p1)
[2026-09-14 14:19:56] [INFO] [paramiko.transport] Authentication (password) successful!
[2026-09-14 14:19:56] [INFO] [paramiko.transport.sftp] [chan 0] Opened sftp connection (server version 3)
[2026-09-14 14:19:56] [INFO] [BiharFloodAuto] [+] Overwriting: 29082026.zip -> server...
[2026-09-14 14:19:56] [INFO] [BiharFloodAuto] [+] Overwriting: 11092026.zip -> server...
[2026-09-14 14:19:56] [INFO] [BiharFloodAuto] [+] Overwriting: 28082026.zip -> server...
[2026-09-14 14:19:57] [INFO] [BiharFloodAuto] [+] Overwriting: 05092026.zip -> server...
[2026-09-14 14:19:57] [INFO] [BiharFloodAuto] [+] Overwriting: 12092026.zip -> server...
[2026-09-14 14:19:57] [INFO] [BiharFloodAuto] [+] Overwriting: 07092026.zip -> server...
[2026-09-14 14:19:57] [INFO] [BiharFloodAuto] [+] Overwriting: 13092026.zip -> server...
[2026-09-14 14:19:57] [INFO] [BiharFloodAuto] [+] Overwriting: 08092026.zip -> server...
[2026-09-14 14:19:57] [INFO] [BiharFloodAuto] [+] Overwriting: 14092026.zip -> server...
[2026-09-14 14:19:57] [INFO] [BiharFloodAuto] [+] Overwriting: 02092026.zip -> server...
[2026-09-14 14:19:57] [INFO] [BiharFloodAuto] [+] Overwriting: 27082026.zip -> server...
[2026-09-14 14:19:57] [INFO] [BiharFloodAuto] [+] Overwriting: 09092026.zip -> server...
[2026-09-14 14:19:57] [INFO] [BiharFloodAuto] [+] Overwriting: 10092026.zip -> server...
[2026-09-14 14:19:57] [INFO] [BiharFloodAuto] [+] Overwriting: 06092026.zip -> server...
[2026-09-14 14:19:57] [INFO] [BiharFloodAuto] [+] Overwriting: 30082026.zip -> server...
[2026-09-14 14:19:57] [INFO] [BiharFloodAuto] [+] Overwriting: 15092026.zip -> server...
[2026-09-14 14:19:57] [INFO] [BiharFloodAuto] [+] Overwriting: 01092026.zip -> server...
[2026-09-14 14:19:57] [INFO] [BiharFloodAuto] [+] Overwriting: 04092026.zip -> server...
[2026-09-14 14:19:57] [INFO] [BiharFloodAuto] [+] Overwriting: 31082026.zip -> server...
[2026-09-14 14:19:57] [INFO] [BiharFloodAuto] [+] Overwriting: 03092026.zip -> server...
[2026-09-14 14:19:57] [INFO] [BiharFloodAuto] [+] Successfully copied 20 file(s).
[2026-09-14 14:19:57] [INFO] [paramiko.transport.sftp] [chan 0] sftp session closed.
[2026-09-14 14:20:02] [INFO] [BiharFloodAuto] Successfully pushed automation.log to Git.
[2026-09-14 14:20:02] [INFO] [BiharFloodAuto] --- Loop #301 complete ---
[2026-09-14 14:20:02] [INFO] [BiharFloodAuto] Sleeping for 15 minutes. Next check at 14:35:02. (Use 'Run Now' on the dashboard to skip this.)
[2026-09-14 14:35:02] [INFO] [BiharFloodAuto] --- Loop #302 starting ---
[2026-09-14 14:35:02] [INFO] [BiharFloodAuto] Executing 'git pull' to check for updates...
[2026-09-14 14:35:05] [INFO] [BiharFloodAuto] Repository is already up to date.
[2026-09-14 14:35:06] [INFO] [BiharFloodAuto] Searching Gmail for emails with 'Inundation Probability' from the last 15 days...
[2026-09-14 14:35:07] [INFO] [BiharFloodAuto] No new (undownloaded) matching emails found.
[2026-09-14 14:35:07] [INFO] [paramiko.transport] Connected (version 2.0, client OpenSSH_8.9p1)
[2026-09-14 14:35:07] [INFO] [paramiko.transport] Authentication (password) successful!
[2026-09-14 14:35:07] [INFO] [paramiko.transport.sftp] [chan 0] Opened sftp connection (server version 3)
[2026-09-14 14:35:07] [INFO] [BiharFloodAuto] [+] Overwriting: 29082026.zip -> server...
[2026-09-14 14:35:07] [INFO] [BiharFloodAuto] [+] Overwriting: 11092026.zip -> server...
[2026-09-14 14:35:07] [INFO] [BiharFloodAuto] [+] Overwriting: 28082026.zip -> server...
[2026-09-14 14:35:07] [INFO] [BiharFloodAuto] [+] Overwriting: 05092026.zip -> server...
[2026-09-14 14:35:07] [INFO] [BiharFloodAuto] [+] Overwriting: 12092026.zip -> server...
[2026-09-14 14:35:08] [INFO] [BiharFloodAuto] [+] Overwriting: 07092026.zip -> server...
[2026-09-14 14:35:08] [INFO] [BiharFloodAuto] [+] Overwriting: 13092026.zip -> server...
[2026-09-14 14:35:08] [INFO] [BiharFloodAuto] [+] Overwriting: 08092026.zip -> server...
[2026-09-14 14:35:08] [INFO] [BiharFloodAuto] [+] Overwriting: 14092026.zip -> server...
[2026-09-14 14:35:08] [INFO] [BiharFloodAuto] [+] Overwriting: 02092026.zip -> server...
[2026-09-14 14:35:08] [INFO] [BiharFloodAuto] [+] Overwriting: 27082026.zip -> server...
[2026-09-14 14:35:08] [INFO] [BiharFloodAuto] [+] Overwriting: 09092026.zip -> server...
[2026-09-14 14:35:08] [INFO] [BiharFloodAuto] [+] Overwriting: 10092026.zip -> server...
[2026-09-14 14:35:08] [INFO] [BiharFloodAuto] [+] Overwriting: 06092026.zip -> server...
[2026-09-14 14:35:08] [INFO] [BiharFloodAuto] [+] Overwriting: 30082026.zip -> server...
[2026-09-14 14:35:09] [INFO] [BiharFloodAuto] [+] Overwriting: 15092026.zip -> server...
[2026-09-14 14:35:09] [INFO] [BiharFloodAuto] [+] Overwriting: 01092026.zip -> server...
[2026-09-14 14:35:09] [INFO] [BiharFloodAuto] [+] Overwriting: 04092026.zip -> server...
[2026-09-14 14:35:09] [INFO] [BiharFloodAuto] [+] Overwriting: 31082026.zip -> server...
[2026-09-14 14:35:09] [INFO] [BiharFloodAuto] [+] Overwriting: 03092026.zip -> server...
[2026-09-14 14:35:09] [INFO] [BiharFloodAuto] [+] Successfully copied 20 file(s).
[2026-09-14 14:35:09] [INFO] [paramiko.transport.sftp] [chan 0] sftp session closed.
[2026-09-14 14:35:13] [INFO] [BiharFloodAuto] Successfully pushed automation.log to Git.
[2026-09-14 14:35:13] [INFO] [BiharFloodAuto] --- Loop #302 complete ---
[2026-09-14 14:35:13] [INFO] [BiharFloodAuto] Sleeping for 15 minutes. Next check at 14:50:13. (Use 'Run Now' on the dashboard to skip this.)
[2026-09-14 14:50:13] [INFO] [BiharFloodAuto] --- Loop #303 starting ---
[2026-09-14 14:50:13] [INFO] [BiharFloodAuto] Executing 'git pull' to check for updates...
[2026-09-14 14:50:18] [INFO] [BiharFloodAuto] Repository is already up to date.
[2026-09-14 14:50:18] [INFO] [BiharFloodAuto] Searching Gmail for emails with 'Inundation Probability' from the last 15 days...
[2026-09-14 14:50:19] [INFO] [BiharFloodAuto] No new (undownloaded) matching emails found.
[2026-09-14 14:50:19] [INFO] [paramiko.transport] Connected (version 2.0, client OpenSSH_8.9p1)
[2026-09-14 14:50:20] [INFO] [paramiko.transport] Authentication (password) successful!
[2026-09-14 14:50:20] [INFO] [paramiko.transport.sftp] [chan 0] Opened sftp connection (server version 3)
[2026-09-14 14:50:20] [INFO] [BiharFloodAuto] [+] Overwriting: 29082026.zip -> server...
[2026-09-14 14:50:20] [INFO] [BiharFloodAuto] [+] Overwriting: 11092026.zip -> server...
[2026-09-14 14:50:20] [INFO] [BiharFloodAuto] [+] Overwriting: 28082026.zip -> server...
[2026-09-14 14:50:20] [INFO] [BiharFloodAuto] [+] Overwriting: 05092026.zip -> server...
[2026-09-14 14:50:20] [INFO] [BiharFloodAuto] [+] Overwriting: 12092026.zip -> server...
[2026-09-14 14:50:20] [INFO] [BiharFloodAuto] [+] Overwriting: 07092026.zip -> server...
[2026-09-14 14:50:20] [INFO] [BiharFloodAuto] [+] Overwriting: 13092026.zip -> server...
[2026-09-14 14:50:21] [INFO] [BiharFloodAuto] [+] Overwriting: 08092026.zip -> server...
[2026-09-14 14:50:21] [INFO] [BiharFloodAuto] [+] Overwriting: 14092026.zip -> server...
[2026-09-14 14:50:21] [INFO] [BiharFloodAuto] [+] Overwriting: 02092026.zip -> server...
[2026-09-14 14:50:21] [INFO] [BiharFloodAuto] [+] Overwriting: 27082026.zip -> server...
[2026-09-14 14:50:21] [INFO] [BiharFloodAuto] [+] Overwriting: 09092026.zip -> server...
[2026-09-14 14:50:21] [INFO] [BiharFloodAuto] [+] Overwriting: 10092026.zip -> server...
[2026-09-14 14:50:21] [INFO] [BiharFloodAuto] [+] Overwriting: 06092026.zip -> server...
[2026-09-14 14:50:21] [INFO] [BiharFloodAuto] [+] Overwriting: 30082026.zip -> server...
[2026-09-14 14:50:21] [INFO] [BiharFloodAuto] [+] Overwriting: 15092026.zip -> server...
[2026-09-14 14:50:21] [INFO] [BiharFloodAuto] [+] Overwriting: 01092026.zip -> server...
[2026-09-14 14:50:21] [INFO] [BiharFloodAuto] [+] Overwriting: 04092026.zip -> server...
[2026-09-14 14:50:21] [INFO] [BiharFloodAuto] [+] Overwriting: 31082026.zip -> server...
[2026-09-14 14:50:21] [INFO] [BiharFloodAuto] [+] Overwriting: 03092026.zip -> server...
[2026-09-14 14:50:21] [INFO] [BiharFloodAuto] [+] Successfully copied 20 file(s).
[2026-09-14 14:50:21] [INFO] [paramiko.transport.sftp] [chan 0] sftp session closed.
[2026-09-14 14:50:25] [INFO] [BiharFloodAuto] Successfully pushed automation.log to Git.
[2026-09-14 14:50:25] [INFO] [BiharFloodAuto] --- Loop #303 complete ---
[2026-09-14 14:50:25] [INFO] [BiharFloodAuto] Sleeping for 15 minutes. Next check at 15:05:25. (Use 'Run Now' on the dashboard to skip this.)
[2026-09-14 15:05:25] [INFO] [BiharFloodAuto] --- Loop #304 starting ---
[2026-09-14 15:05:25] [INFO] [BiharFloodAuto] Executing 'git pull' to check for updates...
[2026-09-14 15:05:28] [INFO] [BiharFloodAuto] Repository is already up to date.
[2026-09-14 15:05:29] [INFO] [BiharFloodAuto] Searching Gmail for emails with 'Inundation Probability' from the last 15 days...
[2026-09-14 15:05:31] [INFO] [BiharFloodAuto] No new (undownloaded) matching emails found.
[2026-09-14 15:05:31] [INFO] [paramiko.transport] Connected (version 2.0, client OpenSSH_8.9p1)
[2026-09-14 15:05:31] [INFO] [paramiko.transport] Authentication (password) successful!
[2026-09-14 15:05:31] [INFO] [paramiko.transport.sftp] [chan 0] Opened sftp connection (server version 3)
[2026-09-14 15:05:31] [INFO] [BiharFloodAuto] [+] Overwriting: 29082026.zip -> server...
[2026-09-14 15:05:31] [INFO] [BiharFloodAuto] [+] Overwriting: 11092026.zip -> server...
[2026-09-14 15:05:31] [INFO] [BiharFloodAuto] [+] Overwriting: 28082026.zip -> server...
[2026-09-14 15:05:31] [INFO] [BiharFloodAuto] [+] Overwriting: 05092026.zip -> server...
[2026-09-14 15:05:31] [INFO] [BiharFloodAuto] [+] Overwriting: 12092026.zip -> server...
[2026-09-14 15:05:31] [INFO] [BiharFloodAuto] [+] Overwriting: 07092026.zip -> server...
[2026-09-14 15:05:31] [INFO] [BiharFloodAuto] [+] Overwriting: 13092026.zip -> server...
[2026-09-14 15:05:32] [INFO] [BiharFloodAuto] [+] Overwriting: 08092026.zip -> server...
[2026-09-14 15:05:32] [INFO] [BiharFloodAuto] [+] Overwriting: 14092026.zip -> server...
[2026-09-14 15:05:32] [INFO] [BiharFloodAuto] [+] Overwriting: 02092026.zip -> server...
[2026-09-14 15:05:32] [INFO] [BiharFloodAuto] [+] Overwriting: 27082026.zip -> server...
[2026-09-14 15:05:32] [INFO] [BiharFloodAuto] [+] Overwriting: 09092026.zip -> server...
[2026-09-14 15:05:32] [INFO] [BiharFloodAuto] [+] Overwriting: 10092026.zip -> server...
[2026-09-14 15:05:32] [INFO] [BiharFloodAuto] [+] Overwriting: 06092026.zip -> server...
[2026-09-14 15:05:32] [INFO] [BiharFloodAuto] [+] Overwriting: 30082026.zip -> server...
[2026-09-14 15:05:32] [INFO] [BiharFloodAuto] [+] Overwriting: 15092026.zip -> server...
[2026-09-14 15:05:32] [INFO] [BiharFloodAuto] [+] Overwriting: 01092026.zip -> server...
[2026-09-14 15:05:32] [INFO] [BiharFloodAuto] [+] Overwriting: 04092026.zip -> server...
[2026-09-14 15:05:32] [INFO] [BiharFloodAuto] [+] Overwriting: 31082026.zip -> server...
[2026-09-14 15:05:32] [INFO] [BiharFloodAuto] [+] Overwriting: 03092026.zip -> server...
[2026-09-14 15:05:32] [INFO] [BiharFloodAuto] [+] Successfully copied 20 file(s).
[2026-09-14 15:05:32] [INFO] [paramiko.transport.sftp] [chan 0] sftp session closed.
[2026-09-14 15:05:36] [INFO] [BiharFloodAuto] Successfully pushed automation.log to Git.
[2026-09-14 15:05:36] [INFO] [BiharFloodAuto] --- Loop #304 complete ---
[2026-09-14 15:05:36] [INFO] [BiharFloodAuto] Sleeping for 15 minutes. Next check at 15:20:36. (Use 'Run Now' on the dashboard to skip this.)
[2026-09-14 15:20:36] [INFO] [BiharFloodAuto] --- Loop #305 starting ---
[2026-09-14 15:20:36] [INFO] [BiharFloodAuto] Executing 'git pull' to check for updates...
[2026-09-14 15:20:40] [INFO] [BiharFloodAuto] Repository is already up to date.
[2026-09-14 15:20:40] [INFO] [BiharFloodAuto] Searching Gmail for emails with 'Inundation Probability' from the last 15 days...
[2026-09-14 15:20:41] [INFO] [BiharFloodAuto] No new (undownloaded) matching emails found.
[2026-09-14 15:20:41] [INFO] [paramiko.transport] Connected (version 2.0, client OpenSSH_8.9p1)
[2026-09-14 15:20:41] [INFO] [paramiko.transport] Authentication (password) successful!
[2026-09-14 15:20:42] [INFO] [paramiko.transport.sftp] [chan 0] Opened sftp connection (server version 3)
[2026-09-14 15:20:42] [INFO] [BiharFloodAuto] [+] Overwriting: 29082026.zip -> server...
[2026-09-14 15:20:42] [INFO] [BiharFloodAuto] [+] Overwriting: 11092026.zip -> server...
[2026-09-14 15:20:42] [INFO] [BiharFloodAuto] [+] Overwriting: 28082026.zip -> server...
[2026-09-14 15:20:42] [INFO] [BiharFloodAuto] [+] Overwriting: 05092026.zip -> server...
[2026-09-14 15:20:42] [INFO] [BiharFloodAuto] [+] Overwriting: 12092026.zip -> server...
[2026-09-14 15:20:42] [INFO] [BiharFloodAuto] [+] Overwriting: 07092026.zip -> server...
[2026-09-14 15:20:42] [INFO] [BiharFloodAuto] [+] Overwriting: 13092026.zip -> server...
[2026-09-14 15:20:42] [INFO] [BiharFloodAuto] [+] Overwriting: 08092026.zip -> server...
[2026-09-14 15:20:42] [INFO] [BiharFloodAuto] [+] Overwriting: 14092026.zip -> server...
[2026-09-14 15:20:42] [INFO] [BiharFloodAuto] [+] Overwriting: 02092026.zip -> server...
[2026-09-14 15:20:42] [INFO] [BiharFloodAuto] [+] Overwriting: 27082026.zip -> server...
[2026-09-14 15:20:42] [INFO] [BiharFloodAuto] [+] Overwriting: 09092026.zip -> server...
[2026-09-14 15:20:42] [INFO] [BiharFloodAuto] [+] Overwriting: 10092026.zip -> server...
[2026-09-14 15:20:42] [INFO] [BiharFloodAuto] [+] Overwriting: 06092026.zip -> server...
[2026-09-14 15:20:42] [INFO] [BiharFloodAuto] [+] Overwriting: 30082026.zip -> server...
[2026-09-14 15:20:43] [INFO] [BiharFloodAuto] [+] Overwriting: 15092026.zip -> server...
[2026-09-14 15:20:43] [INFO] [BiharFloodAuto] [+] Overwriting: 01092026.zip -> server...
[2026-09-14 15:20:43] [INFO] [BiharFloodAuto] [+] Overwriting: 04092026.zip -> server...
[2026-09-14 15:20:43] [INFO] [BiharFloodAuto] [+] Overwriting: 31082026.zip -> server...
[2026-09-14 15:20:43] [INFO] [BiharFloodAuto] [+] Overwriting: 03092026.zip -> server...
[2026-09-14 15:20:43] [INFO] [BiharFloodAuto] [+] Successfully copied 20 file(s).
[2026-09-14 15:20:43] [INFO] [paramiko.transport.sftp] [chan 0] sftp session closed.
[2026-09-14 15:20:51] [INFO] [BiharFloodAuto] Successfully pushed automation.log to Git.
[2026-09-14 15:20:51] [INFO] [BiharFloodAuto] --- Loop #305 complete ---
[2026-09-14 15:20:51] [INFO] [BiharFloodAuto] Sleeping for 15 minutes. Next check at 15:35:51. (Use 'Run Now' on the dashboard to skip this.)
[2026-09-14 15:35:51] [INFO] [BiharFloodAuto] --- Loop #306 starting ---
[2026-09-14 15:35:51] [INFO] [BiharFloodAuto] Executing 'git pull' to check for updates...
[2026-09-14 15:35:57] [INFO] [BiharFloodAuto] Git pull downloaded new changes. HEAD moved from d97e4e9 to 5fb2e8a.
[2026-09-14 15:35:57] [INFO] [BiharFloodAuto] [*] Operation is OFF. Skipping Email Fetch and SFTP copy.
[2026-09-14 15:36:01] [INFO] [BiharFloodAuto] Successfully pushed automation.log to Git.
[2026-09-14 15:36:01] [INFO] [BiharFloodAuto] --- Loop #306 complete ---
[2026-09-14 15:36:01] [INFO] [BiharFloodAuto] Sleeping for 15 minutes. Next check at 15:51:01. (Use 'Run Now' on the dashboard to skip this.)
[2026-09-14 15:51:01] [INFO] [BiharFloodAuto] --- Loop #307 starting ---
[2026-09-14 15:51:01] [INFO] [BiharFloodAuto] Executing 'git pull' to check for updates...
[2026-09-14 15:51:04] [INFO] [BiharFloodAuto] Repository is already up to date.
[2026-09-14 15:51:04] [INFO] [BiharFloodAuto] [*] Operation is OFF. Skipping Email Fetch and SFTP copy.
[2026-09-14 15:51:08] [INFO] [BiharFloodAuto] Successfully pushed automation.log to Git.
[2026-09-14 15:51:08] [INFO] [BiharFloodAuto] --- Loop #307 complete ---
[2026-09-14 15:51:08] [INFO] [BiharFloodAuto] Sleeping for 15 minutes. Next check at 16:06:08. (Use 'Run Now' on the dashboard to skip this.)
[2026-09-14 16:06:08] [INFO] [BiharFloodAuto] --- Loop #308 starting ---
[2026-09-14 16:06:08] [INFO] [BiharFloodAuto] Executing 'git pull' to check for updates...
[2026-09-14 16:06:26] [INFO] [BiharFloodAuto] Repository is already up to date.
[2026-09-14 16:06:26] [INFO] [BiharFloodAuto] [*] Operation is OFF. Skipping Email Fetch and SFTP copy.
[2026-09-14 16:06:29] [INFO] [BiharFloodAuto] Successfully pushed automation.log to Git.
[2026-09-14 16:06:29] [INFO] [BiharFloodAuto] --- Loop #308 complete ---
[2026-09-14 16:06:29] [INFO] [BiharFloodAuto] Sleeping for 15 minutes. Next check at 16:21:29. (Use 'Run Now' on the dashboard to skip this.)
[2026-09-14 16:21:29] [INFO] [BiharFloodAuto] --- Loop #309 starting ---
[2026-09-14 16:21:29] [INFO] [BiharFloodAuto] Executing 'git pull' to check for updates...
[2026-09-14 16:21:37] [INFO] [BiharFloodAuto] Repository is already up to date.
[2026-09-14 16:21:37] [INFO] [BiharFloodAuto] [*] Operation is OFF. Skipping Email Fetch and SFTP copy.
[2026-09-14 16:21:41] [INFO] [BiharFloodAuto] Successfully pushed automation.log to Git.
[2026-09-14 16:21:41] [INFO] [BiharFloodAuto] --- Loop #309 complete ---
[2026-09-14 16:21:41] [INFO] [BiharFloodAuto] Sleeping for 15 minutes. Next check at 16:36:41. (Use 'Run Now' on the dashboard to skip this.)
[2026-09-14 16:36:41] [INFO] [BiharFloodAuto] --- Loop #310 starting ---
[2026-09-14 16:36:41] [INFO] [BiharFloodAuto] Executing 'git pull' to check for updates...
[2026-09-14 16:36:45] [INFO] [BiharFloodAuto] Repository is already up to date.
[2026-09-14 16:36:45] [INFO] [BiharFloodAuto] [*] Operation is OFF. Skipping Email Fetch and SFTP copy.
[2026-09-14 16:36:48] [INFO] [BiharFloodAuto] Successfully pushed automation.log to Git.
[2026-09-14 16:36:48] [INFO] [BiharFloodAuto] --- Loop #310 complete ---
[2026-09-14 16:36:48] [INFO] [BiharFloodAuto] Sleeping for 15 minutes. Next check at 16:51:48. (Use 'Run Now' on the dashboard to skip this.)
[2026-09-14 16:51:48] [INFO] [BiharFloodAuto] --- Loop #311 starting ---
[2026-09-14 16:51:48] [INFO] [BiharFloodAuto] Executing 'git pull' to check for updates...
[2026-09-14 16:51:51] [INFO] [BiharFloodAuto] Repository is already up to date.
[2026-09-14 16:51:51] [INFO] [BiharFloodAuto] [*] Operation is OFF. Skipping Email Fetch and SFTP copy.
[2026-09-14 16:51:56] [INFO] [BiharFloodAuto] Successfully pushed automation.log to Git.
[2026-09-14 16:51:56] [INFO] [BiharFloodAuto] --- Loop #311 complete ---
[2026-09-14 16:51:56] [INFO] [BiharFloodAuto] Sleeping for 15 minutes. Next check at 17:06:56. (Use 'Run Now' on the dashboard to skip this.)
[2026-09-14 17:06:56] [INFO] [BiharFloodAuto] --- Loop #312 starting ---
[2026-09-14 17:06:56] [INFO] [BiharFloodAuto] Executing 'git pull' to check for updates...
[2026-09-14 17:06:59] [INFO] [BiharFloodAuto] Repository is already up to date.
[2026-09-14 17:06:59] [INFO] [BiharFloodAuto] [*] Operation is OFF. Skipping Email Fetch and SFTP copy.
[2026-09-14 17:07:03] [INFO] [BiharFloodAuto] Successfully pushed automation.log to Git.
[2026-09-14 17:07:03] [INFO] [BiharFloodAuto] --- Loop #312 complete ---
[2026-09-14 17:07:03] [INFO] [BiharFloodAuto] Sleeping for 15 minutes. Next check at 17:22:03. (Use 'Run Now' on the dashboard to skip this.)
[2026-09-14 17:22:03] [INFO] [BiharFloodAuto] --- Loop #313 starting ---
[2026-09-14 17:22:03] [INFO] [BiharFloodAuto] Executing 'git pull' to check for updates...
[2026-09-14 17:22:07] [INFO] [BiharFloodAuto] Repository is already up to date.
[2026-09-14 17:22:07] [INFO] [BiharFloodAuto] [*] Operation is OFF. Skipping Email Fetch and SFTP copy.
[2026-09-14 17:22:11] [INFO] [BiharFloodAuto] Successfully pushed automation.log to Git.
[2026-09-14 17:22:11] [INFO] [BiharFloodAuto] --- Loop #313 complete ---
[2026-09-14 17:22:11] [INFO] [BiharFloodAuto] Sleeping for 15 minutes. Next check at 17:37:11. (Use 'Run Now' on the dashboard to skip this.)
[2026-09-14 17:37:11] [INFO] [BiharFloodAuto] --- Loop #314 starting ---
[2026-09-14 17:37:11] [INFO] [BiharFloodAuto] Executing 'git pull' to check for updates...
[2026-09-14 17:37:19] [INFO] [BiharFloodAuto] Repository is already up to date.
[2026-09-14 17:37:19] [INFO] [BiharFloodAuto] [*] Operation is OFF. Skipping Email Fetch and SFTP copy.
[2026-09-14 17:37:24] [INFO] [BiharFloodAuto] Successfully pushed automation.log to Git.
[2026-09-14 17:37:24] [INFO] [BiharFloodAuto] --- Loop #314 complete ---
[2026-09-14 17:37:24] [INFO] [BiharFloodAuto] Sleeping for 15 minutes. Next check at 17:52:24. (Use 'Run Now' on the dashboard to skip this.)
[2026-09-14 17:52:24] [INFO] [BiharFloodAuto] --- Loop #315 starting ---
[2026-09-14 17:52:24] [INFO] [BiharFloodAuto] Executing 'git pull' to check for updates...
[2026-09-14 17:52:28] [INFO] [BiharFloodAuto] Repository is already up to date.
[2026-09-14 17:52:28] [INFO] [BiharFloodAuto] [*] Operation is OFF. Skipping Email Fetch and SFTP copy.
[2026-09-14 17:52:31] [INFO] [BiharFloodAuto] Successfully pushed automation.log to Git.
[2026-09-14 17:52:31] [INFO] [BiharFloodAuto] --- Loop #315 complete ---
[2026-09-14 17:52:31] [INFO] [BiharFloodAuto] Sleeping for 15 minutes. Next check at 18:07:31. (Use 'Run Now' on the dashboard to skip this.)
[2026-09-14 18:07:31] [INFO] [BiharFloodAuto] --- Loop #316 starting ---
[2026-09-14 18:07:31] [INFO] [BiharFloodAuto] Executing 'git pull' to check for updates...
[2026-09-14 18:07:34] [INFO] [BiharFloodAuto] Repository is already up to date.
[2026-09-14 18:07:34] [INFO] [BiharFloodAuto] [*] Operation is OFF. Skipping Email Fetch and SFTP copy.
[2026-09-14 18:07:37] [INFO] [BiharFloodAuto] Successfully pushed automation.log to Git.
[2026-09-14 18:07:37] [INFO] [BiharFloodAuto] --- Loop #316 complete ---
[2026-09-14 18:07:37] [INFO] [BiharFloodAuto] Sleeping for 15 minutes. Next check at 18:22:37. (Use 'Run Now' on the dashboard to skip this.)
[2026-09-14 18:22:37] [INFO] [BiharFloodAuto] --- Loop #317 starting ---
[2026-09-14 18:22:37] [INFO] [BiharFloodAuto] Executing 'git pull' to check for updates...
[2026-09-14 18:22:39] [INFO] [BiharFloodAuto] Repository is already up to date.
[2026-09-14 18:22:39] [INFO] [BiharFloodAuto] [*] Operation is OFF. Skipping Email Fetch and SFTP copy.
[2026-09-14 18:22:43] [INFO] [BiharFloodAuto] Successfully pushed automation.log to Git.
[2026-09-14 18:22:43] [INFO] [BiharFloodAuto] --- Loop #317 complete ---
[2026-09-14 18:22:43] [INFO] [BiharFloodAuto] Sleeping for 15 minutes. Next check at 18:37:43. (Use 'Run Now' on the dashboard to skip this.)
[2026-09-14 18:37:43] [INFO] [BiharFloodAuto] --- Loop #318 starting ---
[2026-09-14 18:37:43] [INFO] [BiharFloodAuto] Executing 'git pull' to check for updates...
[2026-09-14 18:37:45] [INFO] [BiharFloodAuto] Repository is already up to date.
[2026-09-14 18:37:45] [INFO] [BiharFloodAuto] [*] Operation is OFF. Skipping Email Fetch and SFTP copy.
[2026-09-14 18:37:48] [INFO] [BiharFloodAuto] Successfully pushed automation.log to Git.
[2026-09-14 18:37:48] [INFO] [BiharFloodAuto] --- Loop #318 complete ---
[2026-09-14 18:37:48] [INFO] [BiharFloodAuto] Sleeping for 15 minutes. Next check at 18:52:48. (Use 'Run Now' on the dashboard to skip this.)
[2026-09-14 18:52:48] [INFO] [BiharFloodAuto] --- Loop #319 starting ---
[2026-09-14 18:52:48] [INFO] [BiharFloodAuto] Executing 'git pull' to check for updates...
[2026-09-14 18:52:50] [INFO] [BiharFloodAuto] Repository is already up to date.
[2026-09-14 18:52:51] [INFO] [BiharFloodAuto] [*] Operation is OFF. Skipping Email Fetch and SFTP copy.
[2026-09-14 18:52:54] [INFO] [BiharFloodAuto] Successfully pushed automation.log to Git.
[2026-09-14 18:52:54] [INFO] [BiharFloodAuto] --- Loop #319 complete ---
[2026-09-14 18:52:54] [INFO] [BiharFloodAuto] Sleeping for 15 minutes. Next check at 19:07:54. (Use 'Run Now' on the dashboard to skip this.)
[2026-09-14 19:07:54] [INFO] [BiharFloodAuto] --- Loop #320 starting ---
[2026-09-14 19:07:54] [INFO] [BiharFloodAuto] Executing 'git pull' to check for updates...
[2026-09-14 19:07:56] [INFO] [BiharFloodAuto] Repository is already up to date.
[2026-09-14 19:07:56] [INFO] [BiharFloodAuto] [*] Operation is OFF. Skipping Email Fetch and SFTP copy.
[2026-09-14 19:07:59] [INFO] [BiharFloodAuto] Successfully pushed automation.log to Git.
[2026-09-14 19:07:59] [INFO] [BiharFloodAuto] --- Loop #320 complete ---
[2026-09-14 19:07:59] [INFO] [BiharFloodAuto] Sleeping for 15 minutes. Next check at 19:22:59. (Use 'Run Now' on the dashboard to skip this.)
[2026-09-14 19:22:59] [INFO] [BiharFloodAuto] --- Loop #321 starting ---
[2026-09-14 19:22:59] [INFO] [BiharFloodAuto] Executing 'git pull' to check for updates...
[2026-09-14 19:23:02] [INFO] [BiharFloodAuto] Repository is already up to date.
[2026-09-14 19:23:02] [INFO] [BiharFloodAuto] [*] Operation is OFF. Skipping Email Fetch and SFTP copy.
[2026-09-14 19:23:05] [INFO] [BiharFloodAuto] Successfully pushed automation.log to Git.
[2026-09-14 19:23:05] [INFO] [BiharFloodAuto] --- Loop #321 complete ---
[2026-09-14 19:23:05] [INFO] [BiharFloodAuto] Sleeping for 15 minutes. Next check at 19:38:05. (Use 'Run Now' on the dashboard to skip this.)
[2026-09-14 19:38:05] [INFO] [BiharFloodAuto] --- Loop #322 starting ---
[2026-09-14 19:38:05] [INFO] [BiharFloodAuto] Executing 'git pull' to check for updates...
[2026-09-14 19:38:07] [INFO] [BiharFloodAuto] Repository is already up to date.
[2026-09-14 19:38:08] [INFO] [BiharFloodAuto] [*] Operation is OFF. Skipping Email Fetch and SFTP copy.
[2026-09-14 19:38:11] [INFO] [BiharFloodAuto] Successfully pushed automation.log to Git.
[2026-09-14 19:38:11] [INFO] [BiharFloodAuto] --- Loop #322 complete ---
[2026-09-14 19:38:11] [INFO] [BiharFloodAuto] Sleeping for 15 minutes. Next check at 19:53:11. (Use 'Run Now' on the dashboard to skip this.)
[2026-09-14 19:53:11] [INFO] [BiharFloodAuto] --- Loop #323 starting ---
[2026-09-14 19:53:11] [INFO] [BiharFloodAuto] Executing 'git pull' to check for updates...
[2026-09-14 19:53:13] [INFO] [BiharFloodAuto] Repository is already up to date.
[2026-09-14 19:53:13] [INFO] [BiharFloodAuto] [*] Operation is OFF. Skipping Email Fetch and SFTP copy.
[2026-09-14 19:53:17] [INFO] [BiharFloodAuto] Successfully pushed automation.log to Git.
[2026-09-14 19:53:17] [INFO] [BiharFloodAuto] --- Loop #323 complete ---
[2026-09-14 19:53:17] [INFO] [BiharFloodAuto] Sleeping for 15 minutes. Next check at 20:08:17. (Use 'Run Now' on the dashboard to skip this.)
[2026-09-14 20:08:17] [INFO] [BiharFloodAuto] --- Loop #324 starting ---
[2026-09-14 20:08:17] [INFO] [BiharFloodAuto] Executing 'git pull' to check for updates...
[2026-09-14 20:08:19] [INFO] [BiharFloodAuto] Repository is already up to date.
[2026-09-14 20:08:19] [INFO] [BiharFloodAuto] [*] Operation is OFF. Skipping Email Fetch and SFTP copy.
[2026-09-14 20:08:22] [INFO] [BiharFloodAuto] Successfully pushed automation.log to Git.
[2026-09-14 20:08:22] [INFO] [BiharFloodAuto] --- Loop #324 complete ---
[2026-09-14 20:08:22] [INFO] [BiharFloodAuto] Sleeping for 15 minutes. Next check at 20:23:22. (Use 'Run Now' on the dashboard to skip this.)
[2026-09-14 20:23:23] [INFO] [BiharFloodAuto] --- Loop #325 starting ---
[2026-09-14 20:23:23] [INFO] [BiharFloodAuto] Executing 'git pull' to check for updates...
[2026-09-14 20:23:25] [INFO] [BiharFloodAuto] Repository is already up to date.
[2026-09-14 20:23:25] [INFO] [BiharFloodAuto] [*] Operation is OFF. Skipping Email Fetch and SFTP copy.
[2026-09-14 20:23:28] [INFO] [BiharFloodAuto] Successfully pushed automation.log to Git.
[2026-09-14 20:23:28] [INFO] [BiharFloodAuto] --- Loop #325 complete ---
[2026-09-14 20:23:28] [INFO] [BiharFloodAuto] Sleeping for 15 minutes. Next check at 20:38:28. (Use 'Run Now' on the dashboard to skip this.)
[2026-09-14 20:38:28] [INFO] [BiharFloodAuto] --- Loop #326 starting ---
[2026-09-14 20:38:28] [INFO] [BiharFloodAuto] Executing 'git pull' to check for updates...
[2026-09-14 20:38:31] [INFO] [BiharFloodAuto] Repository is already up to date.
[2026-09-14 20:38:31] [INFO] [BiharFloodAuto] [*] Operation is OFF. Skipping Email Fetch and SFTP copy.
[2026-09-14 20:38:34] [INFO] [BiharFloodAuto] Successfully pushed automation.log to Git.
[2026-09-14 20:38:34] [INFO] [BiharFloodAuto] --- Loop #326 complete ---
[2026-09-14 20:38:34] [INFO] [BiharFloodAuto] Sleeping for 15 minutes. Next check at 20:53:34. (Use 'Run Now' on the dashboard to skip this.)
[2026-09-14 20:53:34] [INFO] [BiharFloodAuto] --- Loop #327 starting ---
[2026-09-14 20:53:34] [INFO] [BiharFloodAuto] Executing 'git pull' to check for updates...
[2026-09-14 20:53:36] [INFO] [BiharFloodAuto] Repository is already up to date.
[2026-09-14 20:53:36] [INFO] [BiharFloodAuto] [*] Operation is OFF. Skipping Email Fetch and SFTP copy.
[2026-09-14 20:53:39] [INFO] [BiharFloodAuto] Successfully pushed automation.log to Git.
[2026-09-14 20:53:39] [INFO] [BiharFloodAuto] --- Loop #327 complete ---
[2026-09-14 20:53:39] [INFO] [BiharFloodAuto] Sleeping for 15 minutes. Next check at 21:08:39. (Use 'Run Now' on the dashboard to skip this.)
[2026-09-14 21:08:39] [INFO] [BiharFloodAuto] --- Loop #328 starting ---
[2026-09-14 21:08:39] [INFO] [BiharFloodAuto] Executing 'git pull' to check for updates...
[2026-09-14 21:08:43] [INFO] [BiharFloodAuto] Repository is already up to date.
[2026-09-14 21:08:43] [INFO] [BiharFloodAuto] [*] Operation is OFF. Skipping Email Fetch and SFTP copy.
[2026-09-14 21:08:49] [INFO] [BiharFloodAuto] Successfully pushed automation.log to Git.
[2026-09-14 21:08:49] [INFO] [BiharFloodAuto] --- Loop #328 complete ---
[2026-09-14 21:08:49] [INFO] [BiharFloodAuto] Sleeping for 15 minutes. Next check at 21:23:49. (Use 'Run Now' on the dashboard to skip this.)
[2026-09-14 21:23:49] [INFO] [BiharFloodAuto] --- Loop #329 starting ---
[2026-09-14 21:23:49] [INFO] [BiharFloodAuto] Executing 'git pull' to check for updates...
[2026-09-14 21:23:51] [INFO] [BiharFloodAuto] Repository is already up to date.
[2026-09-14 21:23:51] [INFO] [BiharFloodAuto] [*] Operation is OFF. Skipping Email Fetch and SFTP copy.
[2026-09-14 21:23:55] [INFO] [BiharFloodAuto] Successfully pushed automation.log to Git.
[2026-09-14 21:23:55] [INFO] [BiharFloodAuto] --- Loop #329 complete ---
[2026-09-14 21:23:55] [INFO] [BiharFloodAuto] Sleeping for 15 minutes. Next check at 21:38:55. (Use 'Run Now' on the dashboard to skip this.)
[2026-09-14 21:38:55] [INFO] [BiharFloodAuto] --- Loop #330 starting ---
[2026-09-14 21:38:55] [INFO] [BiharFloodAuto] Executing 'git pull' to check for updates...
[2026-09-14 21:38:59] [INFO] [BiharFloodAuto] Repository is already up to date.
[2026-09-14 21:38:59] [INFO] [BiharFloodAuto] [*] Operation is OFF. Skipping Email Fetch and SFTP copy.
[2026-09-14 21:39:04] [INFO] [BiharFloodAuto] Successfully pushed automation.log to Git.
[2026-09-14 21:39:04] [INFO] [BiharFloodAuto] --- Loop #330 complete ---
[2026-09-14 21:39:04] [INFO] [BiharFloodAuto] Sleeping for 15 minutes. Next check at 21:54:04. (Use 'Run Now' on the dashboard to skip this.)
[2026-09-14 21:54:05] [INFO] [BiharFloodAuto] --- Loop #331 starting ---
[2026-09-14 21:54:05] [INFO] [BiharFloodAuto] Executing 'git pull' to check for updates...
[2026-09-14 21:54:07] [INFO] [BiharFloodAuto] Repository is already up to date.
[2026-09-14 21:54:07] [INFO] [BiharFloodAuto] [*] Operation is OFF. Skipping Email Fetch and SFTP copy.
[2026-09-14 21:54:10] [INFO] [BiharFloodAuto] Successfully pushed automation.log to Git.
[2026-09-14 21:54:10] [INFO] [BiharFloodAuto] --- Loop #331 complete ---
[2026-09-14 21:54:10] [INFO] [BiharFloodAuto] Sleeping for 15 minutes. Next check at 22:09:10. (Use 'Run Now' on the dashboard to skip this.)
[2026-09-14 22:09:10] [INFO] [BiharFloodAuto] --- Loop #332 starting ---
[2026-09-14 22:09:10] [INFO] [BiharFloodAuto] Executing 'git pull' to check for updates...
[2026-09-14 22:09:15] [INFO] [BiharFloodAuto] Repository is already up to date.
[2026-09-14 22:09:15] [INFO] [BiharFloodAuto] [*] Operation is OFF. Skipping Email Fetch and SFTP copy.
[2026-09-14 22:09:19] [INFO] [BiharFloodAuto] Successfully pushed automation.log to Git.
[2026-09-14 22:09:19] [INFO] [BiharFloodAuto] --- Loop #332 complete ---
[2026-09-14 22:09:19] [INFO] [BiharFloodAuto] Sleeping for 15 minutes. Next check at 22:24:19. (Use 'Run Now' on the dashboard to skip this.)
[2026-09-14 22:24:19] [INFO] [BiharFloodAuto] --- Loop #333 starting ---
[2026-09-14 22:24:19] [INFO] [BiharFloodAuto] Executing 'git pull' to check for updates...
[2026-09-14 22:24:22] [INFO] [BiharFloodAuto] Repository is already up to date.
[2026-09-14 22:24:22] [INFO] [BiharFloodAuto] [*] Operation is OFF. Skipping Email Fetch and SFTP copy.
[2026-09-14 22:24:25] [INFO] [BiharFloodAuto] Successfully pushed automation.log to Git.
[2026-09-14 22:24:25] [INFO] [BiharFloodAuto] --- Loop #333 complete ---
[2026-09-14 22:24:25] [INFO] [BiharFloodAuto] Sleeping for 15 minutes. Next check at 22:39:25. (Use 'Run Now' on the dashboard to skip this.)
[2026-09-14 22:39:25] [INFO] [BiharFloodAuto] --- Loop #334 starting ---
[2026-09-14 22:39:25] [INFO] [BiharFloodAuto] Executing 'git pull' to check for updates...
[2026-09-14 22:39:27] [INFO] [BiharFloodAuto] Repository is already up to date.
[2026-09-14 22:39:27] [INFO] [BiharFloodAuto] [*] Operation is OFF. Skipping Email Fetch and SFTP copy.
[2026-09-14 22:39:30] [INFO] [BiharFloodAuto] Successfully pushed automation.log to Git.
[2026-09-14 22:39:30] [INFO] [BiharFloodAuto] --- Loop #334 complete ---
[2026-09-14 22:39:30] [INFO] [BiharFloodAuto] Sleeping for 15 minutes. Next check at 22:54:30. (Use 'Run Now' on the dashboard to skip this.)
[2026-09-14 22:54:30] [INFO] [BiharFloodAuto] --- Loop #335 starting ---
[2026-09-14 22:54:30] [INFO] [BiharFloodAuto] Executing 'git pull' to check for updates...
[2026-09-14 22:54:33] [INFO] [BiharFloodAuto] Repository is already up to date.
[2026-09-14 22:54:33] [INFO] [BiharFloodAuto] [*] Operation is OFF. Skipping Email Fetch and SFTP copy.
[2026-09-14 22:54:36] [INFO] [BiharFloodAuto] Successfully pushed automation.log to Git.
[2026-09-14 22:54:36] [INFO] [BiharFloodAuto] --- Loop #335 complete ---
[2026-09-14 22:54:36] [INFO] [BiharFloodAuto] Sleeping for 15 minutes. Next check at 23:09:36. (Use 'Run Now' on the dashboard to skip this.)
[2026-09-14 23:09:36] [INFO] [BiharFloodAuto] --- Loop #336 starting ---
[2026-09-14 23:09:36] [INFO] [BiharFloodAuto] Executing 'git pull' to check for updates...
[2026-09-14 23:09:39] [INFO] [BiharFloodAuto] Repository is already up to date.
[2026-09-14 23:09:39] [INFO] [BiharFloodAuto] [*] Operation is OFF. Skipping Email Fetch and SFTP copy.
[2026-09-14 23:09:42] [INFO] [BiharFloodAuto] Successfully pushed automation.log to Git.
[2026-09-14 23:09:42] [INFO] [BiharFloodAuto] --- Loop #336 complete ---
[2026-09-14 23:09:42] [INFO] [BiharFloodAuto] Sleeping for 15 minutes. Next check at 23:24:42. (Use 'Run Now' on the dashboard to skip this.)
[2026-09-14 23:24:42] [INFO] [BiharFloodAuto] --- Loop #337 starting ---
[2026-09-14 23:24:42] [INFO] [BiharFloodAuto] Executing 'git pull' to check for updates...
[2026-09-14 23:24:44] [INFO] [BiharFloodAuto] Repository is already up to date.
[2026-09-14 23:24:44] [INFO] [BiharFloodAuto] [*] Operation is OFF. Skipping Email Fetch and SFTP copy.
[2026-09-14 23:24:47] [INFO] [BiharFloodAuto] Successfully pushed automation.log to Git.
[2026-09-14 23:24:47] [INFO] [BiharFloodAuto] --- Loop #337 complete ---
[2026-09-14 23:24:47] [INFO] [BiharFloodAuto] Sleeping for 15 minutes. Next check at 23:39:47. (Use 'Run Now' on the dashboard to skip this.)
[2026-09-14 23:39:47] [INFO] [BiharFloodAuto] --- Loop #338 starting ---
[2026-09-14 23:39:47] [INFO] [BiharFloodAuto] Executing 'git pull' to check for updates...
[2026-09-14 23:39:50] [INFO] [BiharFloodAuto] Repository is already up to date.
[2026-09-14 23:39:50] [INFO] [BiharFloodAuto] [*] Operation is OFF. Skipping Email Fetch and SFTP copy.
[2026-09-14 23:39:53] [INFO] [BiharFloodAuto] Successfully pushed automation.log to Git.
[2026-09-14 23:39:53] [INFO] [BiharFloodAuto] --- Loop #338 complete ---
[2026-09-14 23:39:53] [INFO] [BiharFloodAuto] Sleeping for 15 minutes. Next check at 23:54:53. (Use 'Run Now' on the dashboard to skip this.)
[2026-09-14 23:54:53] [INFO] [BiharFloodAuto] --- Loop #339 starting ---
[2026-09-14 23:54:53] [INFO] [BiharFloodAuto] Executing 'git pull' to check for updates...
[2026-09-14 23:54:55] [INFO] [BiharFloodAuto] Repository is already up to date.
[2026-09-14 23:54:55] [INFO] [BiharFloodAuto] [*] Operation is OFF. Skipping Email Fetch and SFTP copy.
[2026-09-14 23:54:58] [INFO] [BiharFloodAuto] Successfully pushed automation.log to Git.
[2026-09-14 23:54:58] [INFO] [BiharFloodAuto] --- Loop #339 complete ---
[2026-09-14 23:54:58] [INFO] [BiharFloodAuto] Sleeping for 15 minutes. Next check at 00:09:58. (Use 'Run Now' on the dashboard to skip this.)
[2026-09-15 00:09:58] [INFO] [BiharFloodAuto] --- Loop #340 starting ---
[2026-09-15 00:09:58] [INFO] [BiharFloodAuto] Executing 'git pull' to check for updates...
[2026-09-15 00:10:01] [INFO] [BiharFloodAuto] Repository is already up to date.
[2026-09-15 00:10:01] [INFO] [BiharFloodAuto] [*] Operation is OFF. Skipping Email Fetch and SFTP copy.
[2026-09-15 00:10:04] [INFO] [BiharFloodAuto] Successfully pushed automation.log to Git.
[2026-09-15 00:10:04] [INFO] [BiharFloodAuto] --- Loop #340 complete ---
[2026-09-15 00:10:04] [INFO] [BiharFloodAuto] Sleeping for 15 minutes. Next check at 00:25:04. (Use 'Run Now' on the dashboard to skip this.)
[2026-09-15 00:25:04] [INFO] [BiharFloodAuto] --- Loop #341 starting ---
[2026-09-15 00:25:04] [INFO] [BiharFloodAuto] Executing 'git pull' to check for updates...
[2026-09-15 00:25:06] [INFO] [BiharFloodAuto] Repository is already up to date.
[2026-09-15 00:25:06] [INFO] [BiharFloodAuto] [*] Operation is OFF. Skipping Email Fetch and SFTP copy.
[2026-09-15 00:25:09] [INFO] [BiharFloodAuto] Successfully pushed automation.log to Git.
[2026-09-15 00:25:09] [INFO] [BiharFloodAuto] --- Loop #341 complete ---
[2026-09-15 00:25:09] [INFO] [BiharFloodAuto] Sleeping for 15 minutes. Next check at 00:40:09. (Use 'Run Now' on the dashboard to skip this.)
[2026-09-15 00:40:09] [INFO] [BiharFloodAuto] --- Loop #342 starting ---
[2026-09-15 00:40:09] [INFO] [BiharFloodAuto] Executing 'git pull' to check for updates...
[2026-09-15 00:40:12] [INFO] [BiharFloodAuto] Repository is already up to date.
[2026-09-15 00:40:12] [INFO] [BiharFloodAuto] [*] Operation is OFF. Skipping Email Fetch and SFTP copy.
[2026-09-15 00:40:15] [INFO] [BiharFloodAuto] Successfully pushed automation.log to Git.
[2026-09-15 00:40:15] [INFO] [BiharFloodAuto] --- Loop #342 complete ---
[2026-09-15 00:40:15] [INFO] [BiharFloodAuto] Sleeping for 15 minutes. Next check at 00:55:15. (Use 'Run Now' on the dashboard to skip this.)
[2026-09-15 00:55:15] [INFO] [BiharFloodAuto] --- Loop #343 starting ---
[2026-09-15 00:55:15] [INFO] [BiharFloodAuto] Executing 'git pull' to check for updates...
[2026-09-15 00:55:17] [INFO] [BiharFloodAuto] Repository is already up to date.
[2026-09-15 00:55:17] [INFO] [BiharFloodAuto] [*] Operation is OFF. Skipping Email Fetch and SFTP copy.
[2026-09-15 00:55:20] [INFO] [BiharFloodAuto] Successfully pushed automation.log to Git.
[2026-09-15 00:55:20] [INFO] [BiharFloodAuto] --- Loop #343 complete ---
[2026-09-15 00:55:20] [INFO] [BiharFloodAuto] Sleeping for 15 minutes. Next check at 01:10:20. (Use 'Run Now' on the dashboard to skip this.)
[2026-09-15 01:10:20] [INFO] [BiharFloodAuto] --- Loop #344 starting ---
[2026-09-15 01:10:20] [INFO] [BiharFloodAuto] Executing 'git pull' to check for updates...
[2026-09-15 01:10:23] [INFO] [BiharFloodAuto] Repository is already up to date.
[2026-09-15 01:10:23] [INFO] [BiharFloodAuto] [*] Operation is OFF. Skipping Email Fetch and SFTP copy.
[2026-09-15 01:10:26] [INFO] [BiharFloodAuto] Successfully pushed automation.log to Git.
[2026-09-15 01:10:26] [INFO] [BiharFloodAuto] --- Loop #344 complete ---
[2026-09-15 01:10:26] [INFO] [BiharFloodAuto] Sleeping for 15 minutes. Next check at 01:25:26. (Use 'Run Now' on the dashboard to skip this.)
[2026-09-15 01:25:26] [INFO] [BiharFloodAuto] --- Loop #345 starting ---
[2026-09-15 01:25:26] [INFO] [BiharFloodAuto] Executing 'git pull' to check for updates...
[2026-09-15 01:25:28] [INFO] [BiharFloodAuto] Repository is already up to date.
[2026-09-15 01:25:28] [INFO] [BiharFloodAuto] [*] Operation is OFF. Skipping Email Fetch and SFTP copy.
[2026-09-15 01:25:31] [INFO] [BiharFloodAuto] Successfully pushed automation.log to Git.
[2026-09-15 01:25:31] [INFO] [BiharFloodAuto] --- Loop #345 complete ---
[2026-09-15 01:25:31] [INFO] [BiharFloodAuto] Sleeping for 15 minutes. Next check at 01:40:31. (Use 'Run Now' on the dashboard to skip this.)
[2026-09-15 01:40:31] [INFO] [BiharFloodAuto] --- Loop #346 starting ---
[2026-09-15 01:40:31] [INFO] [BiharFloodAuto] Executing 'git pull' to check for updates...
[2026-09-15 01:40:34] [INFO] [BiharFloodAuto] Repository is already up to date.
[2026-09-15 01:40:34] [INFO] [BiharFloodAuto] [*] Operation is OFF. Skipping Email Fetch and SFTP copy.
[2026-09-15 01:40:37] [INFO] [BiharFloodAuto] Successfully pushed automation.log to Git.
[2026-09-15 01:40:37] [INFO] [BiharFloodAuto] --- Loop #346 complete ---
[2026-09-15 01:40:37] [INFO] [BiharFloodAuto] Sleeping for 15 minutes. Next check at 01:55:37. (Use 'Run Now' on the dashboard to skip this.)
[2026-09-15 01:55:37] [INFO] [BiharFloodAuto] --- Loop #347 starting ---
[2026-09-15 01:55:37] [INFO] [BiharFloodAuto] Executing 'git pull' to check for updates...
[2026-09-15 01:55:39] [INFO] [BiharFloodAuto] Repository is already up to date.
[2026-09-15 01:55:39] [INFO] [BiharFloodAuto] [*] Operation is OFF. Skipping Email Fetch and SFTP copy.
[2026-09-15 01:55:42] [INFO] [BiharFloodAuto] Successfully pushed automation.log to Git.
[2026-09-15 01:55:42] [INFO] [BiharFloodAuto] --- Loop #347 complete ---
[2026-09-15 01:55:42] [INFO] [BiharFloodAuto] Sleeping for 15 minutes. Next check at 02:10:42. (Use 'Run Now' on the dashboard to skip this.)
[2026-09-15 02:10:43] [INFO] [BiharFloodAuto] --- Loop #348 starting ---
[2026-09-15 02:10:43] [INFO] [BiharFloodAuto] Executing 'git pull' to check for updates...
[2026-09-15 02:10:45] [INFO] [BiharFloodAuto] Repository is already up to date.
[2026-09-15 02:10:45] [INFO] [BiharFloodAuto] [*] Operation is OFF. Skipping Email Fetch and SFTP copy.
[2026-09-15 02:10:48] [INFO] [BiharFloodAuto] Successfully pushed automation.log to Git.
[2026-09-15 02:10:48] [INFO] [BiharFloodAuto] --- Loop #348 complete ---
[2026-09-15 02:10:48] [INFO] [BiharFloodAuto] Sleeping for 15 minutes. Next check at 02:25:48. (Use 'Run Now' on the dashboard to skip this.)
[2026-09-15 02:25:48] [INFO] [BiharFloodAuto] --- Loop #349 starting ---
[2026-09-15 02:25:48] [INFO] [BiharFloodAuto] Executing 'git pull' to check for updates...
[2026-09-15 02:25:50] [INFO] [BiharFloodAuto] Repository is already up to date.
[2026-09-15 02:25:50] [INFO] [BiharFloodAuto] [*] Operation is OFF. Skipping Email Fetch and SFTP copy.
[2026-09-15 02:25:53] [INFO] [BiharFloodAuto] Successfully pushed automation.log to Git.
[2026-09-15 02:25:53] [INFO] [BiharFloodAuto] --- Loop #349 complete ---
[2026-09-15 02:25:53] [INFO] [BiharFloodAuto] Sleeping for 15 minutes. Next check at 02:40:53. (Use 'Run Now' on the dashboard to skip this.)
[2026-09-15 02:40:53] [INFO] [BiharFloodAuto] --- Loop #350 starting ---
[2026-09-15 02:40:53] [INFO] [BiharFloodAuto] Executing 'git pull' to check for updates...
[2026-09-15 02:40:56] [INFO] [BiharFloodAuto] Repository is already up to date.
[2026-09-15 02:40:56] [INFO] [BiharFloodAuto] [*] Operation is OFF. Skipping Email Fetch and SFTP copy.
[2026-09-15 02:40:59] [INFO] [BiharFloodAuto] Successfully pushed automation.log to Git.
[2026-09-15 02:40:59] [INFO] [BiharFloodAuto] --- Loop #350 complete ---
[2026-09-15 02:40:59] [INFO] [BiharFloodAuto] Sleeping for 15 minutes. Next check at 02:55:59. (Use 'Run Now' on the dashboard to skip this.)
[2026-09-15 02:55:59] [INFO] [BiharFloodAuto] --- Loop #351 starting ---
[2026-09-15 02:55:59] [INFO] [BiharFloodAuto] Executing 'git pull' to check for updates...
[2026-09-15 02:56:01] [INFO] [BiharFloodAuto] Repository is already up to date.
[2026-09-15 02:56:02] [INFO] [BiharFloodAuto] [*] Operation is OFF. Skipping Email Fetch and SFTP copy.
[2026-09-15 02:56:04] [INFO] [BiharFloodAuto] Successfully pushed automation.log to Git.
[2026-09-15 02:56:04] [INFO] [BiharFloodAuto] --- Loop #351 complete ---
[2026-09-15 02:56:04] [INFO] [BiharFloodAuto] Sleeping for 15 minutes. Next check at 03:11:04. (Use 'Run Now' on the dashboard to skip this.)
[2026-09-15 03:11:05] [INFO] [BiharFloodAuto] --- Loop #352 starting ---
[2026-09-15 03:11:05] [INFO] [BiharFloodAuto] Executing 'git pull' to check for updates...
[2026-09-15 03:11:07] [INFO] [BiharFloodAuto] Repository is already up to date.
[2026-09-15 03:11:07] [INFO] [BiharFloodAuto] [*] Operation is OFF. Skipping Email Fetch and SFTP copy.
[2026-09-15 03:11:10] [INFO] [BiharFloodAuto] Successfully pushed automation.log to Git.
[2026-09-15 03:11:10] [INFO] [BiharFloodAuto] --- Loop #352 complete ---
[2026-09-15 03:11:10] [INFO] [BiharFloodAuto] Sleeping for 15 minutes. Next check at 03:26:10. (Use 'Run Now' on the dashboard to skip this.)
[2026-09-15 03:26:10] [INFO] [BiharFloodAuto] --- Loop #353 starting ---
[2026-09-15 03:26:10] [INFO] [BiharFloodAuto] Executing 'git pull' to check for updates...
[2026-09-15 03:26:12] [INFO] [BiharFloodAuto] Repository is already up to date.
[2026-09-15 03:26:12] [INFO] [BiharFloodAuto] [*] Operation is OFF. Skipping Email Fetch and SFTP copy.
[2026-09-15 03:26:15] [INFO] [BiharFloodAuto] Successfully pushed automation.log to Git.
[2026-09-15 03:26:15] [INFO] [BiharFloodAuto] --- Loop #353 complete ---
[2026-09-15 03:26:15] [INFO] [BiharFloodAuto] Sleeping for 15 minutes. Next check at 03:41:15. (Use 'Run Now' on the dashboard to skip this.)
[2026-09-15 03:41:15] [INFO] [BiharFloodAuto] --- Loop #354 starting ---
[2026-09-15 03:41:15] [INFO] [BiharFloodAuto] Executing 'git pull' to check for updates...
[2026-09-15 03:41:18] [INFO] [BiharFloodAuto] Repository is already up to date.
[2026-09-15 03:41:18] [INFO] [BiharFloodAuto] [*] Operation is OFF. Skipping Email Fetch and SFTP copy.
[2026-09-15 03:41:21] [INFO] [BiharFloodAuto] Successfully pushed automation.log to Git.
[2026-09-15 03:41:21] [INFO] [BiharFloodAuto] --- Loop #354 complete ---
[2026-09-15 03:41:21] [INFO] [BiharFloodAuto] Sleeping for 15 minutes. Next check at 03:56:21. (Use 'Run Now' on the dashboard to skip this.)
[2026-09-15 03:56:21] [INFO] [BiharFloodAuto] --- Loop #355 starting ---
[2026-09-15 03:56:21] [INFO] [BiharFloodAuto] Executing 'git pull' to check for updates...
[2026-09-15 03:56:23] [INFO] [BiharFloodAuto] Repository is already up to date.
[2026-09-15 03:56:23] [INFO] [BiharFloodAuto] [*] Operation is OFF. Skipping Email Fetch and SFTP copy.
[2026-09-15 03:56:26] [INFO] [BiharFloodAuto] Successfully pushed automation.log to Git.
[2026-09-15 03:56:26] [INFO] [BiharFloodAuto] --- Loop #355 complete ---
[2026-09-15 03:56:26] [INFO] [BiharFloodAuto] Sleeping for 15 minutes. Next check at 04:11:26. (Use 'Run Now' on the dashboard to skip this.)
[2026-09-15 04:11:26] [INFO] [BiharFloodAuto] --- Loop #356 starting ---
[2026-09-15 04:11:26] [INFO] [BiharFloodAuto] Executing 'git pull' to check for updates...
[2026-09-15 04:11:28] [INFO] [BiharFloodAuto] Repository is already up to date.
[2026-09-15 04:11:29] [INFO] [BiharFloodAuto] [*] Operation is OFF. Skipping Email Fetch and SFTP copy.
[2026-09-15 04:11:31] [INFO] [BiharFloodAuto] Successfully pushed automation.log to Git.
[2026-09-15 04:11:31] [INFO] [BiharFloodAuto] --- Loop #356 complete ---
[2026-09-15 04:11:31] [INFO] [BiharFloodAuto] Sleeping for 15 minutes. Next check at 04:26:31. (Use 'Run Now' on the dashboard to skip this.)
[2026-09-15 04:26:31] [INFO] [BiharFloodAuto] --- Loop #357 starting ---
[2026-09-15 04:26:31] [INFO] [BiharFloodAuto] Executing 'git pull' to check for updates...
[2026-09-15 04:26:34] [INFO] [BiharFloodAuto] Repository is already up to date.
[2026-09-15 04:26:34] [INFO] [BiharFloodAuto] [*] Operation is OFF. Skipping Email Fetch and SFTP copy.
[2026-09-15 04:26:37] [INFO] [BiharFloodAuto] Successfully pushed automation.log to Git.
[2026-09-15 04:26:37] [INFO] [BiharFloodAuto] --- Loop #357 complete ---
[2026-09-15 04:26:37] [INFO] [BiharFloodAuto] Sleeping for 15 minutes. Next check at 04:41:37. (Use 'Run Now' on the dashboard to skip this.)
[2026-09-15 04:41:37] [INFO] [BiharFloodAuto] --- Loop #358 starting ---
[2026-09-15 04:41:37] [INFO] [BiharFloodAuto] Executing 'git pull' to check for updates...
[2026-09-15 04:41:39] [INFO] [BiharFloodAuto] Repository is already up to date.
[2026-09-15 04:41:39] [INFO] [BiharFloodAuto] [*] Operation is OFF. Skipping Email Fetch and SFTP copy.
[2026-09-15 04:41:42] [INFO] [BiharFloodAuto] Successfully pushed automation.log to Git.
[2026-09-15 04:41:42] [INFO] [BiharFloodAuto] --- Loop #358 complete ---
[2026-09-15 04:41:42] [INFO] [BiharFloodAuto] Sleeping for 15 minutes. Next check at 04:56:42. (Use 'Run Now' on the dashboard to skip this.)
[2026-09-15 04:56:42] [INFO] [BiharFloodAuto] --- Loop #359 starting ---
[2026-09-15 04:56:42] [INFO] [BiharFloodAuto] Executing 'git pull' to check for updates...
[2026-09-15 04:56:44] [INFO] [BiharFloodAuto] Repository is already up to date.
[2026-09-15 04:56:44] [INFO] [BiharFloodAuto] [*] Operation is OFF. Skipping Email Fetch and SFTP copy.
[2026-09-15 04:56:47] [INFO] [BiharFloodAuto] Successfully pushed automation.log to Git.
[2026-09-15 04:56:47] [INFO] [BiharFloodAuto] --- Loop #359 complete ---
[2026-09-15 04:56:47] [INFO] [BiharFloodAuto] Sleeping for 15 minutes. Next check at 05:11:47. (Use 'Run Now' on the dashboard to skip this.)
[2026-09-15 05:11:48] [INFO] [BiharFloodAuto] --- Loop #360 starting ---
[2026-09-15 05:11:48] [INFO] [BiharFloodAuto] Executing 'git pull' to check for updates...
[2026-09-15 05:11:50] [INFO] [BiharFloodAuto] Repository is already up to date.
[2026-09-15 05:11:50] [INFO] [BiharFloodAuto] [*] Operation is OFF. Skipping Email Fetch and SFTP copy.
[2026-09-15 05:11:53] [INFO] [BiharFloodAuto] Successfully pushed automation.log to Git.
[2026-09-15 05:11:53] [INFO] [BiharFloodAuto] --- Loop #360 complete ---
[2026-09-15 05:11:53] [INFO] [BiharFloodAuto] Sleeping for 15 minutes. Next check at 05:26:53. (Use 'Run Now' on the dashboard to skip this.)
[2026-09-15 05:26:53] [INFO] [BiharFloodAuto] --- Loop #361 starting ---
[2026-09-15 05:26:53] [INFO] [BiharFloodAuto] Executing 'git pull' to check for updates...
[2026-09-15 05:26:55] [INFO] [BiharFloodAuto] Repository is already up to date.
[2026-09-15 05:26:56] [INFO] [BiharFloodAuto] [*] Operation is OFF. Skipping Email Fetch and SFTP copy.
[2026-09-15 05:26:59] [INFO] [BiharFloodAuto] Successfully pushed automation.log to Git.
[2026-09-15 05:26:59] [INFO] [BiharFloodAuto] --- Loop #361 complete ---
[2026-09-15 05:26:59] [INFO] [BiharFloodAuto] Sleeping for 15 minutes. Next check at 05:41:59. (Use 'Run Now' on the dashboard to skip this.)
[2026-09-15 05:41:59] [INFO] [BiharFloodAuto] --- Loop #362 starting ---
[2026-09-15 05:41:59] [INFO] [BiharFloodAuto] Executing 'git pull' to check for updates...
[2026-09-15 05:42:01] [INFO] [BiharFloodAuto] Repository is already up to date.
[2026-09-15 05:42:01] [INFO] [BiharFloodAuto] [*] Operation is OFF. Skipping Email Fetch and SFTP copy.
[2026-09-15 05:42:04] [INFO] [BiharFloodAuto] Successfully pushed automation.log to Git.
[2026-09-15 05:42:04] [INFO] [BiharFloodAuto] --- Loop #362 complete ---
[2026-09-15 05:42:04] [INFO] [BiharFloodAuto] Sleeping for 15 minutes. Next check at 05:57:04. (Use 'Run Now' on the dashboard to skip this.)
[2026-09-15 05:57:04] [INFO] [BiharFloodAuto] --- Loop #363 starting ---
[2026-09-15 05:57:04] [INFO] [BiharFloodAuto] Executing 'git pull' to check for updates...
[2026-09-15 05:57:07] [INFO] [BiharFloodAuto] Repository is already up to date.
[2026-09-15 05:57:07] [INFO] [BiharFloodAuto] [*] Operation is OFF. Skipping Email Fetch and SFTP copy.
[2026-09-15 05:57:10] [INFO] [BiharFloodAuto] Successfully pushed automation.log to Git.
[2026-09-15 05:57:10] [INFO] [BiharFloodAuto] --- Loop #363 complete ---
[2026-09-15 05:57:10] [INFO] [BiharFloodAuto] Sleeping for 15 minutes. Next check at 06:12:10. (Use 'Run Now' on the dashboard to skip this.)
[2026-09-15 06:12:10] [INFO] [BiharFloodAuto] --- Loop #364 starting ---
[2026-09-15 06:12:10] [INFO] [BiharFloodAuto] Executing 'git pull' to check for updates...
[2026-09-15 06:12:12] [INFO] [BiharFloodAuto] Repository is already up to date.
[2026-09-15 06:12:12] [INFO] [BiharFloodAuto] [*] Operation is OFF. Skipping Email Fetch and SFTP copy.
[2026-09-15 06:12:15] [INFO] [BiharFloodAuto] Successfully pushed automation.log to Git.
[2026-09-15 06:12:15] [INFO] [BiharFloodAuto] --- Loop #364 complete ---
[2026-09-15 06:12:15] [INFO] [BiharFloodAuto] Sleeping for 15 minutes. Next check at 06:27:15. (Use 'Run Now' on the dashboard to skip this.)
[2026-09-15 06:27:15] [INFO] [BiharFloodAuto] --- Loop #365 starting ---
[2026-09-15 06:27:15] [INFO] [BiharFloodAuto] Executing 'git pull' to check for updates...
[2026-09-15 06:27:18] [INFO] [BiharFloodAuto] Repository is already up to date.
[2026-09-15 06:27:18] [INFO] [BiharFloodAuto] [*] Operation is OFF. Skipping Email Fetch and SFTP copy.
[2026-09-15 06:27:21] [INFO] [BiharFloodAuto] Successfully pushed automation.log to Git.
[2026-09-15 06:27:21] [INFO] [BiharFloodAuto] --- Loop #365 complete ---
[2026-09-15 06:27:21] [INFO] [BiharFloodAuto] Sleeping for 15 minutes. Next check at 06:42:21. (Use 'Run Now' on the dashboard to skip this.)
[2026-09-15 06:42:21] [INFO] [BiharFloodAuto] --- Loop #366 starting ---
[2026-09-15 06:42:21] [INFO] [BiharFloodAuto] Executing 'git pull' to check for updates...
[2026-09-15 06:42:23] [INFO] [BiharFloodAuto] Repository is already up to date.
[2026-09-15 06:42:23] [INFO] [BiharFloodAuto] [*] Operation is OFF. Skipping Email Fetch and SFTP copy.
[2026-09-15 06:42:26] [INFO] [BiharFloodAuto] Successfully pushed automation.log to Git.
[2026-09-15 06:42:26] [INFO] [BiharFloodAuto] --- Loop #366 complete ---
[2026-09-15 06:42:26] [INFO] [BiharFloodAuto] Sleeping for 15 minutes. Next check at 06:57:26. (Use 'Run Now' on the dashboard to skip this.)
[2026-09-15 06:57:26] [INFO] [BiharFloodAuto] --- Loop #367 starting ---
[2026-09-15 06:57:26] [INFO] [BiharFloodAuto] Executing 'git pull' to check for updates...
[2026-09-15 06:57:29] [INFO] [BiharFloodAuto] Repository is already up to date.
[2026-09-15 06:57:29] [INFO] [BiharFloodAuto] [*] Operation is OFF. Skipping Email Fetch and SFTP copy.
[2026-09-15 06:57:32] [INFO] [BiharFloodAuto] Successfully pushed automation.log to Git.
[2026-09-15 06:57:32] [INFO] [BiharFloodAuto] --- Loop #367 complete ---
[2026-09-15 06:57:32] [INFO] [BiharFloodAuto] Sleeping for 15 minutes. Next check at 07:12:32. (Use 'Run Now' on the dashboard to skip this.)
[2026-09-15 07:12:32] [INFO] [BiharFloodAuto] --- Loop #368 starting ---
[2026-09-15 07:12:32] [INFO] [BiharFloodAuto] Executing 'git pull' to check for updates...
[2026-09-15 07:12:34] [INFO] [BiharFloodAuto] Repository is already up to date.
[2026-09-15 07:12:34] [INFO] [BiharFloodAuto] [*] Operation is OFF. Skipping Email Fetch and SFTP copy.
[2026-09-15 07:12:37] [INFO] [BiharFloodAuto] Successfully pushed automation.log to Git.
[2026-09-15 07:12:37] [INFO] [BiharFloodAuto] --- Loop #368 complete ---
[2026-09-15 07:12:37] [INFO] [BiharFloodAuto] Sleeping for 15 minutes. Next check at 07:27:37. (Use 'Run Now' on the dashboard to skip this.)
[2026-09-15 07:27:37] [INFO] [BiharFloodAuto] --- Loop #369 starting ---
[2026-09-15 07:27:37] [INFO] [BiharFloodAuto] Executing 'git pull' to check for updates...
[2026-09-15 07:27:39] [INFO] [BiharFloodAuto] Repository is already up to date.
[2026-09-15 07:27:39] [INFO] [BiharFloodAuto] [*] Operation is OFF. Skipping Email Fetch and SFTP copy.
[2026-09-15 07:27:42] [INFO] [BiharFloodAuto] Successfully pushed automation.log to Git.
[2026-09-15 07:27:42] [INFO] [BiharFloodAuto] --- Loop #369 complete ---
[2026-09-15 07:27:42] [INFO] [BiharFloodAuto] Sleeping for 15 minutes. Next check at 07:42:42. (Use 'Run Now' on the dashboard to skip this.)
[2026-09-15 07:42:42] [INFO] [BiharFloodAuto] --- Loop #370 starting ---
[2026-09-15 07:42:42] [INFO] [BiharFloodAuto] Executing 'git pull' to check for updates...
[2026-09-15 07:42:45] [INFO] [BiharFloodAuto] Repository is already up to date.
[2026-09-15 07:42:45] [INFO] [BiharFloodAuto] [*] Operation is OFF. Skipping Email Fetch and SFTP copy.
[2026-09-15 07:42:48] [INFO] [BiharFloodAuto] Successfully pushed automation.log to Git.
[2026-09-15 07:42:48] [INFO] [BiharFloodAuto] --- Loop #370 complete ---
[2026-09-15 07:42:48] [INFO] [BiharFloodAuto] Sleeping for 15 minutes. Next check at 07:57:48. (Use 'Run Now' on the dashboard to skip this.)
[2026-09-15 07:57:48] [INFO] [BiharFloodAuto] --- Loop #371 starting ---
[2026-09-15 07:57:48] [INFO] [BiharFloodAuto] Executing 'git pull' to check for updates...
[2026-09-15 07:57:50] [INFO] [BiharFloodAuto] Repository is already up to date.
[2026-09-15 07:57:50] [INFO] [BiharFloodAuto] [*] Operation is OFF. Skipping Email Fetch and SFTP copy.
[2026-09-15 07:57:53] [INFO] [BiharFloodAuto] Successfully pushed automation.log to Git.
[2026-09-15 07:57:53] [INFO] [BiharFloodAuto] --- Loop #371 complete ---
[2026-09-15 07:57:53] [INFO] [BiharFloodAuto] Sleeping for 15 minutes. Next check at 08:12:53. (Use 'Run Now' on the dashboard to skip this.)
[2026-09-15 08:12:53] [INFO] [BiharFloodAuto] --- Loop #372 starting ---
[2026-09-15 08:12:53] [INFO] [BiharFloodAuto] Executing 'git pull' to check for updates...
[2026-09-15 08:12:56] [INFO] [BiharFloodAuto] Repository is already up to date.
[2026-09-15 08:12:56] [INFO] [BiharFloodAuto] [*] Operation is OFF. Skipping Email Fetch and SFTP copy.
[2026-09-15 08:12:59] [INFO] [BiharFloodAuto] Successfully pushed automation.log to Git.
[2026-09-15 08:12:59] [INFO] [BiharFloodAuto] --- Loop #372 complete ---
[2026-09-15 08:12:59] [INFO] [BiharFloodAuto] Sleeping for 15 minutes. Next check at 08:27:59. (Use 'Run Now' on the dashboard to skip this.)
[2026-09-15 08:27:59] [INFO] [BiharFloodAuto] --- Loop #373 starting ---
[2026-09-15 08:27:59] [INFO] [BiharFloodAuto] Executing 'git pull' to check for updates...
[2026-09-15 08:28:01] [INFO] [BiharFloodAuto] Repository is already up to date.
[2026-09-15 08:28:01] [INFO] [BiharFloodAuto] [*] Operation is OFF. Skipping Email Fetch and SFTP copy.
[2026-09-15 08:28:04] [INFO] [BiharFloodAuto] Successfully pushed automation.log to Git.
[2026-09-15 08:28:04] [INFO] [BiharFloodAuto] --- Loop #373 complete ---
[2026-09-15 08:28:04] [INFO] [BiharFloodAuto] Sleeping for 15 minutes. Next check at 08:43:04. (Use 'Run Now' on the dashboard to skip this.)
[2026-09-15 08:43:04] [INFO] [BiharFloodAuto] --- Loop #374 starting ---
[2026-09-15 08:43:04] [INFO] [BiharFloodAuto] Executing 'git pull' to check for updates...
[2026-09-15 08:43:10] [INFO] [BiharFloodAuto] Repository is already up to date.
[2026-09-15 08:43:10] [INFO] [BiharFloodAuto] [*] Operation is OFF. Skipping Email Fetch and SFTP copy.
[2026-09-15 08:43:15] [INFO] [BiharFloodAuto] Successfully pushed automation.log to Git.
[2026-09-15 08:43:15] [INFO] [BiharFloodAuto] --- Loop #374 complete ---
[2026-09-15 08:43:15] [INFO] [BiharFloodAuto] Sleeping for 15 minutes. Next check at 08:58:15. (Use 'Run Now' on the dashboard to skip this.)
[2026-09-15 08:58:15] [INFO] [BiharFloodAuto] --- Loop #375 starting ---
[2026-09-15 08:58:15] [INFO] [BiharFloodAuto] Executing 'git pull' to check for updates...
[2026-09-15 08:58:17] [INFO] [BiharFloodAuto] Repository is already up to date.
[2026-09-15 08:58:17] [INFO] [BiharFloodAuto] [*] Operation is OFF. Skipping Email Fetch and SFTP copy.
[2026-09-15 08:58:20] [INFO] [BiharFloodAuto] Successfully pushed automation.log to Git.
[2026-09-15 08:58:20] [INFO] [BiharFloodAuto] --- Loop #375 complete ---
[2026-09-15 08:58:20] [INFO] [BiharFloodAuto] Sleeping for 15 minutes. Next check at 09:13:20. (Use 'Run Now' on the dashboard to skip this.)
[2026-09-15 09:13:20] [INFO] [BiharFloodAuto] --- Loop #376 starting ---
[2026-09-15 09:13:20] [INFO] [BiharFloodAuto] Executing 'git pull' to check for updates...
[2026-09-15 09:13:23] [INFO] [BiharFloodAuto] Repository is already up to date.
[2026-09-15 09:13:23] [INFO] [BiharFloodAuto] [*] Operation is OFF. Skipping Email Fetch and SFTP copy.
[2026-09-15 09:13:28] [INFO] [BiharFloodAuto] Successfully pushed automation.log to Git.
[2026-09-15 09:13:28] [INFO] [BiharFloodAuto] --- Loop #376 complete ---
[2026-09-15 09:13:28] [INFO] [BiharFloodAuto] Sleeping for 15 minutes. Next check at 09:28:28. (Use 'Run Now' on the dashboard to skip this.)
[2026-09-15 09:28:28] [INFO] [BiharFloodAuto] --- Loop #377 starting ---
[2026-09-15 09:28:28] [INFO] [BiharFloodAuto] Executing 'git pull' to check for updates...
[2026-09-15 09:28:30] [INFO] [BiharFloodAuto] Repository is already up to date.
[2026-09-15 09:28:30] [INFO] [BiharFloodAuto] [*] Operation is OFF. Skipping Email Fetch and SFTP copy.
[2026-09-15 09:28:33] [INFO] [BiharFloodAuto] Successfully pushed automation.log to Git.
[2026-09-15 09:28:33] [INFO] [BiharFloodAuto] --- Loop #377 complete ---
[2026-09-15 09:28:33] [INFO] [BiharFloodAuto] Sleeping for 15 minutes. Next check at 09:43:33. (Use 'Run Now' on the dashboard to skip this.)
[2026-09-15 09:43:33] [INFO] [BiharFloodAuto] --- Loop #378 starting ---
[2026-09-15 09:43:33] [INFO] [BiharFloodAuto] Executing 'git pull' to check for updates...
[2026-09-15 09:43:36] [INFO] [BiharFloodAuto] Repository is already up to date.
[2026-09-15 09:43:36] [INFO] [BiharFloodAuto] [*] Operation is OFF. Skipping Email Fetch and SFTP copy.
[2026-09-15 09:43:39] [INFO] [BiharFloodAuto] Successfully pushed automation.log to Git.
[2026-09-15 09:43:39] [INFO] [BiharFloodAuto] --- Loop #378 complete ---
[2026-09-15 09:43:39] [INFO] [BiharFloodAuto] Sleeping for 15 minutes. Next check at 09:58:39. (Use 'Run Now' on the dashboard to skip this.)
[2026-09-15 09:58:39] [INFO] [BiharFloodAuto] --- Loop #379 starting ---
[2026-09-15 09:58:39] [INFO] [BiharFloodAuto] Executing 'git pull' to check for updates...
[2026-09-15 09:58:42] [INFO] [BiharFloodAuto] Repository is already up to date.
[2026-09-15 09:58:42] [INFO] [BiharFloodAuto] [*] Operation is OFF. Skipping Email Fetch and SFTP copy.
[2026-09-15 09:58:46] [INFO] [BiharFloodAuto] Successfully pushed automation.log to Git.
[2026-09-15 09:58:46] [INFO] [BiharFloodAuto] --- Loop #379 complete ---
[2026-09-15 09:58:46] [INFO] [BiharFloodAuto] Sleeping for 15 minutes. Next check at 10:13:46. (Use 'Run Now' on the dashboard to skip this.)
[2026-09-15 10:13:46] [INFO] [BiharFloodAuto] --- Loop #380 starting ---
[2026-09-15 10:13:46] [INFO] [BiharFloodAuto] Executing 'git pull' to check for updates...
[2026-09-15 10:13:49] [INFO] [BiharFloodAuto] Repository is already up to date.
[2026-09-15 10:13:49] [INFO] [BiharFloodAuto] [*] Operation is OFF. Skipping Email Fetch and SFTP copy.
[2026-09-15 10:13:53] [INFO] [BiharFloodAuto] Successfully pushed automation.log to Git.
[2026-09-15 10:13:53] [INFO] [BiharFloodAuto] --- Loop #380 complete ---
[2026-09-15 10:13:53] [INFO] [BiharFloodAuto] Sleeping for 15 minutes. Next check at 10:28:53. (Use 'Run Now' on the dashboard to skip this.)
[2026-09-15 10:28:53] [INFO] [BiharFloodAuto] --- Loop #381 starting ---
[2026-09-15 10:28:53] [INFO] [BiharFloodAuto] Executing 'git pull' to check for updates...
[2026-09-15 10:28:56] [INFO] [BiharFloodAuto] Repository is already up to date.
[2026-09-15 10:28:56] [INFO] [BiharFloodAuto] [*] Operation is OFF. Skipping Email Fetch and SFTP copy.
[2026-09-15 10:29:00] [INFO] [BiharFloodAuto] Successfully pushed automation.log to Git.
[2026-09-15 10:29:00] [INFO] [BiharFloodAuto] --- Loop #381 complete ---
[2026-09-15 10:29:00] [INFO] [BiharFloodAuto] Sleeping for 15 minutes. Next check at 10:44:00. (Use 'Run Now' on the dashboard to skip this.)
[2026-09-15 10:44:00] [INFO] [BiharFloodAuto] --- Loop #382 starting ---
[2026-09-15 10:44:00] [INFO] [BiharFloodAuto] Executing 'git pull' to check for updates...
[2026-09-15 10:44:02] [INFO] [BiharFloodAuto] Repository is already up to date.
[2026-09-15 10:44:03] [INFO] [BiharFloodAuto] [*] Operation is OFF. Skipping Email Fetch and SFTP copy.
[2026-09-15 10:44:06] [INFO] [BiharFloodAuto] Successfully pushed automation.log to Git.
[2026-09-15 10:44:06] [INFO] [BiharFloodAuto] --- Loop #382 complete ---
[2026-09-15 10:44:06] [INFO] [BiharFloodAuto] Sleeping for 15 minutes. Next check at 10:59:06. (Use 'Run Now' on the dashboard to skip this.)
[2026-09-15 10:59:06] [INFO] [BiharFloodAuto] --- Loop #383 starting ---
[2026-09-15 10:59:06] [INFO] [BiharFloodAuto] Executing 'git pull' to check for updates...
[2026-09-15 10:59:10] [INFO] [BiharFloodAuto] Git pull downloaded new changes. HEAD moved from f5abaf7 to 5a8d516.
[2026-09-15 10:59:11] [INFO] [BiharFloodAuto] Searching Gmail for emails with 'Inundation Probability' from the last 15 days...
[2026-09-15 10:59:14] [INFO] [BiharFloodAuto] [MATCH] Found email with Subject: 'Inundation Probability 15-09-2026 AND 16-09-2026'
[2026-09-15 10:59:14] [INFO] [BiharFloodAuto]    -> Downloading: 15092026.zip (Saving as 15092026.zip)
[2026-09-15 10:59:19] [INFO] [BiharFloodAuto]    -> Saved successfully to /home/sac/Documents/Bihar_Flood_Automate/bihar_flood_automate/15092026.zip
[2026-09-15 10:59:19] [INFO] [BiharFloodAuto]    -> Downloading: 16092026.zip (Saving as 16092026.zip)
[2026-09-15 10:59:25] [INFO] [BiharFloodAuto]    -> Saved successfully to /home/sac/Documents/Bihar_Flood_Automate/bihar_flood_automate/16092026.zip
[2026-09-15 10:59:26] [INFO] [BiharFloodAuto]    -> Marked email as read (cosmetic only).
[2026-09-15 10:59:26] [INFO] [paramiko.transport] Connected (version 2.0, client OpenSSH_8.9p1)
[2026-09-15 10:59:27] [INFO] [paramiko.transport] Authentication (password) successful!
[2026-09-15 10:59:27] [INFO] [paramiko.transport.sftp] [chan 0] Opened sftp connection (server version 3)
[2026-09-15 10:59:27] [INFO] [BiharFloodAuto] [+] Overwriting: 29082026.zip -> server...
[2026-09-15 10:59:27] [INFO] [BiharFloodAuto] [+] Uploading: 16092026.zip -> server...
[2026-09-15 10:59:27] [INFO] [BiharFloodAuto] [+] Overwriting: 11092026.zip -> server...
[2026-09-15 10:59:27] [INFO] [BiharFloodAuto] [+] Overwriting: 28082026.zip -> server...
[2026-09-15 10:59:27] [INFO] [BiharFloodAuto] [+] Overwriting: 05092026.zip -> server...
[2026-09-15 10:59:28] [INFO] [BiharFloodAuto] [+] Overwriting: 12092026.zip -> server...
[2026-09-15 10:59:28] [INFO] [BiharFloodAuto] [+] Overwriting: 07092026.zip -> server...
[2026-09-15 10:59:28] [INFO] [BiharFloodAuto] [+] Overwriting: 13092026.zip -> server...
[2026-09-15 10:59:28] [INFO] [BiharFloodAuto] [+] Overwriting: 08092026.zip -> server...
[2026-09-15 10:59:28] [INFO] [BiharFloodAuto] [+] Overwriting: 14092026.zip -> server...
[2026-09-15 10:59:28] [INFO] [BiharFloodAuto] [+] Overwriting: 02092026.zip -> server...
[2026-09-15 10:59:29] [INFO] [BiharFloodAuto] [+] Overwriting: 27082026.zip -> server...
[2026-09-15 10:59:29] [INFO] [BiharFloodAuto] [+] Overwriting: 09092026.zip -> server...
[2026-09-15 10:59:29] [INFO] [BiharFloodAuto] [+] Overwriting: 10092026.zip -> server...
[2026-09-15 10:59:29] [INFO] [BiharFloodAuto] [+] Overwriting: 06092026.zip -> server...
[2026-09-15 10:59:29] [INFO] [BiharFloodAuto] [+] Overwriting: 30082026.zip -> server...
[2026-09-15 10:59:29] [INFO] [BiharFloodAuto] [+] Overwriting: 15092026.zip -> server...
[2026-09-15 10:59:30] [INFO] [BiharFloodAuto] [+] Overwriting: 01092026.zip -> server...
[2026-09-15 10:59:30] [INFO] [BiharFloodAuto] [+] Overwriting: 04092026.zip -> server...
[2026-09-15 10:59:30] [INFO] [BiharFloodAuto] [+] Overwriting: 31082026.zip -> server...
[2026-09-15 10:59:30] [INFO] [BiharFloodAuto] [+] Overwriting: 03092026.zip -> server...
[2026-09-15 10:59:30] [INFO] [BiharFloodAuto] [+] Successfully copied 21 file(s).
[2026-09-15 10:59:30] [INFO] [paramiko.transport.sftp] [chan 0] sftp session closed.
[2026-09-15 10:59:35] [INFO] [BiharFloodAuto] Successfully pushed automation.log to Git.
[2026-09-15 10:59:35] [INFO] [BiharFloodAuto] --- Loop #383 complete ---
[2026-09-15 10:59:35] [INFO] [BiharFloodAuto] Sleeping for 15 minutes. Next check at 11:14:35. (Use 'Run Now' on the dashboard to skip this.)
[2026-09-15 11:14:35] [INFO] [BiharFloodAuto] --- Loop #384 starting ---
[2026-09-15 11:14:35] [INFO] [BiharFloodAuto] Executing 'git pull' to check for updates...
[2026-09-15 11:14:40] [INFO] [BiharFloodAuto] Git pull downloaded new changes. HEAD moved from 97041b1 to f581d68.
[2026-09-15 11:14:40] [INFO] [BiharFloodAuto] [*] Operation is OFF. Skipping Email Fetch and SFTP copy.
[2026-09-15 11:14:43] [INFO] [BiharFloodAuto] Successfully pushed automation.log to Git.
[2026-09-15 11:14:43] [INFO] [BiharFloodAuto] --- Loop #384 complete ---
[2026-09-15 11:14:43] [INFO] [BiharFloodAuto] Sleeping for 15 minutes. Next check at 11:29:43. (Use 'Run Now' on the dashboard to skip this.)
[2026-09-15 11:29:44] [INFO] [BiharFloodAuto] --- Loop #385 starting ---
[2026-09-15 11:29:44] [INFO] [BiharFloodAuto] Executing 'git pull' to check for updates...
[2026-09-15 11:29:47] [INFO] [BiharFloodAuto] Repository is already up to date.
[2026-09-15 11:29:47] [INFO] [BiharFloodAuto] [*] Operation is OFF. Skipping Email Fetch and SFTP copy.
[2026-09-15 11:29:50] [INFO] [BiharFloodAuto] Successfully pushed automation.log to Git.
[2026-09-15 11:29:50] [INFO] [BiharFloodAuto] --- Loop #385 complete ---
[2026-09-15 11:29:50] [INFO] [BiharFloodAuto] Sleeping for 15 minutes. Next check at 11:44:50. (Use 'Run Now' on the dashboard to skip this.)
[2026-09-15 11:44:50] [INFO] [BiharFloodAuto] --- Loop #386 starting ---
[2026-09-15 11:44:50] [INFO] [BiharFloodAuto] Executing 'git pull' to check for updates...
[2026-09-15 11:44:53] [INFO] [BiharFloodAuto] Repository is already up to date.
[2026-09-15 11:44:53] [INFO] [BiharFloodAuto] [*] Operation is OFF. Skipping Email Fetch and SFTP copy.
[2026-09-15 11:44:57] [INFO] [BiharFloodAuto] Successfully pushed automation.log to Git.
[2026-09-15 11:44:57] [INFO] [BiharFloodAuto] --- Loop #386 complete ---
[2026-09-15 11:44:57] [INFO] [BiharFloodAuto] Sleeping for 15 minutes. Next check at 11:59:57. (Use 'Run Now' on the dashboard to skip this.)
[2026-09-15 11:59:57] [INFO] [BiharFloodAuto] --- Loop #387 starting ---
[2026-09-15 11:59:57] [INFO] [BiharFloodAuto] Executing 'git pull' to check for updates...
[2026-09-15 12:00:00] [INFO] [BiharFloodAuto] Repository is already up to date.
[2026-09-15 12:00:00] [INFO] [BiharFloodAuto] [*] Operation is OFF. Skipping Email Fetch and SFTP copy.
[2026-09-15 12:00:04] [INFO] [BiharFloodAuto] Successfully pushed automation.log to Git.
[2026-09-15 12:00:04] [INFO] [BiharFloodAuto] --- Loop #387 complete ---
[2026-09-15 12:00:04] [INFO] [BiharFloodAuto] Sleeping for 15 minutes. Next check at 12:15:04. (Use 'Run Now' on the dashboard to skip this.)
[2026-09-15 12:15:04] [INFO] [BiharFloodAuto] --- Loop #388 starting ---
[2026-09-15 12:15:04] [INFO] [BiharFloodAuto] Executing 'git pull' to check for updates...
[2026-09-15 12:15:07] [INFO] [BiharFloodAuto] Repository is already up to date.
[2026-09-15 12:15:07] [INFO] [BiharFloodAuto] [*] Operation is OFF. Skipping Email Fetch and SFTP copy.
[2026-09-15 12:15:11] [INFO] [BiharFloodAuto] Successfully pushed automation.log to Git.
[2026-09-15 12:15:11] [INFO] [BiharFloodAuto] --- Loop #388 complete ---
[2026-09-15 12:15:11] [INFO] [BiharFloodAuto] Sleeping for 15 minutes. Next check at 12:30:11. (Use 'Run Now' on the dashboard to skip this.)
[2026-09-15 12:30:12] [INFO] [BiharFloodAuto] --- Loop #389 starting ---
[2026-09-15 12:30:12] [INFO] [BiharFloodAuto] Executing 'git pull' to check for updates...
[2026-09-15 12:30:15] [INFO] [BiharFloodAuto] Repository is already up to date.
[2026-09-15 12:30:15] [INFO] [BiharFloodAuto] [*] Operation is OFF. Skipping Email Fetch and SFTP copy.
[2026-09-15 12:30:19] [INFO] [BiharFloodAuto] Successfully pushed automation.log to Git.
[2026-09-15 12:30:19] [INFO] [BiharFloodAuto] --- Loop #389 complete ---
[2026-09-15 12:30:19] [INFO] [BiharFloodAuto] Sleeping for 15 minutes. Next check at 12:45:19. (Use 'Run Now' on the dashboard to skip this.)
[2026-09-15 12:45:20] [INFO] [BiharFloodAuto] --- Loop #390 starting ---
[2026-09-15 12:45:20] [INFO] [BiharFloodAuto] Executing 'git pull' to check for updates...
[2026-09-15 12:45:22] [INFO] [BiharFloodAuto] Repository is already up to date.
[2026-09-15 12:45:22] [INFO] [BiharFloodAuto] [*] Operation is OFF. Skipping Email Fetch and SFTP copy.
[2026-09-15 12:45:25] [INFO] [BiharFloodAuto] Successfully pushed automation.log to Git.
[2026-09-15 12:45:25] [INFO] [BiharFloodAuto] --- Loop #390 complete ---
[2026-09-15 12:45:25] [INFO] [BiharFloodAuto] Sleeping for 15 minutes. Next check at 13:00:25. (Use 'Run Now' on the dashboard to skip this.)
[2026-09-15 13:00:25] [INFO] [BiharFloodAuto] --- Loop #391 starting ---
[2026-09-15 13:00:25] [INFO] [BiharFloodAuto] Executing 'git pull' to check for updates...
[2026-09-15 13:00:29] [INFO] [BiharFloodAuto] Repository is already up to date.
[2026-09-15 13:00:30] [INFO] [BiharFloodAuto] [*] Operation is OFF. Skipping Email Fetch and SFTP copy.
[2026-09-15 13:00:33] [INFO] [BiharFloodAuto] Successfully pushed automation.log to Git.
[2026-09-15 13:00:33] [INFO] [BiharFloodAuto] --- Loop #391 complete ---
[2026-09-15 13:00:33] [INFO] [BiharFloodAuto] Sleeping for 15 minutes. Next check at 13:15:33. (Use 'Run Now' on the dashboard to skip this.)
[2026-09-15 13:15:33] [INFO] [BiharFloodAuto] --- Loop #392 starting ---
[2026-09-15 13:15:33] [INFO] [BiharFloodAuto] Executing 'git pull' to check for updates...
[2026-09-15 13:15:37] [INFO] [BiharFloodAuto] Repository is already up to date.
[2026-09-15 13:15:37] [INFO] [BiharFloodAuto] [*] Operation is OFF. Skipping Email Fetch and SFTP copy.
[2026-09-15 13:15:40] [INFO] [BiharFloodAuto] Successfully pushed automation.log to Git.
[2026-09-15 13:15:40] [INFO] [BiharFloodAuto] --- Loop #392 complete ---
[2026-09-15 13:15:40] [INFO] [BiharFloodAuto] Sleeping for 15 minutes. Next check at 13:30:40. (Use 'Run Now' on the dashboard to skip this.)
[2026-09-15 13:30:40] [INFO] [BiharFloodAuto] --- Loop #393 starting ---
[2026-09-15 13:30:40] [INFO] [BiharFloodAuto] Executing 'git pull' to check for updates...
[2026-09-15 13:30:43] [INFO] [BiharFloodAuto] Repository is already up to date.
[2026-09-15 13:30:43] [INFO] [BiharFloodAuto] [*] Operation is OFF. Skipping Email Fetch and SFTP copy.
[2026-09-15 13:30:47] [INFO] [BiharFloodAuto] Successfully pushed automation.log to Git.
[2026-09-15 13:30:47] [INFO] [BiharFloodAuto] --- Loop #393 complete ---
[2026-09-15 13:30:47] [INFO] [BiharFloodAuto] Sleeping for 15 minutes. Next check at 13:45:47. (Use 'Run Now' on the dashboard to skip this.)
[2026-09-15 13:45:47] [INFO] [BiharFloodAuto] --- Loop #394 starting ---
[2026-09-15 13:45:47] [INFO] [BiharFloodAuto] Executing 'git pull' to check for updates...
[2026-09-15 13:45:50] [INFO] [BiharFloodAuto] Repository is already up to date.
[2026-09-15 13:45:50] [INFO] [BiharFloodAuto] [*] Operation is OFF. Skipping Email Fetch and SFTP copy.
[2026-09-15 13:45:55] [INFO] [BiharFloodAuto] Successfully pushed automation.log to Git.
[2026-09-15 13:45:55] [INFO] [BiharFloodAuto] --- Loop #394 complete ---
[2026-09-15 13:45:55] [INFO] [BiharFloodAuto] Sleeping for 15 minutes. Next check at 14:00:55. (Use 'Run Now' on the dashboard to skip this.)
[2026-09-15 14:00:55] [INFO] [BiharFloodAuto] --- Loop #395 starting ---
[2026-09-15 14:00:55] [INFO] [BiharFloodAuto] Executing 'git pull' to check for updates...
[2026-09-15 14:00:57] [INFO] [BiharFloodAuto] Repository is already up to date.
[2026-09-15 14:00:57] [INFO] [BiharFloodAuto] [*] Operation is OFF. Skipping Email Fetch and SFTP copy.
[2026-09-15 14:01:01] [INFO] [BiharFloodAuto] Successfully pushed automation.log to Git.
[2026-09-15 14:01:01] [INFO] [BiharFloodAuto] --- Loop #395 complete ---
[2026-09-15 14:01:01] [INFO] [BiharFloodAuto] Sleeping for 15 minutes. Next check at 14:16:01. (Use 'Run Now' on the dashboard to skip this.)
[2026-09-15 14:16:01] [INFO] [BiharFloodAuto] --- Loop #396 starting ---
[2026-09-15 14:16:01] [INFO] [BiharFloodAuto] Executing 'git pull' to check for updates...
[2026-09-15 14:16:05] [INFO] [BiharFloodAuto] Repository is already up to date.
[2026-09-15 14:16:05] [INFO] [BiharFloodAuto] [*] Operation is OFF. Skipping Email Fetch and SFTP copy.
[2026-09-15 14:16:09] [INFO] [BiharFloodAuto] Successfully pushed automation.log to Git.
[2026-09-15 14:16:09] [INFO] [BiharFloodAuto] --- Loop #396 complete ---
[2026-09-15 14:16:09] [INFO] [BiharFloodAuto] Sleeping for 15 minutes. Next check at 14:31:09. (Use 'Run Now' on the dashboard to skip this.)
[2026-09-15 14:31:09] [INFO] [BiharFloodAuto] --- Loop #397 starting ---
[2026-09-15 14:31:09] [INFO] [BiharFloodAuto] Executing 'git pull' to check for updates...
[2026-09-15 14:31:12] [INFO] [BiharFloodAuto] Repository is already up to date.
[2026-09-15 14:31:12] [INFO] [BiharFloodAuto] [*] Operation is OFF. Skipping Email Fetch and SFTP copy.
[2026-09-15 14:31:16] [INFO] [BiharFloodAuto] Successfully pushed automation.log to Git.
[2026-09-15 14:31:16] [INFO] [BiharFloodAuto] --- Loop #397 complete ---
[2026-09-15 14:31:16] [INFO] [BiharFloodAuto] Sleeping for 15 minutes. Next check at 14:46:16. (Use 'Run Now' on the dashboard to skip this.)
[2026-09-15 14:46:16] [INFO] [BiharFloodAuto] --- Loop #398 starting ---
[2026-09-15 14:46:16] [INFO] [BiharFloodAuto] Executing 'git pull' to check for updates...
[2026-09-15 14:46:19] [INFO] [BiharFloodAuto] Repository is already up to date.
[2026-09-15 14:46:19] [INFO] [BiharFloodAuto] [*] Operation is OFF. Skipping Email Fetch and SFTP copy.
[2026-09-15 14:46:23] [INFO] [BiharFloodAuto] Successfully pushed automation.log to Git.
[2026-09-15 14:46:23] [INFO] [BiharFloodAuto] --- Loop #398 complete ---
[2026-09-15 14:46:23] [INFO] [BiharFloodAuto] Sleeping for 15 minutes. Next check at 15:01:23. (Use 'Run Now' on the dashboard to skip this.)
[2026-09-15 15:01:23] [INFO] [BiharFloodAuto] --- Loop #399 starting ---
[2026-09-15 15:01:23] [INFO] [BiharFloodAuto] Executing 'git pull' to check for updates...
[2026-09-15 15:01:28] [INFO] [BiharFloodAuto] Repository is already up to date.
[2026-09-15 15:01:28] [INFO] [BiharFloodAuto] [*] Operation is OFF. Skipping Email Fetch and SFTP copy.
[2026-09-15 15:01:32] [INFO] [BiharFloodAuto] Successfully pushed automation.log to Git.
[2026-09-15 15:01:32] [INFO] [BiharFloodAuto] --- Loop #399 complete ---
[2026-09-15 15:01:32] [INFO] [BiharFloodAuto] Sleeping for 15 minutes. Next check at 15:16:32. (Use 'Run Now' on the dashboard to skip this.)
[2026-09-15 15:16:32] [INFO] [BiharFloodAuto] --- Loop #400 starting ---
[2026-09-15 15:16:32] [INFO] [BiharFloodAuto] Executing 'git pull' to check for updates...
[2026-09-15 15:16:35] [INFO] [BiharFloodAuto] Repository is already up to date.
[2026-09-15 15:16:35] [INFO] [BiharFloodAuto] [*] Operation is OFF. Skipping Email Fetch and SFTP copy.
[2026-09-15 15:16:39] [INFO] [BiharFloodAuto] Successfully pushed automation.log to Git.
[2026-09-15 15:16:39] [INFO] [BiharFloodAuto] --- Loop #400 complete ---
[2026-09-15 15:16:39] [INFO] [BiharFloodAuto] Sleeping for 15 minutes. Next check at 15:31:39. (Use 'Run Now' on the dashboard to skip this.)
[2026-09-15 15:31:39] [INFO] [BiharFloodAuto] --- Loop #401 starting ---
[2026-09-15 15:31:39] [INFO] [BiharFloodAuto] Executing 'git pull' to check for updates...
[2026-09-15 15:31:42] [INFO] [BiharFloodAuto] Repository is already up to date.
[2026-09-15 15:31:42] [INFO] [BiharFloodAuto] [*] Operation is OFF. Skipping Email Fetch and SFTP copy.
[2026-09-15 15:31:46] [INFO] [BiharFloodAuto] Successfully pushed automation.log to Git.
[2026-09-15 15:31:46] [INFO] [BiharFloodAuto] --- Loop #401 complete ---
[2026-09-15 15:31:46] [INFO] [BiharFloodAuto] Sleeping for 15 minutes. Next check at 15:46:46. (Use 'Run Now' on the dashboard to skip this.)
[2026-09-15 15:46:46] [INFO] [BiharFloodAuto] --- Loop #402 starting ---
[2026-09-15 15:46:46] [INFO] [BiharFloodAuto] Executing 'git pull' to check for updates...
[2026-09-15 15:46:49] [INFO] [BiharFloodAuto] Repository is already up to date.
[2026-09-15 15:46:49] [INFO] [BiharFloodAuto] [*] Operation is OFF. Skipping Email Fetch and SFTP copy.
[2026-09-15 15:46:53] [INFO] [BiharFloodAuto] Successfully pushed automation.log to Git.
[2026-09-15 15:46:53] [INFO] [BiharFloodAuto] --- Loop #402 complete ---
[2026-09-15 15:46:53] [INFO] [BiharFloodAuto] Sleeping for 15 minutes. Next check at 16:01:53. (Use 'Run Now' on the dashboard to skip this.)
[2026-09-15 16:01:53] [INFO] [BiharFloodAuto] --- Loop #403 starting ---
[2026-09-15 16:01:53] [INFO] [BiharFloodAuto] Executing 'git pull' to check for updates...
[2026-09-15 16:01:57] [INFO] [BiharFloodAuto] Repository is already up to date.
[2026-09-15 16:01:57] [INFO] [BiharFloodAuto] [*] Operation is OFF. Skipping Email Fetch and SFTP copy.
[2026-09-15 16:02:00] [INFO] [BiharFloodAuto] Successfully pushed automation.log to Git.
[2026-09-15 16:02:00] [INFO] [BiharFloodAuto] --- Loop #403 complete ---
[2026-09-15 16:02:00] [INFO] [BiharFloodAuto] Sleeping for 15 minutes. Next check at 16:17:00. (Use 'Run Now' on the dashboard to skip this.)
[2026-09-15 16:17:00] [INFO] [BiharFloodAuto] --- Loop #404 starting ---
[2026-09-15 16:17:00] [INFO] [BiharFloodAuto] Executing 'git pull' to check for updates...
[2026-09-15 16:17:03] [INFO] [BiharFloodAuto] Repository is already up to date.
[2026-09-15 16:17:03] [INFO] [BiharFloodAuto] [*] Operation is OFF. Skipping Email Fetch and SFTP copy.
[2026-09-15 16:17:07] [INFO] [BiharFloodAuto] Successfully pushed automation.log to Git.
[2026-09-15 16:17:07] [INFO] [BiharFloodAuto] --- Loop #404 complete ---
[2026-09-15 16:17:07] [INFO] [BiharFloodAuto] Sleeping for 15 minutes. Next check at 16:32:07. (Use 'Run Now' on the dashboard to skip this.)
[2026-09-15 16:32:07] [INFO] [BiharFloodAuto] --- Loop #405 starting ---
[2026-09-15 16:32:07] [INFO] [BiharFloodAuto] Executing 'git pull' to check for updates...
[2026-09-15 16:32:13] [INFO] [BiharFloodAuto] Repository is already up to date.
[2026-09-15 16:32:13] [INFO] [BiharFloodAuto] [*] Operation is OFF. Skipping Email Fetch and SFTP copy.
[2026-09-15 16:32:18] [INFO] [BiharFloodAuto] Successfully pushed automation.log to Git.
[2026-09-15 16:32:18] [INFO] [BiharFloodAuto] --- Loop #405 complete ---
[2026-09-15 16:32:18] [INFO] [BiharFloodAuto] Sleeping for 15 minutes. Next check at 16:47:18. (Use 'Run Now' on the dashboard to skip this.)
[2026-09-15 16:47:18] [INFO] [BiharFloodAuto] --- Loop #406 starting ---
[2026-09-15 16:47:18] [INFO] [BiharFloodAuto] Executing 'git pull' to check for updates...
[2026-09-15 16:47:26] [INFO] [BiharFloodAuto] Repository is already up to date.
[2026-09-15 16:47:26] [INFO] [BiharFloodAuto] [*] Operation is OFF. Skipping Email Fetch and SFTP copy.
[2026-09-15 16:47:33] [INFO] [BiharFloodAuto] Successfully pushed automation.log to Git.
[2026-09-15 16:47:33] [INFO] [BiharFloodAuto] --- Loop #406 complete ---
[2026-09-15 16:47:33] [INFO] [BiharFloodAuto] Sleeping for 15 minutes. Next check at 17:02:33. (Use 'Run Now' on the dashboard to skip this.)
[2026-09-15 17:02:33] [INFO] [BiharFloodAuto] --- Loop #407 starting ---
[2026-09-15 17:02:33] [INFO] [BiharFloodAuto] Executing 'git pull' to check for updates...
[2026-09-15 17:02:37] [INFO] [BiharFloodAuto] Repository is already up to date.
[2026-09-15 17:02:38] [INFO] [BiharFloodAuto] [*] Operation is OFF. Skipping Email Fetch and SFTP copy.
[2026-09-15 17:02:43] [INFO] [BiharFloodAuto] Successfully pushed automation.log to Git.
[2026-09-15 17:02:43] [INFO] [BiharFloodAuto] --- Loop #407 complete ---
[2026-09-15 17:02:43] [INFO] [BiharFloodAuto] Sleeping for 15 minutes. Next check at 17:17:43. (Use 'Run Now' on the dashboard to skip this.)
[2026-09-15 17:17:43] [INFO] [BiharFloodAuto] --- Loop #408 starting ---
[2026-09-15 17:17:43] [INFO] [BiharFloodAuto] Executing 'git pull' to check for updates...
[2026-09-15 17:17:46] [INFO] [BiharFloodAuto] Repository is already up to date.
[2026-09-15 17:17:46] [INFO] [BiharFloodAuto] [*] Operation is OFF. Skipping Email Fetch and SFTP copy.
[2026-09-15 17:17:49] [INFO] [BiharFloodAuto] Successfully pushed automation.log to Git.
[2026-09-15 17:17:49] [INFO] [BiharFloodAuto] --- Loop #408 complete ---
[2026-09-15 17:17:49] [INFO] [BiharFloodAuto] Sleeping for 15 minutes. Next check at 17:32:49. (Use 'Run Now' on the dashboard to skip this.)
[2026-09-15 17:32:49] [INFO] [BiharFloodAuto] --- Loop #409 starting ---
[2026-09-15 17:32:49] [INFO] [BiharFloodAuto] Executing 'git pull' to check for updates...
[2026-09-15 17:32:52] [INFO] [BiharFloodAuto] Repository is already up to date.
[2026-09-15 17:32:52] [INFO] [BiharFloodAuto] [*] Operation is OFF. Skipping Email Fetch and SFTP copy.
[2026-09-15 17:32:56] [INFO] [BiharFloodAuto] Successfully pushed automation.log to Git.
[2026-09-15 17:32:56] [INFO] [BiharFloodAuto] --- Loop #409 complete ---
[2026-09-15 17:32:56] [INFO] [BiharFloodAuto] Sleeping for 15 minutes. Next check at 17:47:56. (Use 'Run Now' on the dashboard to skip this.)
[2026-09-15 17:47:56] [INFO] [BiharFloodAuto] --- Loop #410 starting ---
[2026-09-15 17:47:56] [INFO] [BiharFloodAuto] Executing 'git pull' to check for updates...
[2026-09-15 17:48:00] [INFO] [BiharFloodAuto] Repository is already up to date.
[2026-09-15 17:48:00] [INFO] [BiharFloodAuto] [*] Operation is OFF. Skipping Email Fetch and SFTP copy.
[2026-09-15 17:48:04] [INFO] [BiharFloodAuto] Successfully pushed automation.log to Git.
[2026-09-15 17:48:04] [INFO] [BiharFloodAuto] --- Loop #410 complete ---
[2026-09-15 17:48:04] [INFO] [BiharFloodAuto] Sleeping for 15 minutes. Next check at 18:03:04. (Use 'Run Now' on the dashboard to skip this.)
[2026-09-15 18:03:04] [INFO] [BiharFloodAuto] --- Loop #411 starting ---
[2026-09-15 18:03:04] [INFO] [BiharFloodAuto] Executing 'git pull' to check for updates...
[2026-09-15 18:03:06] [INFO] [BiharFloodAuto] Repository is already up to date.
[2026-09-15 18:03:06] [INFO] [BiharFloodAuto] [*] Operation is OFF. Skipping Email Fetch and SFTP copy.
[2026-09-15 18:03:09] [INFO] [BiharFloodAuto] Successfully pushed automation.log to Git.
[2026-09-15 18:03:09] [INFO] [BiharFloodAuto] --- Loop #411 complete ---
[2026-09-15 18:03:09] [INFO] [BiharFloodAuto] Sleeping for 15 minutes. Next check at 18:18:09. (Use 'Run Now' on the dashboard to skip this.)
[2026-09-15 18:18:09] [INFO] [BiharFloodAuto] --- Loop #412 starting ---
[2026-09-15 18:18:09] [INFO] [BiharFloodAuto] Executing 'git pull' to check for updates...
[2026-09-15 18:18:15] [INFO] [BiharFloodAuto] Repository is already up to date.
[2026-09-15 18:18:15] [INFO] [BiharFloodAuto] [*] Operation is OFF. Skipping Email Fetch and SFTP copy.
[2026-09-15 18:18:20] [INFO] [BiharFloodAuto] Successfully pushed automation.log to Git.
[2026-09-15 18:18:20] [INFO] [BiharFloodAuto] --- Loop #412 complete ---
[2026-09-15 18:18:20] [INFO] [BiharFloodAuto] Sleeping for 15 minutes. Next check at 18:33:20. (Use 'Run Now' on the dashboard to skip this.)
[2026-09-15 18:33:20] [INFO] [BiharFloodAuto] --- Loop #413 starting ---
[2026-09-15 18:33:20] [INFO] [BiharFloodAuto] Executing 'git pull' to check for updates...
[2026-09-15 18:33:23] [INFO] [BiharFloodAuto] Repository is already up to date.
[2026-09-15 18:33:23] [INFO] [BiharFloodAuto] [*] Operation is OFF. Skipping Email Fetch and SFTP copy.
[2026-09-15 18:33:26] [INFO] [BiharFloodAuto] Successfully pushed automation.log to Git.
[2026-09-15 18:33:26] [INFO] [BiharFloodAuto] --- Loop #413 complete ---
[2026-09-15 18:33:26] [INFO] [BiharFloodAuto] Sleeping for 15 minutes. Next check at 18:48:26. (Use 'Run Now' on the dashboard to skip this.)
[2026-09-15 18:48:26] [INFO] [BiharFloodAuto] --- Loop #414 starting ---
[2026-09-15 18:48:26] [INFO] [BiharFloodAuto] Executing 'git pull' to check for updates...
[2026-09-15 18:48:29] [INFO] [BiharFloodAuto] Repository is already up to date.
[2026-09-15 18:48:29] [INFO] [BiharFloodAuto] [*] Operation is OFF. Skipping Email Fetch and SFTP copy.
[2026-09-15 18:48:32] [INFO] [BiharFloodAuto] Successfully pushed automation.log to Git.
[2026-09-15 18:48:32] [INFO] [BiharFloodAuto] --- Loop #414 complete ---
[2026-09-15 18:48:32] [INFO] [BiharFloodAuto] Sleeping for 15 minutes. Next check at 19:03:32. (Use 'Run Now' on the dashboard to skip this.)
[2026-09-15 19:03:32] [INFO] [BiharFloodAuto] --- Loop #415 starting ---
[2026-09-15 19:03:32] [INFO] [BiharFloodAuto] Executing 'git pull' to check for updates...
[2026-09-15 19:03:34] [INFO] [BiharFloodAuto] Repository is already up to date.
[2026-09-15 19:03:34] [INFO] [BiharFloodAuto] [*] Operation is OFF. Skipping Email Fetch and SFTP copy.
[2026-09-15 19:03:38] [INFO] [BiharFloodAuto] Successfully pushed automation.log to Git.
[2026-09-15 19:03:38] [INFO] [BiharFloodAuto] --- Loop #415 complete ---
[2026-09-15 19:03:38] [INFO] [BiharFloodAuto] Sleeping for 15 minutes. Next check at 19:18:38. (Use 'Run Now' on the dashboard to skip this.)
[2026-09-15 19:18:38] [INFO] [BiharFloodAuto] --- Loop #416 starting ---
[2026-09-15 19:18:38] [INFO] [BiharFloodAuto] Executing 'git pull' to check for updates...
[2026-09-15 19:18:42] [INFO] [BiharFloodAuto] Repository is already up to date.
[2026-09-15 19:18:42] [INFO] [BiharFloodAuto] [*] Operation is OFF. Skipping Email Fetch and SFTP copy.
[2026-09-15 19:18:47] [INFO] [BiharFloodAuto] Successfully pushed automation.log to Git.
[2026-09-15 19:18:47] [INFO] [BiharFloodAuto] --- Loop #416 complete ---
[2026-09-15 19:18:47] [INFO] [BiharFloodAuto] Sleeping for 15 minutes. Next check at 19:33:47. (Use 'Run Now' on the dashboard to skip this.)
[2026-09-15 19:33:47] [INFO] [BiharFloodAuto] --- Loop #417 starting ---
[2026-09-15 19:33:47] [INFO] [BiharFloodAuto] Executing 'git pull' to check for updates...
[2026-09-15 19:33:50] [INFO] [BiharFloodAuto] Repository is already up to date.
[2026-09-15 19:33:50] [INFO] [BiharFloodAuto] [*] Operation is OFF. Skipping Email Fetch and SFTP copy.
[2026-09-15 19:33:53] [INFO] [BiharFloodAuto] Successfully pushed automation.log to Git.
[2026-09-15 19:33:53] [INFO] [BiharFloodAuto] --- Loop #417 complete ---
[2026-09-15 19:33:53] [INFO] [BiharFloodAuto] Sleeping for 15 minutes. Next check at 19:48:53. (Use 'Run Now' on the dashboard to skip this.)
[2026-09-15 19:48:53] [INFO] [BiharFloodAuto] --- Loop #418 starting ---
[2026-09-15 19:48:53] [INFO] [BiharFloodAuto] Executing 'git pull' to check for updates...
[2026-09-15 19:48:57] [INFO] [BiharFloodAuto] Repository is already up to date.
[2026-09-15 19:48:57] [INFO] [BiharFloodAuto] [*] Operation is OFF. Skipping Email Fetch and SFTP copy.
[2026-09-15 19:49:02] [INFO] [BiharFloodAuto] Successfully pushed automation.log to Git.
[2026-09-15 19:49:02] [INFO] [BiharFloodAuto] --- Loop #418 complete ---
[2026-09-15 19:49:02] [INFO] [BiharFloodAuto] Sleeping for 15 minutes. Next check at 20:04:02. (Use 'Run Now' on the dashboard to skip this.)
[2026-09-15 20:04:02] [INFO] [BiharFloodAuto] --- Loop #419 starting ---
[2026-09-15 20:04:02] [INFO] [BiharFloodAuto] Executing 'git pull' to check for updates...
[2026-09-15 20:04:07] [INFO] [BiharFloodAuto] Repository is already up to date.
[2026-09-15 20:04:07] [INFO] [BiharFloodAuto] [*] Operation is OFF. Skipping Email Fetch and SFTP copy.
[2026-09-15 20:04:13] [INFO] [BiharFloodAuto] Successfully pushed automation.log to Git.
[2026-09-15 20:04:13] [INFO] [BiharFloodAuto] --- Loop #419 complete ---
[2026-09-15 20:04:13] [INFO] [BiharFloodAuto] Sleeping for 15 minutes. Next check at 20:19:13. (Use 'Run Now' on the dashboard to skip this.)
[2026-09-15 20:19:13] [INFO] [BiharFloodAuto] --- Loop #420 starting ---
[2026-09-15 20:19:13] [INFO] [BiharFloodAuto] Executing 'git pull' to check for updates...
[2026-09-15 20:19:15] [INFO] [BiharFloodAuto] Repository is already up to date.
[2026-09-15 20:19:15] [INFO] [BiharFloodAuto] [*] Operation is OFF. Skipping Email Fetch and SFTP copy.
[2026-09-15 20:19:18] [INFO] [BiharFloodAuto] Successfully pushed automation.log to Git.
[2026-09-15 20:19:18] [INFO] [BiharFloodAuto] --- Loop #420 complete ---
[2026-09-15 20:19:18] [INFO] [BiharFloodAuto] Sleeping for 15 minutes. Next check at 20:34:18. (Use 'Run Now' on the dashboard to skip this.)
[2026-09-15 20:34:19] [INFO] [BiharFloodAuto] --- Loop #421 starting ---
[2026-09-15 20:34:19] [INFO] [BiharFloodAuto] Executing 'git pull' to check for updates...
[2026-09-15 20:34:21] [INFO] [BiharFloodAuto] Repository is already up to date.
[2026-09-15 20:34:21] [INFO] [BiharFloodAuto] [*] Operation is OFF. Skipping Email Fetch and SFTP copy.
[2026-09-15 20:34:26] [INFO] [BiharFloodAuto] Successfully pushed automation.log to Git.
[2026-09-15 20:34:26] [INFO] [BiharFloodAuto] --- Loop #421 complete ---
[2026-09-15 20:34:26] [INFO] [BiharFloodAuto] Sleeping for 15 minutes. Next check at 20:49:26. (Use 'Run Now' on the dashboard to skip this.)
[2026-09-15 20:49:26] [INFO] [BiharFloodAuto] --- Loop #422 starting ---
[2026-09-15 20:49:26] [INFO] [BiharFloodAuto] Executing 'git pull' to check for updates...
[2026-09-15 20:49:29] [INFO] [BiharFloodAuto] Repository is already up to date.
[2026-09-15 20:49:29] [INFO] [BiharFloodAuto] [*] Operation is OFF. Skipping Email Fetch and SFTP copy.
[2026-09-15 20:49:32] [INFO] [BiharFloodAuto] Successfully pushed automation.log to Git.
[2026-09-15 20:49:32] [INFO] [BiharFloodAuto] --- Loop #422 complete ---
[2026-09-15 20:49:32] [INFO] [BiharFloodAuto] Sleeping for 15 minutes. Next check at 21:04:32. (Use 'Run Now' on the dashboard to skip this.)
[2026-09-15 21:04:32] [INFO] [BiharFloodAuto] --- Loop #423 starting ---
[2026-09-15 21:04:32] [INFO] [BiharFloodAuto] Executing 'git pull' to check for updates...
[2026-09-15 21:04:35] [INFO] [BiharFloodAuto] Repository is already up to date.
[2026-09-15 21:04:35] [INFO] [BiharFloodAuto] [*] Operation is OFF. Skipping Email Fetch and SFTP copy.
[2026-09-15 21:04:39] [INFO] [BiharFloodAuto] Successfully pushed automation.log to Git.
[2026-09-15 21:04:39] [INFO] [BiharFloodAuto] --- Loop #423 complete ---
[2026-09-15 21:04:39] [INFO] [BiharFloodAuto] Sleeping for 15 minutes. Next check at 21:19:39. (Use 'Run Now' on the dashboard to skip this.)
[2026-09-15 21:19:39] [INFO] [BiharFloodAuto] --- Loop #424 starting ---
[2026-09-15 21:19:39] [INFO] [BiharFloodAuto] Executing 'git pull' to check for updates...
[2026-09-15 21:19:41] [INFO] [BiharFloodAuto] Repository is already up to date.
[2026-09-15 21:19:41] [INFO] [BiharFloodAuto] [*] Operation is OFF. Skipping Email Fetch and SFTP copy.
[2026-09-15 21:19:44] [INFO] [BiharFloodAuto] Successfully pushed automation.log to Git.
[2026-09-15 21:19:44] [INFO] [BiharFloodAuto] --- Loop #424 complete ---
[2026-09-15 21:19:44] [INFO] [BiharFloodAuto] Sleeping for 15 minutes. Next check at 21:34:44. (Use 'Run Now' on the dashboard to skip this.)
[2026-09-15 21:34:45] [INFO] [BiharFloodAuto] --- Loop #425 starting ---
[2026-09-15 21:34:45] [INFO] [BiharFloodAuto] Executing 'git pull' to check for updates...
[2026-09-15 21:34:47] [INFO] [BiharFloodAuto] Repository is already up to date.
[2026-09-15 21:34:47] [INFO] [BiharFloodAuto] [*] Operation is OFF. Skipping Email Fetch and SFTP copy.
[2026-09-15 21:34:51] [INFO] [BiharFloodAuto] Successfully pushed automation.log to Git.
[2026-09-15 21:34:51] [INFO] [BiharFloodAuto] --- Loop #425 complete ---
[2026-09-15 21:34:51] [INFO] [BiharFloodAuto] Sleeping for 15 minutes. Next check at 21:49:51. (Use 'Run Now' on the dashboard to skip this.)
[2026-09-15 21:49:51] [INFO] [BiharFloodAuto] --- Loop #426 starting ---
[2026-09-15 21:49:51] [INFO] [BiharFloodAuto] Executing 'git pull' to check for updates...
[2026-09-15 21:49:56] [INFO] [BiharFloodAuto] Repository is already up to date.
[2026-09-15 21:49:56] [INFO] [BiharFloodAuto] [*] Operation is OFF. Skipping Email Fetch and SFTP copy.
[2026-09-15 21:50:00] [INFO] [BiharFloodAuto] Successfully pushed automation.log to Git.
[2026-09-15 21:50:00] [INFO] [BiharFloodAuto] --- Loop #426 complete ---
[2026-09-15 21:50:00] [INFO] [BiharFloodAuto] Sleeping for 15 minutes. Next check at 22:05:00. (Use 'Run Now' on the dashboard to skip this.)
[2026-09-15 22:05:00] [INFO] [BiharFloodAuto] --- Loop #427 starting ---
[2026-09-15 22:05:00] [INFO] [BiharFloodAuto] Executing 'git pull' to check for updates...
[2026-09-15 22:05:02] [INFO] [BiharFloodAuto] Repository is already up to date.
[2026-09-15 22:05:02] [INFO] [BiharFloodAuto] [*] Operation is OFF. Skipping Email Fetch and SFTP copy.
[2026-09-15 22:05:05] [INFO] [BiharFloodAuto] Successfully pushed automation.log to Git.
[2026-09-15 22:05:05] [INFO] [BiharFloodAuto] --- Loop #427 complete ---
[2026-09-15 22:05:05] [INFO] [BiharFloodAuto] Sleeping for 15 minutes. Next check at 22:20:05. (Use 'Run Now' on the dashboard to skip this.)
[2026-09-15 22:20:05] [INFO] [BiharFloodAuto] --- Loop #428 starting ---
[2026-09-15 22:20:05] [INFO] [BiharFloodAuto] Executing 'git pull' to check for updates...
[2026-09-15 22:20:09] [INFO] [BiharFloodAuto] Repository is already up to date.
[2026-09-15 22:20:09] [INFO] [BiharFloodAuto] [*] Operation is OFF. Skipping Email Fetch and SFTP copy.
[2026-09-15 22:20:13] [INFO] [BiharFloodAuto] Successfully pushed automation.log to Git.
[2026-09-15 22:20:13] [INFO] [BiharFloodAuto] --- Loop #428 complete ---
[2026-09-15 22:20:13] [INFO] [BiharFloodAuto] Sleeping for 15 minutes. Next check at 22:35:13. (Use 'Run Now' on the dashboard to skip this.)
[2026-09-15 22:35:13] [INFO] [BiharFloodAuto] --- Loop #429 starting ---
[2026-09-15 22:35:13] [INFO] [BiharFloodAuto] Executing 'git pull' to check for updates...
[2026-09-15 22:35:15] [INFO] [BiharFloodAuto] Repository is already up to date.
[2026-09-15 22:35:16] [INFO] [BiharFloodAuto] [*] Operation is OFF. Skipping Email Fetch and SFTP copy.
[2026-09-15 22:35:18] [INFO] [BiharFloodAuto] Successfully pushed automation.log to Git.
[2026-09-15 22:35:18] [INFO] [BiharFloodAuto] --- Loop #429 complete ---
[2026-09-15 22:35:18] [INFO] [BiharFloodAuto] Sleeping for 15 minutes. Next check at 22:50:18. (Use 'Run Now' on the dashboard to skip this.)
[2026-09-15 22:50:19] [INFO] [BiharFloodAuto] --- Loop #430 starting ---
[2026-09-15 22:50:19] [INFO] [BiharFloodAuto] Executing 'git pull' to check for updates...
[2026-09-15 22:50:21] [INFO] [BiharFloodAuto] Repository is already up to date.
[2026-09-15 22:50:21] [INFO] [BiharFloodAuto] [*] Operation is OFF. Skipping Email Fetch and SFTP copy.
[2026-09-15 22:50:25] [INFO] [BiharFloodAuto] Successfully pushed automation.log to Git.
[2026-09-15 22:50:25] [INFO] [BiharFloodAuto] --- Loop #430 complete ---
[2026-09-15 22:50:25] [INFO] [BiharFloodAuto] Sleeping for 15 minutes. Next check at 23:05:25. (Use 'Run Now' on the dashboard to skip this.)
[2026-09-15 23:05:25] [INFO] [BiharFloodAuto] --- Loop #431 starting ---
[2026-09-15 23:05:25] [INFO] [BiharFloodAuto] Executing 'git pull' to check for updates...
[2026-09-15 23:05:28] [INFO] [BiharFloodAuto] Repository is already up to date.
[2026-09-15 23:05:28] [INFO] [BiharFloodAuto] [*] Operation is OFF. Skipping Email Fetch and SFTP copy.
[2026-09-15 23:05:32] [INFO] [BiharFloodAuto] Successfully pushed automation.log to Git.
[2026-09-15 23:05:32] [INFO] [BiharFloodAuto] --- Loop #431 complete ---
[2026-09-15 23:05:32] [INFO] [BiharFloodAuto] Sleeping for 15 minutes. Next check at 23:20:32. (Use 'Run Now' on the dashboard to skip this.)
[2026-09-15 23:20:32] [INFO] [BiharFloodAuto] --- Loop #432 starting ---
[2026-09-15 23:20:32] [INFO] [BiharFloodAuto] Executing 'git pull' to check for updates...
[2026-09-15 23:20:35] [INFO] [BiharFloodAuto] Repository is already up to date.
[2026-09-15 23:20:35] [INFO] [BiharFloodAuto] [*] Operation is OFF. Skipping Email Fetch and SFTP copy.
[2026-09-15 23:20:38] [INFO] [BiharFloodAuto] Successfully pushed automation.log to Git.
[2026-09-15 23:20:38] [INFO] [BiharFloodAuto] --- Loop #432 complete ---
[2026-09-15 23:20:38] [INFO] [BiharFloodAuto] Sleeping for 15 minutes. Next check at 23:35:38. (Use 'Run Now' on the dashboard to skip this.)
[2026-09-15 23:35:38] [INFO] [BiharFloodAuto] --- Loop #433 starting ---
[2026-09-15 23:35:38] [INFO] [BiharFloodAuto] Executing 'git pull' to check for updates...
[2026-09-15 23:35:42] [INFO] [BiharFloodAuto] Repository is already up to date.
[2026-09-15 23:35:42] [INFO] [BiharFloodAuto] [*] Operation is OFF. Skipping Email Fetch and SFTP copy.
[2026-09-15 23:35:45] [INFO] [BiharFloodAuto] Successfully pushed automation.log to Git.
[2026-09-15 23:35:45] [INFO] [BiharFloodAuto] --- Loop #433 complete ---
[2026-09-15 23:35:45] [INFO] [BiharFloodAuto] Sleeping for 15 minutes. Next check at 23:50:45. (Use 'Run Now' on the dashboard to skip this.)
[2026-09-15 23:50:45] [INFO] [BiharFloodAuto] --- Loop #434 starting ---
[2026-09-15 23:50:45] [INFO] [BiharFloodAuto] Executing 'git pull' to check for updates...
[2026-09-15 23:50:49] [INFO] [BiharFloodAuto] Repository is already up to date.
[2026-09-15 23:50:49] [INFO] [BiharFloodAuto] [*] Operation is OFF. Skipping Email Fetch and SFTP copy.
[2026-09-15 23:50:53] [INFO] [BiharFloodAuto] Successfully pushed automation.log to Git.
[2026-09-15 23:50:53] [INFO] [BiharFloodAuto] --- Loop #434 complete ---
[2026-09-15 23:50:53] [INFO] [BiharFloodAuto] Sleeping for 15 minutes. Next check at 00:05:53. (Use 'Run Now' on the dashboard to skip this.)
[2026-09-16 00:05:53] [INFO] [BiharFloodAuto] --- Loop #435 starting ---
[2026-09-16 00:05:53] [INFO] [BiharFloodAuto] Executing 'git pull' to check for updates...
[2026-09-16 00:05:57] [INFO] [BiharFloodAuto] Repository is already up to date.
[2026-09-16 00:05:57] [INFO] [BiharFloodAuto] [*] Operation is OFF. Skipping Email Fetch and SFTP copy.
[2026-09-16 00:06:02] [INFO] [BiharFloodAuto] Successfully pushed automation.log to Git.
[2026-09-16 00:06:02] [INFO] [BiharFloodAuto] --- Loop #435 complete ---
[2026-09-16 00:06:02] [INFO] [BiharFloodAuto] Sleeping for 15 minutes. Next check at 00:21:02. (Use 'Run Now' on the dashboard to skip this.)
[2026-09-16 00:21:02] [INFO] [BiharFloodAuto] --- Loop #436 starting ---
[2026-09-16 00:21:02] [INFO] [BiharFloodAuto] Executing 'git pull' to check for updates...
[2026-09-16 00:21:07] [INFO] [BiharFloodAuto] Repository is already up to date.
[2026-09-16 00:21:07] [INFO] [BiharFloodAuto] [*] Operation is OFF. Skipping Email Fetch and SFTP copy.
[2026-09-16 00:21:11] [INFO] [BiharFloodAuto] Successfully pushed automation.log to Git.
[2026-09-16 00:21:11] [INFO] [BiharFloodAuto] --- Loop #436 complete ---
[2026-09-16 00:21:11] [INFO] [BiharFloodAuto] Sleeping for 15 minutes. Next check at 00:36:11. (Use 'Run Now' on the dashboard to skip this.)
[2026-09-16 00:36:12] [INFO] [BiharFloodAuto] --- Loop #437 starting ---
[2026-09-16 00:36:12] [INFO] [BiharFloodAuto] Executing 'git pull' to check for updates...
[2026-09-16 00:36:16] [INFO] [BiharFloodAuto] Repository is already up to date.
[2026-09-16 00:36:16] [INFO] [BiharFloodAuto] [*] Operation is OFF. Skipping Email Fetch and SFTP copy.
[2026-09-16 00:36:20] [INFO] [BiharFloodAuto] Successfully pushed automation.log to Git.
[2026-09-16 00:36:20] [INFO] [BiharFloodAuto] --- Loop #437 complete ---
[2026-09-16 00:36:20] [INFO] [BiharFloodAuto] Sleeping for 15 minutes. Next check at 00:51:20. (Use 'Run Now' on the dashboard to skip this.)
[2026-09-16 00:51:20] [INFO] [BiharFloodAuto] --- Loop #438 starting ---
[2026-09-16 00:51:20] [INFO] [BiharFloodAuto] Executing 'git pull' to check for updates...
[2026-09-16 00:51:23] [INFO] [BiharFloodAuto] Repository is already up to date.
[2026-09-16 00:51:23] [INFO] [BiharFloodAuto] [*] Operation is OFF. Skipping Email Fetch and SFTP copy.
[2026-09-16 00:51:26] [INFO] [BiharFloodAuto] Successfully pushed automation.log to Git.
[2026-09-16 00:51:26] [INFO] [BiharFloodAuto] --- Loop #438 complete ---
[2026-09-16 00:51:26] [INFO] [BiharFloodAuto] Sleeping for 15 minutes. Next check at 01:06:26. (Use 'Run Now' on the dashboard to skip this.)
[2026-09-16 01:06:26] [INFO] [BiharFloodAuto] --- Loop #439 starting ---
[2026-09-16 01:06:26] [INFO] [BiharFloodAuto] Executing 'git pull' to check for updates...
[2026-09-16 01:06:28] [INFO] [BiharFloodAuto] Repository is already up to date.
[2026-09-16 01:06:29] [INFO] [BiharFloodAuto] [*] Operation is OFF. Skipping Email Fetch and SFTP copy.
[2026-09-16 01:06:32] [INFO] [BiharFloodAuto] Successfully pushed automation.log to Git.
[2026-09-16 01:06:32] [INFO] [BiharFloodAuto] --- Loop #439 complete ---
[2026-09-16 01:06:32] [INFO] [BiharFloodAuto] Sleeping for 15 minutes. Next check at 01:21:32. (Use 'Run Now' on the dashboard to skip this.)
[2026-09-16 01:21:32] [INFO] [BiharFloodAuto] --- Loop #440 starting ---
[2026-09-16 01:21:32] [INFO] [BiharFloodAuto] Executing 'git pull' to check for updates...
[2026-09-16 01:21:35] [INFO] [BiharFloodAuto] Repository is already up to date.
[2026-09-16 01:21:35] [INFO] [BiharFloodAuto] [*] Operation is OFF. Skipping Email Fetch and SFTP copy.
[2026-09-16 01:21:40] [INFO] [BiharFloodAuto] Successfully pushed automation.log to Git.
[2026-09-16 01:21:40] [INFO] [BiharFloodAuto] --- Loop #440 complete ---
[2026-09-16 01:21:40] [INFO] [BiharFloodAuto] Sleeping for 15 minutes. Next check at 01:36:40. (Use 'Run Now' on the dashboard to skip this.)
[2026-09-16 01:36:40] [INFO] [BiharFloodAuto] --- Loop #441 starting ---
[2026-09-16 01:36:40] [INFO] [BiharFloodAuto] Executing 'git pull' to check for updates...
[2026-09-16 01:36:42] [INFO] [BiharFloodAuto] Repository is already up to date.
[2026-09-16 01:36:43] [INFO] [BiharFloodAuto] [*] Operation is OFF. Skipping Email Fetch and SFTP copy.
[2026-09-16 01:36:46] [INFO] [BiharFloodAuto] Successfully pushed automation.log to Git.
[2026-09-16 01:36:46] [INFO] [BiharFloodAuto] --- Loop #441 complete ---
[2026-09-16 01:36:46] [INFO] [BiharFloodAuto] Sleeping for 15 minutes. Next check at 01:51:46. (Use 'Run Now' on the dashboard to skip this.)
[2026-09-16 01:51:46] [INFO] [BiharFloodAuto] --- Loop #442 starting ---
[2026-09-16 01:51:46] [INFO] [BiharFloodAuto] Executing 'git pull' to check for updates...
[2026-09-16 01:51:48] [INFO] [BiharFloodAuto] Repository is already up to date.
[2026-09-16 01:51:48] [INFO] [BiharFloodAuto] [*] Operation is OFF. Skipping Email Fetch and SFTP copy.
[2026-09-16 01:51:52] [INFO] [BiharFloodAuto] Successfully pushed automation.log to Git.
[2026-09-16 01:51:52] [INFO] [BiharFloodAuto] --- Loop #442 complete ---
[2026-09-16 01:51:52] [INFO] [BiharFloodAuto] Sleeping for 15 minutes. Next check at 02:06:52. (Use 'Run Now' on the dashboard to skip this.)
[2026-09-16 02:06:52] [INFO] [BiharFloodAuto] --- Loop #443 starting ---
[2026-09-16 02:06:52] [INFO] [BiharFloodAuto] Executing 'git pull' to check for updates...
[2026-09-16 02:06:55] [INFO] [BiharFloodAuto] Repository is already up to date.
[2026-09-16 02:06:55] [INFO] [BiharFloodAuto] [*] Operation is OFF. Skipping Email Fetch and SFTP copy.
[2026-09-16 02:06:59] [INFO] [BiharFloodAuto] Successfully pushed automation.log to Git.
[2026-09-16 02:06:59] [INFO] [BiharFloodAuto] --- Loop #443 complete ---
[2026-09-16 02:06:59] [INFO] [BiharFloodAuto] Sleeping for 15 minutes. Next check at 02:21:59. (Use 'Run Now' on the dashboard to skip this.)
[2026-09-16 02:22:00] [INFO] [BiharFloodAuto] --- Loop #444 starting ---
[2026-09-16 02:22:00] [INFO] [BiharFloodAuto] Executing 'git pull' to check for updates...
[2026-09-16 02:22:02] [INFO] [BiharFloodAuto] Repository is already up to date.
[2026-09-16 02:22:02] [INFO] [BiharFloodAuto] [*] Operation is OFF. Skipping Email Fetch and SFTP copy.
[2026-09-16 02:22:05] [INFO] [BiharFloodAuto] Successfully pushed automation.log to Git.
[2026-09-16 02:22:05] [INFO] [BiharFloodAuto] --- Loop #444 complete ---
[2026-09-16 02:22:05] [INFO] [BiharFloodAuto] Sleeping for 15 minutes. Next check at 02:37:05. (Use 'Run Now' on the dashboard to skip this.)
[2026-09-16 02:37:05] [INFO] [BiharFloodAuto] --- Loop #445 starting ---
[2026-09-16 02:37:05] [INFO] [BiharFloodAuto] Executing 'git pull' to check for updates...
[2026-09-16 02:37:08] [INFO] [BiharFloodAuto] Repository is already up to date.
[2026-09-16 02:37:08] [INFO] [BiharFloodAuto] [*] Operation is OFF. Skipping Email Fetch and SFTP copy.
[2026-09-16 02:37:11] [INFO] [BiharFloodAuto] Successfully pushed automation.log to Git.
[2026-09-16 02:37:11] [INFO] [BiharFloodAuto] --- Loop #445 complete ---
[2026-09-16 02:37:11] [INFO] [BiharFloodAuto] Sleeping for 15 minutes. Next check at 02:52:11. (Use 'Run Now' on the dashboard to skip this.)
[2026-09-16 02:52:11] [INFO] [BiharFloodAuto] --- Loop #446 starting ---
[2026-09-16 02:52:11] [INFO] [BiharFloodAuto] Executing 'git pull' to check for updates...
[2026-09-16 02:52:13] [INFO] [BiharFloodAuto] Repository is already up to date.
[2026-09-16 02:52:14] [INFO] [BiharFloodAuto] [*] Operation is OFF. Skipping Email Fetch and SFTP copy.
[2026-09-16 02:52:17] [INFO] [BiharFloodAuto] Successfully pushed automation.log to Git.
[2026-09-16 02:52:17] [INFO] [BiharFloodAuto] --- Loop #446 complete ---
[2026-09-16 02:52:17] [INFO] [BiharFloodAuto] Sleeping for 15 minutes. Next check at 03:07:17. (Use 'Run Now' on the dashboard to skip this.)
[2026-09-16 03:07:17] [INFO] [BiharFloodAuto] --- Loop #447 starting ---
[2026-09-16 03:07:17] [INFO] [BiharFloodAuto] Executing 'git pull' to check for updates...
[2026-09-16 03:07:19] [INFO] [BiharFloodAuto] Repository is already up to date.
[2026-09-16 03:07:19] [INFO] [BiharFloodAuto] [*] Operation is OFF. Skipping Email Fetch and SFTP copy.
[2026-09-16 03:07:22] [INFO] [BiharFloodAuto] Successfully pushed automation.log to Git.
[2026-09-16 03:07:22] [INFO] [BiharFloodAuto] --- Loop #447 complete ---
[2026-09-16 03:07:22] [INFO] [BiharFloodAuto] Sleeping for 15 minutes. Next check at 03:22:22. (Use 'Run Now' on the dashboard to skip this.)
[2026-09-16 03:22:22] [INFO] [BiharFloodAuto] --- Loop #448 starting ---
[2026-09-16 03:22:22] [INFO] [BiharFloodAuto] Executing 'git pull' to check for updates...
[2026-09-16 03:22:25] [INFO] [BiharFloodAuto] Repository is already up to date.
[2026-09-16 03:22:25] [INFO] [BiharFloodAuto] [*] Operation is OFF. Skipping Email Fetch and SFTP copy.
[2026-09-16 03:22:29] [INFO] [BiharFloodAuto] Successfully pushed automation.log to Git.
[2026-09-16 03:22:29] [INFO] [BiharFloodAuto] --- Loop #448 complete ---
[2026-09-16 03:22:29] [INFO] [BiharFloodAuto] Sleeping for 15 minutes. Next check at 03:37:29. (Use 'Run Now' on the dashboard to skip this.)
[2026-09-16 03:37:29] [INFO] [BiharFloodAuto] --- Loop #449 starting ---
[2026-09-16 03:37:29] [INFO] [BiharFloodAuto] Executing 'git pull' to check for updates...
[2026-09-16 03:37:31] [INFO] [BiharFloodAuto] Repository is already up to date.
[2026-09-16 03:37:31] [INFO] [BiharFloodAuto] [*] Operation is OFF. Skipping Email Fetch and SFTP copy.
[2026-09-16 03:37:34] [INFO] [BiharFloodAuto] Successfully pushed automation.log to Git.
[2026-09-16 03:37:34] [INFO] [BiharFloodAuto] --- Loop #449 complete ---
[2026-09-16 03:37:34] [INFO] [BiharFloodAuto] Sleeping for 15 minutes. Next check at 03:52:34. (Use 'Run Now' on the dashboard to skip this.)
[2026-09-16 03:52:34] [INFO] [BiharFloodAuto] --- Loop #450 starting ---
[2026-09-16 03:52:34] [INFO] [BiharFloodAuto] Executing 'git pull' to check for updates...
[2026-09-16 03:52:37] [INFO] [BiharFloodAuto] Repository is already up to date.
[2026-09-16 03:52:37] [INFO] [BiharFloodAuto] [*] Operation is OFF. Skipping Email Fetch and SFTP copy.
[2026-09-16 03:52:40] [INFO] [BiharFloodAuto] Successfully pushed automation.log to Git.
[2026-09-16 03:52:40] [INFO] [BiharFloodAuto] --- Loop #450 complete ---
[2026-09-16 03:52:40] [INFO] [BiharFloodAuto] Sleeping for 15 minutes. Next check at 04:07:40. (Use 'Run Now' on the dashboard to skip this.)
[2026-09-16 04:07:40] [INFO] [BiharFloodAuto] --- Loop #451 starting ---
[2026-09-16 04:07:40] [INFO] [BiharFloodAuto] Executing 'git pull' to check for updates...
[2026-09-16 04:07:42] [INFO] [BiharFloodAuto] Repository is already up to date.
[2026-09-16 04:07:42] [INFO] [BiharFloodAuto] [*] Operation is OFF. Skipping Email Fetch and SFTP copy.
[2026-09-16 04:07:46] [INFO] [BiharFloodAuto] Successfully pushed automation.log to Git.
[2026-09-16 04:07:46] [INFO] [BiharFloodAuto] --- Loop #451 complete ---
[2026-09-16 04:07:46] [INFO] [BiharFloodAuto] Sleeping for 15 minutes. Next check at 04:22:46. (Use 'Run Now' on the dashboard to skip this.)
[2026-09-16 04:22:46] [INFO] [BiharFloodAuto] --- Loop #452 starting ---
[2026-09-16 04:22:46] [INFO] [BiharFloodAuto] Executing 'git pull' to check for updates...
[2026-09-16 04:22:49] [INFO] [BiharFloodAuto] Repository is already up to date.
[2026-09-16 04:22:49] [INFO] [BiharFloodAuto] [*] Operation is OFF. Skipping Email Fetch and SFTP copy.
[2026-09-16 04:22:53] [INFO] [BiharFloodAuto] Successfully pushed automation.log to Git.
[2026-09-16 04:22:53] [INFO] [BiharFloodAuto] --- Loop #452 complete ---
[2026-09-16 04:22:53] [INFO] [BiharFloodAuto] Sleeping for 15 minutes. Next check at 04:37:53. (Use 'Run Now' on the dashboard to skip this.)
[2026-09-16 04:37:53] [INFO] [BiharFloodAuto] --- Loop #453 starting ---
[2026-09-16 04:37:53] [INFO] [BiharFloodAuto] Executing 'git pull' to check for updates...
[2026-09-16 04:37:55] [INFO] [BiharFloodAuto] Repository is already up to date.
[2026-09-16 04:37:56] [INFO] [BiharFloodAuto] [*] Operation is OFF. Skipping Email Fetch and SFTP copy.
[2026-09-16 04:37:58] [INFO] [BiharFloodAuto] Successfully pushed automation.log to Git.
[2026-09-16 04:37:58] [INFO] [BiharFloodAuto] --- Loop #453 complete ---
[2026-09-16 04:37:58] [INFO] [BiharFloodAuto] Sleeping for 15 minutes. Next check at 04:52:58. (Use 'Run Now' on the dashboard to skip this.)
[2026-09-16 04:52:58] [INFO] [BiharFloodAuto] --- Loop #454 starting ---
[2026-09-16 04:52:58] [INFO] [BiharFloodAuto] Executing 'git pull' to check for updates...
[2026-09-16 04:53:01] [INFO] [BiharFloodAuto] Repository is already up to date.
[2026-09-16 04:53:01] [INFO] [BiharFloodAuto] [*] Operation is OFF. Skipping Email Fetch and SFTP copy.
[2026-09-16 04:53:04] [INFO] [BiharFloodAuto] Successfully pushed automation.log to Git.
[2026-09-16 04:53:04] [INFO] [BiharFloodAuto] --- Loop #454 complete ---
[2026-09-16 04:53:04] [INFO] [BiharFloodAuto] Sleeping for 15 minutes. Next check at 05:08:04. (Use 'Run Now' on the dashboard to skip this.)
[2026-09-16 05:08:04] [INFO] [BiharFloodAuto] --- Loop #455 starting ---
[2026-09-16 05:08:04] [INFO] [BiharFloodAuto] Executing 'git pull' to check for updates...
[2026-09-16 05:08:07] [INFO] [BiharFloodAuto] Repository is already up to date.
[2026-09-16 05:08:07] [INFO] [BiharFloodAuto] [*] Operation is OFF. Skipping Email Fetch and SFTP copy.
[2026-09-16 05:08:11] [INFO] [BiharFloodAuto] Successfully pushed automation.log to Git.
[2026-09-16 05:08:11] [INFO] [BiharFloodAuto] --- Loop #455 complete ---
[2026-09-16 05:08:11] [INFO] [BiharFloodAuto] Sleeping for 15 minutes. Next check at 05:23:11. (Use 'Run Now' on the dashboard to skip this.)
[2026-09-16 05:23:11] [INFO] [BiharFloodAuto] --- Loop #456 starting ---
[2026-09-16 05:23:11] [INFO] [BiharFloodAuto] Executing 'git pull' to check for updates...
[2026-09-16 05:23:14] [INFO] [BiharFloodAuto] Repository is already up to date.
[2026-09-16 05:23:14] [INFO] [BiharFloodAuto] [*] Operation is OFF. Skipping Email Fetch and SFTP copy.
[2026-09-16 05:23:17] [INFO] [BiharFloodAuto] Successfully pushed automation.log to Git.
[2026-09-16 05:23:17] [INFO] [BiharFloodAuto] --- Loop #456 complete ---
[2026-09-16 05:23:17] [INFO] [BiharFloodAuto] Sleeping for 15 minutes. Next check at 05:38:17. (Use 'Run Now' on the dashboard to skip this.)
[2026-09-16 05:38:17] [INFO] [BiharFloodAuto] --- Loop #457 starting ---
[2026-09-16 05:38:17] [INFO] [BiharFloodAuto] Executing 'git pull' to check for updates...
[2026-09-16 05:38:19] [INFO] [BiharFloodAuto] Repository is already up to date.
[2026-09-16 05:38:19] [INFO] [BiharFloodAuto] [*] Operation is OFF. Skipping Email Fetch and SFTP copy.
[2026-09-16 05:38:22] [INFO] [BiharFloodAuto] Successfully pushed automation.log to Git.
[2026-09-16 05:38:22] [INFO] [BiharFloodAuto] --- Loop #457 complete ---
[2026-09-16 05:38:22] [INFO] [BiharFloodAuto] Sleeping for 15 minutes. Next check at 05:53:22. (Use 'Run Now' on the dashboard to skip this.)
[2026-09-16 05:53:22] [INFO] [BiharFloodAuto] --- Loop #458 starting ---
[2026-09-16 05:53:22] [INFO] [BiharFloodAuto] Executing 'git pull' to check for updates...
[2026-09-16 05:53:25] [INFO] [BiharFloodAuto] Repository is already up to date.
[2026-09-16 05:53:25] [INFO] [BiharFloodAuto] [*] Operation is OFF. Skipping Email Fetch and SFTP copy.
[2026-09-16 05:53:28] [INFO] [BiharFloodAuto] Successfully pushed automation.log to Git.
[2026-09-16 05:53:28] [INFO] [BiharFloodAuto] --- Loop #458 complete ---
[2026-09-16 05:53:28] [INFO] [BiharFloodAuto] Sleeping for 15 minutes. Next check at 06:08:28. (Use 'Run Now' on the dashboard to skip this.)
[2026-09-16 06:08:28] [INFO] [BiharFloodAuto] --- Loop #459 starting ---
[2026-09-16 06:08:28] [INFO] [BiharFloodAuto] Executing 'git pull' to check for updates...
[2026-09-16 06:08:31] [INFO] [BiharFloodAuto] Repository is already up to date.
[2026-09-16 06:08:31] [INFO] [BiharFloodAuto] [*] Operation is OFF. Skipping Email Fetch and SFTP copy.
[2026-09-16 06:08:34] [INFO] [BiharFloodAuto] Successfully pushed automation.log to Git.
[2026-09-16 06:08:34] [INFO] [BiharFloodAuto] --- Loop #459 complete ---
[2026-09-16 06:08:34] [INFO] [BiharFloodAuto] Sleeping for 15 minutes. Next check at 06:23:34. (Use 'Run Now' on the dashboard to skip this.)
[2026-09-16 06:23:34] [INFO] [BiharFloodAuto] --- Loop #460 starting ---
[2026-09-16 06:23:34] [INFO] [BiharFloodAuto] Executing 'git pull' to check for updates...
[2026-09-16 06:23:36] [INFO] [BiharFloodAuto] Repository is already up to date.
[2026-09-16 06:23:36] [INFO] [BiharFloodAuto] [*] Operation is OFF. Skipping Email Fetch and SFTP copy.
[2026-09-16 06:23:39] [INFO] [BiharFloodAuto] Successfully pushed automation.log to Git.
[2026-09-16 06:23:39] [INFO] [BiharFloodAuto] --- Loop #460 complete ---
[2026-09-16 06:23:39] [INFO] [BiharFloodAuto] Sleeping for 15 minutes. Next check at 06:38:39. (Use 'Run Now' on the dashboard to skip this.)
[2026-09-16 06:38:39] [INFO] [BiharFloodAuto] --- Loop #461 starting ---
[2026-09-16 06:38:39] [INFO] [BiharFloodAuto] Executing 'git pull' to check for updates...
[2026-09-16 06:38:41] [INFO] [BiharFloodAuto] Repository is already up to date.
[2026-09-16 06:38:41] [INFO] [BiharFloodAuto] [*] Operation is OFF. Skipping Email Fetch and SFTP copy.
[2026-09-16 06:38:44] [INFO] [BiharFloodAuto] Successfully pushed automation.log to Git.
[2026-09-16 06:38:44] [INFO] [BiharFloodAuto] --- Loop #461 complete ---
[2026-09-16 06:38:44] [INFO] [BiharFloodAuto] Sleeping for 15 minutes. Next check at 06:53:44. (Use 'Run Now' on the dashboard to skip this.)
[2026-09-16 06:53:45] [INFO] [BiharFloodAuto] --- Loop #462 starting ---
[2026-09-16 06:53:45] [INFO] [BiharFloodAuto] Executing 'git pull' to check for updates...
[2026-09-16 06:53:48] [INFO] [BiharFloodAuto] Repository is already up to date.
[2026-09-16 06:53:48] [INFO] [BiharFloodAuto] [*] Operation is OFF. Skipping Email Fetch and SFTP copy.
[2026-09-16 06:53:51] [INFO] [BiharFloodAuto] Successfully pushed automation.log to Git.
[2026-09-16 06:53:51] [INFO] [BiharFloodAuto] --- Loop #462 complete ---
[2026-09-16 06:53:51] [INFO] [BiharFloodAuto] Sleeping for 15 minutes. Next check at 07:08:51. (Use 'Run Now' on the dashboard to skip this.)
[2026-09-16 07:08:51] [INFO] [BiharFloodAuto] --- Loop #463 starting ---
[2026-09-16 07:08:51] [INFO] [BiharFloodAuto] Executing 'git pull' to check for updates...
[2026-09-16 07:08:54] [INFO] [BiharFloodAuto] Repository is already up to date.
[2026-09-16 07:08:54] [INFO] [BiharFloodAuto] [*] Operation is OFF. Skipping Email Fetch and SFTP copy.
[2026-09-16 07:08:57] [INFO] [BiharFloodAuto] Successfully pushed automation.log to Git.
[2026-09-16 07:08:57] [INFO] [BiharFloodAuto] --- Loop #463 complete ---
[2026-09-16 07:08:57] [INFO] [BiharFloodAuto] Sleeping for 15 minutes. Next check at 07:23:57. (Use 'Run Now' on the dashboard to skip this.)
[2026-09-16 07:23:57] [INFO] [BiharFloodAuto] --- Loop #464 starting ---
[2026-09-16 07:23:57] [INFO] [BiharFloodAuto] Executing 'git pull' to check for updates...
[2026-09-16 07:23:59] [INFO] [BiharFloodAuto] Repository is already up to date.
[2026-09-16 07:24:00] [INFO] [BiharFloodAuto] [*] Operation is OFF. Skipping Email Fetch and SFTP copy.
[2026-09-16 07:24:03] [INFO] [BiharFloodAuto] Successfully pushed automation.log to Git.
[2026-09-16 07:24:03] [INFO] [BiharFloodAuto] --- Loop #464 complete ---
[2026-09-16 07:24:03] [INFO] [BiharFloodAuto] Sleeping for 15 minutes. Next check at 07:39:03. (Use 'Run Now' on the dashboard to skip this.)
[2026-09-16 07:39:03] [INFO] [BiharFloodAuto] --- Loop #465 starting ---
[2026-09-16 07:39:03] [INFO] [BiharFloodAuto] Executing 'git pull' to check for updates...
[2026-09-16 07:39:05] [INFO] [BiharFloodAuto] Repository is already up to date.
[2026-09-16 07:39:05] [INFO] [BiharFloodAuto] [*] Operation is OFF. Skipping Email Fetch and SFTP copy.
[2026-09-16 07:39:08] [INFO] [BiharFloodAuto] Successfully pushed automation.log to Git.
[2026-09-16 07:39:08] [INFO] [BiharFloodAuto] --- Loop #465 complete ---
[2026-09-16 07:39:08] [INFO] [BiharFloodAuto] Sleeping for 15 minutes. Next check at 07:54:08. (Use 'Run Now' on the dashboard to skip this.)
[2026-09-16 07:54:08] [INFO] [BiharFloodAuto] --- Loop #466 starting ---
[2026-09-16 07:54:08] [INFO] [BiharFloodAuto] Executing 'git pull' to check for updates...
[2026-09-16 07:54:11] [INFO] [BiharFloodAuto] Repository is already up to date.
[2026-09-16 07:54:11] [INFO] [BiharFloodAuto] [*] Operation is OFF. Skipping Email Fetch and SFTP copy.
[2026-09-16 07:54:14] [INFO] [BiharFloodAuto] Successfully pushed automation.log to Git.
[2026-09-16 07:54:14] [INFO] [BiharFloodAuto] --- Loop #466 complete ---
[2026-09-16 07:54:14] [INFO] [BiharFloodAuto] Sleeping for 15 minutes. Next check at 08:09:14. (Use 'Run Now' on the dashboard to skip this.)
[2026-09-16 08:09:14] [INFO] [BiharFloodAuto] --- Loop #467 starting ---
[2026-09-16 08:09:14] [INFO] [BiharFloodAuto] Executing 'git pull' to check for updates...
[2026-09-16 08:09:17] [INFO] [BiharFloodAuto] Repository is already up to date.
[2026-09-16 08:09:17] [INFO] [BiharFloodAuto] [*] Operation is OFF. Skipping Email Fetch and SFTP copy.
[2026-09-16 08:09:20] [INFO] [BiharFloodAuto] Successfully pushed automation.log to Git.
[2026-09-16 08:09:20] [INFO] [BiharFloodAuto] --- Loop #467 complete ---
[2026-09-16 08:09:20] [INFO] [BiharFloodAuto] Sleeping for 15 minutes. Next check at 08:24:20. (Use 'Run Now' on the dashboard to skip this.)
[2026-09-16 08:24:20] [INFO] [BiharFloodAuto] --- Loop #468 starting ---
[2026-09-16 08:24:20] [INFO] [BiharFloodAuto] Executing 'git pull' to check for updates...
[2026-09-16 08:24:22] [INFO] [BiharFloodAuto] Repository is already up to date.
[2026-09-16 08:24:22] [INFO] [BiharFloodAuto] [*] Operation is OFF. Skipping Email Fetch and SFTP copy.
[2026-09-16 08:24:25] [INFO] [BiharFloodAuto] Successfully pushed automation.log to Git.
[2026-09-16 08:24:25] [INFO] [BiharFloodAuto] --- Loop #468 complete ---
[2026-09-16 08:24:25] [INFO] [BiharFloodAuto] Sleeping for 15 minutes. Next check at 08:39:25. (Use 'Run Now' on the dashboard to skip this.)
[2026-09-16 08:39:25] [INFO] [BiharFloodAuto] --- Loop #469 starting ---
[2026-09-16 08:39:25] [INFO] [BiharFloodAuto] Executing 'git pull' to check for updates...
[2026-09-16 08:39:28] [INFO] [BiharFloodAuto] Repository is already up to date.
[2026-09-16 08:39:28] [INFO] [BiharFloodAuto] [*] Operation is OFF. Skipping Email Fetch and SFTP copy.
[2026-09-16 08:39:31] [INFO] [BiharFloodAuto] Successfully pushed automation.log to Git.
[2026-09-16 08:39:31] [INFO] [BiharFloodAuto] --- Loop #469 complete ---
[2026-09-16 08:39:31] [INFO] [BiharFloodAuto] Sleeping for 15 minutes. Next check at 08:54:31. (Use 'Run Now' on the dashboard to skip this.)
[2026-09-16 08:54:31] [INFO] [BiharFloodAuto] --- Loop #470 starting ---
[2026-09-16 08:54:31] [INFO] [BiharFloodAuto] Executing 'git pull' to check for updates...
[2026-09-16 08:54:34] [INFO] [BiharFloodAuto] Repository is already up to date.
[2026-09-16 08:54:34] [INFO] [BiharFloodAuto] [*] Operation is OFF. Skipping Email Fetch and SFTP copy.
[2026-09-16 08:54:37] [INFO] [BiharFloodAuto] Successfully pushed automation.log to Git.
[2026-09-16 08:54:37] [INFO] [BiharFloodAuto] --- Loop #470 complete ---
[2026-09-16 08:54:37] [INFO] [BiharFloodAuto] Sleeping for 15 minutes. Next check at 09:09:37. (Use 'Run Now' on the dashboard to skip this.)
[2026-09-16 09:09:37] [INFO] [BiharFloodAuto] --- Loop #471 starting ---
[2026-09-16 09:09:37] [INFO] [BiharFloodAuto] Executing 'git pull' to check for updates...
[2026-09-16 09:09:42] [INFO] [BiharFloodAuto] Repository is already up to date.
[2026-09-16 09:09:42] [INFO] [BiharFloodAuto] [*] Operation is OFF. Skipping Email Fetch and SFTP copy.
[2026-09-16 09:09:45] [INFO] [BiharFloodAuto] Successfully pushed automation.log to Git.
[2026-09-16 09:09:45] [INFO] [BiharFloodAuto] --- Loop #471 complete ---
[2026-09-16 09:09:45] [INFO] [BiharFloodAuto] Sleeping for 15 minutes. Next check at 09:24:45. (Use 'Run Now' on the dashboard to skip this.)
[2026-09-16 09:24:45] [INFO] [BiharFloodAuto] --- Loop #472 starting ---
[2026-09-16 09:24:45] [INFO] [BiharFloodAuto] Executing 'git pull' to check for updates...
[2026-09-16 09:24:49] [INFO] [BiharFloodAuto] Repository is already up to date.
[2026-09-16 09:24:49] [INFO] [BiharFloodAuto] [*] Operation is OFF. Skipping Email Fetch and SFTP copy.
[2026-09-16 09:24:52] [INFO] [BiharFloodAuto] Successfully pushed automation.log to Git.
[2026-09-16 09:24:52] [INFO] [BiharFloodAuto] --- Loop #472 complete ---
[2026-09-16 09:24:52] [INFO] [BiharFloodAuto] Sleeping for 15 minutes. Next check at 09:39:52. (Use 'Run Now' on the dashboard to skip this.)
[2026-09-16 09:39:52] [INFO] [BiharFloodAuto] --- Loop #473 starting ---
[2026-09-16 09:39:52] [INFO] [BiharFloodAuto] Executing 'git pull' to check for updates...
[2026-09-16 09:39:56] [INFO] [BiharFloodAuto] Repository is already up to date.
[2026-09-16 09:39:56] [INFO] [BiharFloodAuto] [*] Operation is OFF. Skipping Email Fetch and SFTP copy.
[2026-09-16 09:39:59] [INFO] [BiharFloodAuto] Successfully pushed automation.log to Git.
[2026-09-16 09:39:59] [INFO] [BiharFloodAuto] --- Loop #473 complete ---
[2026-09-16 09:39:59] [INFO] [BiharFloodAuto] Sleeping for 15 minutes. Next check at 09:54:59. (Use 'Run Now' on the dashboard to skip this.)
[2026-09-16 09:54:59] [INFO] [BiharFloodAuto] --- Loop #474 starting ---
[2026-09-16 09:54:59] [INFO] [BiharFloodAuto] Executing 'git pull' to check for updates...
[2026-09-16 09:55:04] [INFO] [BiharFloodAuto] Repository is already up to date.
[2026-09-16 09:55:05] [INFO] [BiharFloodAuto] [*] Operation is OFF. Skipping Email Fetch and SFTP copy.
[2026-09-16 09:55:08] [INFO] [BiharFloodAuto] Successfully pushed automation.log to Git.
[2026-09-16 09:55:08] [INFO] [BiharFloodAuto] --- Loop #474 complete ---
[2026-09-16 09:55:08] [INFO] [BiharFloodAuto] Sleeping for 15 minutes. Next check at 10:10:08. (Use 'Run Now' on the dashboard to skip this.)
[2026-09-16 10:10:08] [INFO] [BiharFloodAuto] --- Loop #475 starting ---
[2026-09-16 10:10:08] [INFO] [BiharFloodAuto] Executing 'git pull' to check for updates...
[2026-09-16 10:10:12] [INFO] [BiharFloodAuto] Repository is already up to date.
[2026-09-16 10:10:13] [INFO] [BiharFloodAuto] [*] Operation is OFF. Skipping Email Fetch and SFTP copy.
[2026-09-16 10:10:16] [INFO] [BiharFloodAuto] Successfully pushed automation.log to Git.
[2026-09-16 10:10:16] [INFO] [BiharFloodAuto] --- Loop #475 complete ---
[2026-09-16 10:10:16] [INFO] [BiharFloodAuto] Sleeping for 15 minutes. Next check at 10:25:16. (Use 'Run Now' on the dashboard to skip this.)
[2026-09-16 10:25:16] [INFO] [BiharFloodAuto] --- Loop #476 starting ---
[2026-09-16 10:25:16] [INFO] [BiharFloodAuto] Executing 'git pull' to check for updates...
[2026-09-16 10:25:20] [INFO] [BiharFloodAuto] Repository is already up to date.
[2026-09-16 10:25:20] [INFO] [BiharFloodAuto] [*] Operation is OFF. Skipping Email Fetch and SFTP copy.
[2026-09-16 10:25:24] [INFO] [BiharFloodAuto] Successfully pushed automation.log to Git.
[2026-09-16 10:25:24] [INFO] [BiharFloodAuto] --- Loop #476 complete ---
[2026-09-16 10:25:24] [INFO] [BiharFloodAuto] Sleeping for 15 minutes. Next check at 10:40:24. (Use 'Run Now' on the dashboard to skip this.)
[2026-09-16 10:40:24] [INFO] [BiharFloodAuto] --- Loop #477 starting ---
[2026-09-16 10:40:24] [INFO] [BiharFloodAuto] Executing 'git pull' to check for updates...
[2026-09-16 10:40:28] [INFO] [BiharFloodAuto] Repository is already up to date.
[2026-09-16 10:40:28] [INFO] [BiharFloodAuto] [*] Operation is OFF. Skipping Email Fetch and SFTP copy.
[2026-09-16 10:40:32] [INFO] [BiharFloodAuto] Successfully pushed automation.log to Git.
[2026-09-16 10:40:32] [INFO] [BiharFloodAuto] --- Loop #477 complete ---
[2026-09-16 10:40:32] [INFO] [BiharFloodAuto] Sleeping for 15 minutes. Next check at 10:55:32. (Use 'Run Now' on the dashboard to skip this.)
[2026-09-16 10:55:32] [INFO] [BiharFloodAuto] --- Loop #478 starting ---
[2026-09-16 10:55:32] [INFO] [BiharFloodAuto] Executing 'git pull' to check for updates...
[2026-09-16 10:55:35] [INFO] [BiharFloodAuto] Repository is already up to date.
[2026-09-16 10:55:35] [INFO] [BiharFloodAuto] [*] Operation is OFF. Skipping Email Fetch and SFTP copy.
[2026-09-16 10:55:38] [INFO] [BiharFloodAuto] Successfully pushed automation.log to Git.
[2026-09-16 10:55:38] [INFO] [BiharFloodAuto] --- Loop #478 complete ---
[2026-09-16 10:55:38] [INFO] [BiharFloodAuto] Sleeping for 15 minutes. Next check at 11:10:38. (Use 'Run Now' on the dashboard to skip this.)
[2026-09-16 11:10:38] [INFO] [BiharFloodAuto] --- Loop #479 starting ---
[2026-09-16 11:10:38] [INFO] [BiharFloodAuto] Executing 'git pull' to check for updates...
[2026-09-16 11:10:41] [INFO] [BiharFloodAuto] Repository is already up to date.
[2026-09-16 11:10:41] [INFO] [BiharFloodAuto] [*] Operation is OFF. Skipping Email Fetch and SFTP copy.
[2026-09-16 11:10:45] [INFO] [BiharFloodAuto] Successfully pushed automation.log to Git.
[2026-09-16 11:10:45] [INFO] [BiharFloodAuto] --- Loop #479 complete ---
[2026-09-16 11:10:45] [INFO] [BiharFloodAuto] Sleeping for 15 minutes. Next check at 11:25:45. (Use 'Run Now' on the dashboard to skip this.)
[2026-09-16 11:25:45] [INFO] [BiharFloodAuto] --- Loop #480 starting ---
[2026-09-16 11:25:45] [INFO] [BiharFloodAuto] Executing 'git pull' to check for updates...
[2026-09-16 11:25:49] [INFO] [BiharFloodAuto] Repository is already up to date.
[2026-09-16 11:25:49] [INFO] [BiharFloodAuto] [*] Operation is OFF. Skipping Email Fetch and SFTP copy.
[2026-09-16 11:25:53] [INFO] [BiharFloodAuto] Successfully pushed automation.log to Git.
[2026-09-16 11:25:53] [INFO] [BiharFloodAuto] --- Loop #480 complete ---
[2026-09-16 11:25:53] [INFO] [BiharFloodAuto] Sleeping for 15 minutes. Next check at 11:40:53. (Use 'Run Now' on the dashboard to skip this.)
[2026-09-16 11:40:53] [INFO] [BiharFloodAuto] --- Loop #481 starting ---
[2026-09-16 11:40:53] [INFO] [BiharFloodAuto] Executing 'git pull' to check for updates...
[2026-09-16 11:40:56] [INFO] [BiharFloodAuto] Repository is already up to date.
[2026-09-16 11:40:56] [INFO] [BiharFloodAuto] [*] Operation is OFF. Skipping Email Fetch and SFTP copy.
[2026-09-16 11:40:59] [INFO] [BiharFloodAuto] Successfully pushed automation.log to Git.
[2026-09-16 11:40:59] [INFO] [BiharFloodAuto] --- Loop #481 complete ---
[2026-09-16 11:40:59] [INFO] [BiharFloodAuto] Sleeping for 15 minutes. Next check at 11:55:59. (Use 'Run Now' on the dashboard to skip this.)
[2026-09-16 11:56:00] [INFO] [BiharFloodAuto] --- Loop #482 starting ---
[2026-09-16 11:56:00] [INFO] [BiharFloodAuto] Executing 'git pull' to check for updates...
[2026-09-16 11:56:03] [INFO] [BiharFloodAuto] Repository is already up to date.
[2026-09-16 11:56:03] [INFO] [BiharFloodAuto] [*] Operation is OFF. Skipping Email Fetch and SFTP copy.
[2026-09-16 11:56:06] [INFO] [BiharFloodAuto] Successfully pushed automation.log to Git.
[2026-09-16 11:56:06] [INFO] [BiharFloodAuto] --- Loop #482 complete ---
[2026-09-16 11:56:06] [INFO] [BiharFloodAuto] Sleeping for 15 minutes. Next check at 12:11:06. (Use 'Run Now' on the dashboard to skip this.)
[2026-09-16 12:11:06] [INFO] [BiharFloodAuto] --- Loop #483 starting ---
[2026-09-16 12:11:06] [INFO] [BiharFloodAuto] Executing 'git pull' to check for updates...
[2026-09-16 12:11:10] [INFO] [BiharFloodAuto] Repository is already up to date.
[2026-09-16 12:11:10] [INFO] [BiharFloodAuto] [*] Operation is OFF. Skipping Email Fetch and SFTP copy.
[2026-09-16 12:11:14] [INFO] [BiharFloodAuto] Successfully pushed automation.log to Git.
[2026-09-16 12:11:14] [INFO] [BiharFloodAuto] --- Loop #483 complete ---
[2026-09-16 12:11:14] [INFO] [BiharFloodAuto] Sleeping for 15 minutes. Next check at 12:26:14. (Use 'Run Now' on the dashboard to skip this.)
[2026-09-16 12:26:14] [INFO] [BiharFloodAuto] --- Loop #484 starting ---
[2026-09-16 12:26:14] [INFO] [BiharFloodAuto] Executing 'git pull' to check for updates...
[2026-09-16 12:26:18] [INFO] [BiharFloodAuto] Repository is already up to date.
[2026-09-16 12:26:18] [INFO] [BiharFloodAuto] [*] Operation is OFF. Skipping Email Fetch and SFTP copy.
[2026-09-16 12:26:24] [INFO] [BiharFloodAuto] Successfully pushed automation.log to Git.
[2026-09-16 12:26:24] [INFO] [BiharFloodAuto] --- Loop #484 complete ---
[2026-09-16 12:26:24] [INFO] [BiharFloodAuto] Sleeping for 15 minutes. Next check at 12:41:24. (Use 'Run Now' on the dashboard to skip this.)
[2026-09-16 12:41:24] [INFO] [BiharFloodAuto] --- Loop #485 starting ---
[2026-09-16 12:41:24] [INFO] [BiharFloodAuto] Executing 'git pull' to check for updates...
[2026-09-16 12:41:30] [INFO] [BiharFloodAuto] Repository is already up to date.
[2026-09-16 12:41:30] [INFO] [BiharFloodAuto] [*] Operation is OFF. Skipping Email Fetch and SFTP copy.
[2026-09-16 12:41:35] [INFO] [BiharFloodAuto] Successfully pushed automation.log to Git.
[2026-09-16 12:41:35] [INFO] [BiharFloodAuto] --- Loop #485 complete ---
[2026-09-16 12:41:35] [INFO] [BiharFloodAuto] Sleeping for 15 minutes. Next check at 12:56:35. (Use 'Run Now' on the dashboard to skip this.)
[2026-09-16 12:56:35] [INFO] [BiharFloodAuto] --- Loop #486 starting ---
[2026-09-16 12:56:35] [INFO] [BiharFloodAuto] Executing 'git pull' to check for updates...
[2026-09-16 12:56:38] [INFO] [BiharFloodAuto] Repository is already up to date.
[2026-09-16 12:56:38] [INFO] [BiharFloodAuto] [*] Operation is OFF. Skipping Email Fetch and SFTP copy.
[2026-09-16 12:56:42] [INFO] [BiharFloodAuto] Successfully pushed automation.log to Git.
[2026-09-16 12:56:42] [INFO] [BiharFloodAuto] --- Loop #486 complete ---
[2026-09-16 12:56:42] [INFO] [BiharFloodAuto] Sleeping for 15 minutes. Next check at 13:11:42. (Use 'Run Now' on the dashboard to skip this.)
[2026-09-16 13:11:42] [INFO] [BiharFloodAuto] --- Loop #487 starting ---
[2026-09-16 13:11:42] [INFO] [BiharFloodAuto] Executing 'git pull' to check for updates...
[2026-09-16 13:11:45] [INFO] [BiharFloodAuto] Repository is already up to date.
[2026-09-16 13:11:45] [INFO] [BiharFloodAuto] [*] Operation is OFF. Skipping Email Fetch and SFTP copy.
[2026-09-16 13:11:49] [INFO] [BiharFloodAuto] Successfully pushed automation.log to Git.
[2026-09-16 13:11:49] [INFO] [BiharFloodAuto] --- Loop #487 complete ---
[2026-09-16 13:11:49] [INFO] [BiharFloodAuto] Sleeping for 15 minutes. Next check at 13:26:49. (Use 'Run Now' on the dashboard to skip this.)
[2026-09-16 13:26:49] [INFO] [BiharFloodAuto] --- Loop #488 starting ---
[2026-09-16 13:26:49] [INFO] [BiharFloodAuto] Executing 'git pull' to check for updates...
[2026-09-16 13:26:53] [INFO] [BiharFloodAuto] Repository is already up to date.
[2026-09-16 13:26:53] [INFO] [BiharFloodAuto] [*] Operation is OFF. Skipping Email Fetch and SFTP copy.
[2026-09-16 13:26:57] [INFO] [BiharFloodAuto] Successfully pushed automation.log to Git.
[2026-09-16 13:26:57] [INFO] [BiharFloodAuto] --- Loop #488 complete ---
[2026-09-16 13:26:57] [INFO] [BiharFloodAuto] Sleeping for 15 minutes. Next check at 13:41:57. (Use 'Run Now' on the dashboard to skip this.)
[2026-09-16 13:41:57] [INFO] [BiharFloodAuto] --- Loop #489 starting ---
[2026-09-16 13:41:57] [INFO] [BiharFloodAuto] Executing 'git pull' to check for updates...
[2026-09-16 13:42:01] [INFO] [BiharFloodAuto] Repository is already up to date.
[2026-09-16 13:42:01] [INFO] [BiharFloodAuto] [*] Operation is OFF. Skipping Email Fetch and SFTP copy.
[2026-09-16 13:42:06] [INFO] [BiharFloodAuto] Successfully pushed automation.log to Git.
[2026-09-16 13:42:06] [INFO] [BiharFloodAuto] --- Loop #489 complete ---
[2026-09-16 13:42:06] [INFO] [BiharFloodAuto] Sleeping for 15 minutes. Next check at 13:57:06. (Use 'Run Now' on the dashboard to skip this.)
[2026-09-16 13:57:06] [INFO] [BiharFloodAuto] --- Loop #490 starting ---
[2026-09-16 13:57:06] [INFO] [BiharFloodAuto] Executing 'git pull' to check for updates...
[2026-09-16 13:57:09] [INFO] [BiharFloodAuto] Repository is already up to date.
[2026-09-16 13:57:09] [INFO] [BiharFloodAuto] [*] Operation is OFF. Skipping Email Fetch and SFTP copy.
[2026-09-16 13:57:13] [INFO] [BiharFloodAuto] Successfully pushed automation.log to Git.
[2026-09-16 13:57:13] [INFO] [BiharFloodAuto] --- Loop #490 complete ---
[2026-09-16 13:57:13] [INFO] [BiharFloodAuto] Sleeping for 15 minutes. Next check at 14:12:13. (Use 'Run Now' on the dashboard to skip this.)
[2026-09-16 14:12:13] [INFO] [BiharFloodAuto] --- Loop #491 starting ---
[2026-09-16 14:12:13] [INFO] [BiharFloodAuto] Executing 'git pull' to check for updates...
[2026-09-16 14:12:17] [INFO] [BiharFloodAuto] Repository is already up to date.
[2026-09-16 14:12:17] [INFO] [BiharFloodAuto] [*] Operation is OFF. Skipping Email Fetch and SFTP copy.
[2026-09-16 14:12:21] [INFO] [BiharFloodAuto] Successfully pushed automation.log to Git.
[2026-09-16 14:12:21] [INFO] [BiharFloodAuto] --- Loop #491 complete ---
[2026-09-16 14:12:21] [INFO] [BiharFloodAuto] Sleeping for 15 minutes. Next check at 14:27:21. (Use 'Run Now' on the dashboard to skip this.)
[2026-09-16 14:27:21] [INFO] [BiharFloodAuto] --- Loop #492 starting ---
[2026-09-16 14:27:21] [INFO] [BiharFloodAuto] Executing 'git pull' to check for updates...
[2026-09-16 14:27:25] [INFO] [BiharFloodAuto] Repository is already up to date.
[2026-09-16 14:27:25] [INFO] [BiharFloodAuto] [*] Operation is OFF. Skipping Email Fetch and SFTP copy.
[2026-09-16 14:27:31] [INFO] [BiharFloodAuto] Successfully pushed automation.log to Git.
[2026-09-16 14:27:31] [INFO] [BiharFloodAuto] --- Loop #492 complete ---
[2026-09-16 14:27:31] [INFO] [BiharFloodAuto] Sleeping for 15 minutes. Next check at 14:42:31. (Use 'Run Now' on the dashboard to skip this.)
[2026-09-16 14:42:31] [INFO] [BiharFloodAuto] --- Loop #493 starting ---
[2026-09-16 14:42:31] [INFO] [BiharFloodAuto] Executing 'git pull' to check for updates...
[2026-09-16 14:42:35] [INFO] [BiharFloodAuto] Repository is already up to date.
[2026-09-16 14:42:36] [INFO] [BiharFloodAuto] [*] Operation is OFF. Skipping Email Fetch and SFTP copy.
[2026-09-16 14:42:40] [INFO] [BiharFloodAuto] Successfully pushed automation.log to Git.
[2026-09-16 14:42:40] [INFO] [BiharFloodAuto] --- Loop #493 complete ---
[2026-09-16 14:42:40] [INFO] [BiharFloodAuto] Sleeping for 15 minutes. Next check at 14:57:40. (Use 'Run Now' on the dashboard to skip this.)
[2026-09-16 14:57:40] [INFO] [BiharFloodAuto] --- Loop #494 starting ---
[2026-09-16 14:57:40] [INFO] [BiharFloodAuto] Executing 'git pull' to check for updates...
[2026-09-16 14:57:43] [INFO] [BiharFloodAuto] Repository is already up to date.
[2026-09-16 14:57:43] [INFO] [BiharFloodAuto] [*] Operation is OFF. Skipping Email Fetch and SFTP copy.
[2026-09-16 14:57:48] [INFO] [BiharFloodAuto] Successfully pushed automation.log to Git.
[2026-09-16 14:57:48] [INFO] [BiharFloodAuto] --- Loop #494 complete ---
[2026-09-16 14:57:48] [INFO] [BiharFloodAuto] Sleeping for 15 minutes. Next check at 15:12:48. (Use 'Run Now' on the dashboard to skip this.)
[2026-09-16 15:12:48] [INFO] [BiharFloodAuto] --- Loop #495 starting ---
[2026-09-16 15:12:48] [INFO] [BiharFloodAuto] Executing 'git pull' to check for updates...
[2026-09-16 15:12:53] [INFO] [BiharFloodAuto] Repository is already up to date.
[2026-09-16 15:12:53] [INFO] [BiharFloodAuto] [*] Operation is OFF. Skipping Email Fetch and SFTP copy.
[2026-09-16 15:12:58] [INFO] [BiharFloodAuto] Successfully pushed automation.log to Git.
[2026-09-16 15:12:58] [INFO] [BiharFloodAuto] --- Loop #495 complete ---
[2026-09-16 15:12:58] [INFO] [BiharFloodAuto] Sleeping for 15 minutes. Next check at 15:27:58. (Use 'Run Now' on the dashboard to skip this.)
[2026-09-16 15:27:58] [INFO] [BiharFloodAuto] --- Loop #496 starting ---
[2026-09-16 15:27:58] [INFO] [BiharFloodAuto] Executing 'git pull' to check for updates...
[2026-09-16 15:28:01] [INFO] [BiharFloodAuto] Repository is already up to date.
[2026-09-16 15:28:01] [INFO] [BiharFloodAuto] [*] Operation is OFF. Skipping Email Fetch and SFTP copy.
[2026-09-16 15:28:06] [INFO] [BiharFloodAuto] Successfully pushed automation.log to Git.
[2026-09-16 15:28:06] [INFO] [BiharFloodAuto] --- Loop #496 complete ---
[2026-09-16 15:28:06] [INFO] [BiharFloodAuto] Sleeping for 15 minutes. Next check at 15:43:06. (Use 'Run Now' on the dashboard to skip this.)
[2026-09-16 15:43:06] [INFO] [BiharFloodAuto] --- Loop #497 starting ---
[2026-09-16 15:43:06] [INFO] [BiharFloodAuto] Executing 'git pull' to check for updates...
[2026-09-16 15:43:14] [INFO] [BiharFloodAuto] Repository is already up to date.
[2026-09-16 15:43:14] [INFO] [BiharFloodAuto] [*] Operation is OFF. Skipping Email Fetch and SFTP copy.
[2026-09-16 15:43:21] [INFO] [BiharFloodAuto] Successfully pushed automation.log to Git.
[2026-09-16 15:43:21] [INFO] [BiharFloodAuto] --- Loop #497 complete ---
[2026-09-16 15:43:21] [INFO] [BiharFloodAuto] Sleeping for 15 minutes. Next check at 15:58:21. (Use 'Run Now' on the dashboard to skip this.)
[2026-09-16 15:58:21] [INFO] [BiharFloodAuto] --- Loop #498 starting ---
[2026-09-16 15:58:21] [INFO] [BiharFloodAuto] Executing 'git pull' to check for updates...
[2026-09-16 15:58:26] [INFO] [BiharFloodAuto] Repository is already up to date.
[2026-09-16 15:58:26] [INFO] [BiharFloodAuto] [*] Operation is OFF. Skipping Email Fetch and SFTP copy.
[2026-09-16 15:58:31] [INFO] [BiharFloodAuto] Successfully pushed automation.log to Git.
[2026-09-16 15:58:31] [INFO] [BiharFloodAuto] --- Loop #498 complete ---
[2026-09-16 15:58:31] [INFO] [BiharFloodAuto] Sleeping for 15 minutes. Next check at 16:13:31. (Use 'Run Now' on the dashboard to skip this.)
[2026-09-16 16:13:31] [INFO] [BiharFloodAuto] --- Loop #499 starting ---
[2026-09-16 16:13:31] [INFO] [BiharFloodAuto] Executing 'git pull' to check for updates...
[2026-09-16 16:13:34] [INFO] [BiharFloodAuto] Repository is already up to date.
[2026-09-16 16:13:34] [INFO] [BiharFloodAuto] [*] Operation is OFF. Skipping Email Fetch and SFTP copy.
[2026-09-16 16:13:38] [INFO] [BiharFloodAuto] Successfully pushed automation.log to Git.
[2026-09-16 16:13:38] [INFO] [BiharFloodAuto] --- Loop #499 complete ---
[2026-09-16 16:13:38] [INFO] [BiharFloodAuto] Sleeping for 15 minutes. Next check at 16:28:38. (Use 'Run Now' on the dashboard to skip this.)
[2026-09-16 16:28:39] [INFO] [BiharFloodAuto] --- Loop #500 starting ---
[2026-09-16 16:28:39] [INFO] [BiharFloodAuto] Executing 'git pull' to check for updates...
[2026-09-16 16:28:47] [INFO] [BiharFloodAuto] Repository is already up to date.
[2026-09-16 16:28:47] [INFO] [BiharFloodAuto] [*] Operation is OFF. Skipping Email Fetch and SFTP copy.
[2026-09-16 16:28:50] [INFO] [BiharFloodAuto] Successfully pushed automation.log to Git.
[2026-09-16 16:28:50] [INFO] [BiharFloodAuto] --- Loop #500 complete ---
[2026-09-16 16:28:50] [INFO] [BiharFloodAuto] Sleeping for 15 minutes. Next check at 16:43:50. (Use 'Run Now' on the dashboard to skip this.)
[2026-09-16 16:43:51] [INFO] [BiharFloodAuto] --- Loop #501 starting ---
[2026-09-16 16:43:51] [INFO] [BiharFloodAuto] Executing 'git pull' to check for updates...
[2026-09-16 16:43:54] [INFO] [BiharFloodAuto] Repository is already up to date.
[2026-09-16 16:43:54] [INFO] [BiharFloodAuto] [*] Operation is OFF. Skipping Email Fetch and SFTP copy.
[2026-09-16 16:43:58] [INFO] [BiharFloodAuto] Successfully pushed automation.log to Git.
[2026-09-16 16:43:58] [INFO] [BiharFloodAuto] --- Loop #501 complete ---
[2026-09-16 16:43:58] [INFO] [BiharFloodAuto] Sleeping for 15 minutes. Next check at 16:58:58. (Use 'Run Now' on the dashboard to skip this.)
[2026-09-16 16:58:58] [INFO] [BiharFloodAuto] --- Loop #502 starting ---
[2026-09-16 16:58:58] [INFO] [BiharFloodAuto] Executing 'git pull' to check for updates...
[2026-09-16 16:59:01] [INFO] [BiharFloodAuto] Repository is already up to date.
[2026-09-16 16:59:01] [INFO] [BiharFloodAuto] [*] Operation is OFF. Skipping Email Fetch and SFTP copy.
[2026-09-16 16:59:05] [INFO] [BiharFloodAuto] Successfully pushed automation.log to Git.
[2026-09-16 16:59:05] [INFO] [BiharFloodAuto] --- Loop #502 complete ---
[2026-09-16 16:59:05] [INFO] [BiharFloodAuto] Sleeping for 15 minutes. Next check at 17:14:05. (Use 'Run Now' on the dashboard to skip this.)
[2026-09-16 17:14:06] [INFO] [BiharFloodAuto] --- Loop #503 starting ---
[2026-09-16 17:14:06] [INFO] [BiharFloodAuto] Executing 'git pull' to check for updates...
[2026-09-16 17:14:09] [INFO] [BiharFloodAuto] Repository is already up to date.
[2026-09-16 17:14:09] [INFO] [BiharFloodAuto] [*] Operation is OFF. Skipping Email Fetch and SFTP copy.
[2026-09-16 17:14:12] [INFO] [BiharFloodAuto] Successfully pushed automation.log to Git.
[2026-09-16 17:14:12] [INFO] [BiharFloodAuto] --- Loop #503 complete ---
[2026-09-16 17:14:12] [INFO] [BiharFloodAuto] Sleeping for 15 minutes. Next check at 17:29:12. (Use 'Run Now' on the dashboard to skip this.)
[2026-09-16 17:29:12] [INFO] [BiharFloodAuto] --- Loop #504 starting ---
[2026-09-16 17:29:12] [INFO] [BiharFloodAuto] Executing 'git pull' to check for updates...
[2026-09-16 17:29:16] [INFO] [BiharFloodAuto] Repository is already up to date.
[2026-09-16 17:29:16] [INFO] [BiharFloodAuto] [*] Operation is OFF. Skipping Email Fetch and SFTP copy.
[2026-09-16 17:29:19] [INFO] [BiharFloodAuto] Successfully pushed automation.log to Git.
[2026-09-16 17:29:19] [INFO] [BiharFloodAuto] --- Loop #504 complete ---
[2026-09-16 17:29:19] [INFO] [BiharFloodAuto] Sleeping for 15 minutes. Next check at 17:44:19. (Use 'Run Now' on the dashboard to skip this.)
[2026-09-16 17:44:19] [INFO] [BiharFloodAuto] --- Loop #505 starting ---
[2026-09-16 17:44:19] [INFO] [BiharFloodAuto] Executing 'git pull' to check for updates...
[2026-09-16 17:44:24] [INFO] [BiharFloodAuto] Repository is already up to date.
[2026-09-16 17:44:24] [INFO] [BiharFloodAuto] [*] Operation is OFF. Skipping Email Fetch and SFTP copy.
[2026-09-16 17:44:28] [INFO] [BiharFloodAuto] Successfully pushed automation.log to Git.
[2026-09-16 17:44:28] [INFO] [BiharFloodAuto] --- Loop #505 complete ---
[2026-09-16 17:44:28] [INFO] [BiharFloodAuto] Sleeping for 15 minutes. Next check at 17:59:28. (Use 'Run Now' on the dashboard to skip this.)
[2026-09-16 17:59:28] [INFO] [BiharFloodAuto] --- Loop #506 starting ---
[2026-09-16 17:59:28] [INFO] [BiharFloodAuto] Executing 'git pull' to check for updates...
[2026-09-16 17:59:31] [INFO] [BiharFloodAuto] Repository is already up to date.
[2026-09-16 17:59:31] [INFO] [BiharFloodAuto] [*] Operation is OFF. Skipping Email Fetch and SFTP copy.
[2026-09-16 17:59:35] [INFO] [BiharFloodAuto] Successfully pushed automation.log to Git.
[2026-09-16 17:59:35] [INFO] [BiharFloodAuto] --- Loop #506 complete ---
[2026-09-16 17:59:35] [INFO] [BiharFloodAuto] Sleeping for 15 minutes. Next check at 18:14:35. (Use 'Run Now' on the dashboard to skip this.)
[2026-09-16 18:14:35] [INFO] [BiharFloodAuto] --- Loop #507 starting ---
[2026-09-16 18:14:35] [INFO] [BiharFloodAuto] Executing 'git pull' to check for updates...
[2026-09-16 18:14:38] [INFO] [BiharFloodAuto] Repository is already up to date.
[2026-09-16 18:14:38] [INFO] [BiharFloodAuto] [*] Operation is OFF. Skipping Email Fetch and SFTP copy.
[2026-09-16 18:14:41] [INFO] [BiharFloodAuto] Successfully pushed automation.log to Git.
[2026-09-16 18:14:41] [INFO] [BiharFloodAuto] --- Loop #507 complete ---
[2026-09-16 18:14:41] [INFO] [BiharFloodAuto] Sleeping for 15 minutes. Next check at 18:29:41. (Use 'Run Now' on the dashboard to skip this.)
[2026-09-16 18:29:42] [INFO] [BiharFloodAuto] --- Loop #508 starting ---
[2026-09-16 18:29:42] [INFO] [BiharFloodAuto] Executing 'git pull' to check for updates...
[2026-09-16 18:29:44] [INFO] [BiharFloodAuto] Repository is already up to date.
[2026-09-16 18:29:44] [INFO] [BiharFloodAuto] [*] Operation is OFF. Skipping Email Fetch and SFTP copy.
[2026-09-16 18:29:48] [INFO] [BiharFloodAuto] Successfully pushed automation.log to Git.
[2026-09-16 18:29:48] [INFO] [BiharFloodAuto] --- Loop #508 complete ---
[2026-09-16 18:29:48] [INFO] [BiharFloodAuto] Sleeping for 15 minutes. Next check at 18:44:48. (Use 'Run Now' on the dashboard to skip this.)
[2026-09-16 18:44:48] [INFO] [BiharFloodAuto] --- Loop #509 starting ---
[2026-09-16 18:44:48] [INFO] [BiharFloodAuto] Executing 'git pull' to check for updates...
[2026-09-16 18:44:54] [INFO] [BiharFloodAuto] Repository is already up to date.
[2026-09-16 18:44:54] [INFO] [BiharFloodAuto] [*] Operation is OFF. Skipping Email Fetch and SFTP copy.
[2026-09-16 18:44:59] [INFO] [BiharFloodAuto] Successfully pushed automation.log to Git.
[2026-09-16 18:44:59] [INFO] [BiharFloodAuto] --- Loop #509 complete ---
[2026-09-16 18:44:59] [INFO] [BiharFloodAuto] Sleeping for 15 minutes. Next check at 18:59:59. (Use 'Run Now' on the dashboard to skip this.)
[2026-09-16 18:59:59] [INFO] [BiharFloodAuto] --- Loop #510 starting ---
[2026-09-16 18:59:59] [INFO] [BiharFloodAuto] Executing 'git pull' to check for updates...
[2026-09-16 19:00:01] [INFO] [BiharFloodAuto] Repository is already up to date.
[2026-09-16 19:00:01] [INFO] [BiharFloodAuto] [*] Operation is OFF. Skipping Email Fetch and SFTP copy.
[2026-09-16 19:00:05] [INFO] [BiharFloodAuto] Successfully pushed automation.log to Git.
[2026-09-16 19:00:05] [INFO] [BiharFloodAuto] --- Loop #510 complete ---
[2026-09-16 19:00:05] [INFO] [BiharFloodAuto] Sleeping for 15 minutes. Next check at 19:15:05. (Use 'Run Now' on the dashboard to skip this.)
[2026-09-16 19:15:05] [INFO] [BiharFloodAuto] --- Loop #511 starting ---
[2026-09-16 19:15:05] [INFO] [BiharFloodAuto] Executing 'git pull' to check for updates...
[2026-09-16 19:15:07] [INFO] [BiharFloodAuto] Repository is already up to date.
[2026-09-16 19:15:07] [INFO] [BiharFloodAuto] [*] Operation is OFF. Skipping Email Fetch and SFTP copy.
[2026-09-16 19:15:11] [INFO] [BiharFloodAuto] Successfully pushed automation.log to Git.
[2026-09-16 19:15:11] [INFO] [BiharFloodAuto] --- Loop #511 complete ---
[2026-09-16 19:15:11] [INFO] [BiharFloodAuto] Sleeping for 15 minutes. Next check at 19:30:11. (Use 'Run Now' on the dashboard to skip this.)
[2026-09-16 19:30:11] [INFO] [BiharFloodAuto] --- Loop #512 starting ---
[2026-09-16 19:30:11] [INFO] [BiharFloodAuto] Executing 'git pull' to check for updates...
[2026-09-16 19:30:19] [INFO] [BiharFloodAuto] Repository is already up to date.
[2026-09-16 19:30:19] [INFO] [BiharFloodAuto] [*] Operation is OFF. Skipping Email Fetch and SFTP copy.
[2026-09-16 19:30:24] [INFO] [BiharFloodAuto] Successfully pushed automation.log to Git.
[2026-09-16 19:30:24] [INFO] [BiharFloodAuto] --- Loop #512 complete ---
[2026-09-16 19:30:24] [INFO] [BiharFloodAuto] Sleeping for 15 minutes. Next check at 19:45:24. (Use 'Run Now' on the dashboard to skip this.)
[2026-09-16 19:45:24] [INFO] [BiharFloodAuto] --- Loop #513 starting ---
[2026-09-16 19:45:24] [INFO] [BiharFloodAuto] Executing 'git pull' to check for updates...
[2026-09-16 19:45:29] [INFO] [BiharFloodAuto] Repository is already up to date.
[2026-09-16 19:45:29] [INFO] [BiharFloodAuto] [*] Operation is OFF. Skipping Email Fetch and SFTP copy.
[2026-09-16 19:45:34] [INFO] [BiharFloodAuto] Successfully pushed automation.log to Git.
[2026-09-16 19:45:34] [INFO] [BiharFloodAuto] --- Loop #513 complete ---
[2026-09-16 19:45:34] [INFO] [BiharFloodAuto] Sleeping for 15 minutes. Next check at 20:00:34. (Use 'Run Now' on the dashboard to skip this.)
[2026-09-16 20:00:34] [INFO] [BiharFloodAuto] --- Loop #514 starting ---
[2026-09-16 20:00:34] [INFO] [BiharFloodAuto] Executing 'git pull' to check for updates...
[2026-09-16 20:00:37] [INFO] [BiharFloodAuto] Repository is already up to date.
[2026-09-16 20:00:37] [INFO] [BiharFloodAuto] [*] Operation is OFF. Skipping Email Fetch and SFTP copy.
[2026-09-16 20:00:40] [INFO] [BiharFloodAuto] Successfully pushed automation.log to Git.
[2026-09-16 20:00:40] [INFO] [BiharFloodAuto] --- Loop #514 complete ---
[2026-09-16 20:00:40] [INFO] [BiharFloodAuto] Sleeping for 15 minutes. Next check at 20:15:40. (Use 'Run Now' on the dashboard to skip this.)
[2026-09-16 20:15:40] [INFO] [BiharFloodAuto] --- Loop #515 starting ---
[2026-09-16 20:15:40] [INFO] [BiharFloodAuto] Executing 'git pull' to check for updates...
[2026-09-16 20:15:43] [INFO] [BiharFloodAuto] Repository is already up to date.
[2026-09-16 20:15:43] [INFO] [BiharFloodAuto] [*] Operation is OFF. Skipping Email Fetch and SFTP copy.
[2026-09-16 20:15:47] [INFO] [BiharFloodAuto] Successfully pushed automation.log to Git.
[2026-09-16 20:15:47] [INFO] [BiharFloodAuto] --- Loop #515 complete ---
[2026-09-16 20:15:47] [INFO] [BiharFloodAuto] Sleeping for 15 minutes. Next check at 20:30:47. (Use 'Run Now' on the dashboard to skip this.)
[2026-09-16 20:30:47] [INFO] [BiharFloodAuto] --- Loop #516 starting ---
[2026-09-16 20:30:47] [INFO] [BiharFloodAuto] Executing 'git pull' to check for updates...
[2026-09-16 20:30:53] [INFO] [BiharFloodAuto] Repository is already up to date.
[2026-09-16 20:30:53] [INFO] [BiharFloodAuto] [*] Operation is OFF. Skipping Email Fetch and SFTP copy.
[2026-09-16 20:30:56] [INFO] [BiharFloodAuto] Successfully pushed automation.log to Git.
[2026-09-16 20:30:56] [INFO] [BiharFloodAuto] --- Loop #516 complete ---
[2026-09-16 20:30:56] [INFO] [BiharFloodAuto] Sleeping for 15 minutes. Next check at 20:45:56. (Use 'Run Now' on the dashboard to skip this.)
[2026-09-16 20:45:56] [INFO] [BiharFloodAuto] --- Loop #517 starting ---
[2026-09-16 20:45:56] [INFO] [BiharFloodAuto] Executing 'git pull' to check for updates...
[2026-09-16 20:45:59] [INFO] [BiharFloodAuto] Repository is already up to date.
[2026-09-16 20:45:59] [INFO] [BiharFloodAuto] [*] Operation is OFF. Skipping Email Fetch and SFTP copy.
[2026-09-16 20:46:02] [INFO] [BiharFloodAuto] Successfully pushed automation.log to Git.
[2026-09-16 20:46:02] [INFO] [BiharFloodAuto] --- Loop #517 complete ---
[2026-09-16 20:46:02] [INFO] [BiharFloodAuto] Sleeping for 15 minutes. Next check at 21:01:02. (Use 'Run Now' on the dashboard to skip this.)
[2026-09-16 21:01:02] [INFO] [BiharFloodAuto] --- Loop #518 starting ---
[2026-09-16 21:01:02] [INFO] [BiharFloodAuto] Executing 'git pull' to check for updates...
[2026-09-16 21:01:04] [INFO] [BiharFloodAuto] Repository is already up to date.
[2026-09-16 21:01:05] [INFO] [BiharFloodAuto] [*] Operation is OFF. Skipping Email Fetch and SFTP copy.
[2026-09-16 21:01:07] [INFO] [BiharFloodAuto] Successfully pushed automation.log to Git.
[2026-09-16 21:01:07] [INFO] [BiharFloodAuto] --- Loop #518 complete ---
[2026-09-16 21:01:07] [INFO] [BiharFloodAuto] Sleeping for 15 minutes. Next check at 21:16:07. (Use 'Run Now' on the dashboard to skip this.)
[2026-09-16 21:16:08] [INFO] [BiharFloodAuto] --- Loop #519 starting ---
[2026-09-16 21:16:08] [INFO] [BiharFloodAuto] Executing 'git pull' to check for updates...
[2026-09-16 21:16:11] [INFO] [BiharFloodAuto] Repository is already up to date.
[2026-09-16 21:16:11] [INFO] [BiharFloodAuto] [*] Operation is OFF. Skipping Email Fetch and SFTP copy.
[2026-09-16 21:16:14] [INFO] [BiharFloodAuto] Successfully pushed automation.log to Git.
[2026-09-16 21:16:14] [INFO] [BiharFloodAuto] --- Loop #519 complete ---
[2026-09-16 21:16:14] [INFO] [BiharFloodAuto] Sleeping for 15 minutes. Next check at 21:31:14. (Use 'Run Now' on the dashboard to skip this.)
[2026-09-16 21:31:14] [INFO] [BiharFloodAuto] --- Loop #520 starting ---
[2026-09-16 21:31:14] [INFO] [BiharFloodAuto] Executing 'git pull' to check for updates...
[2026-09-16 21:31:17] [INFO] [BiharFloodAuto] Repository is already up to date.
[2026-09-16 21:31:17] [INFO] [BiharFloodAuto] [*] Operation is OFF. Skipping Email Fetch and SFTP copy.
[2026-09-16 21:31:20] [INFO] [BiharFloodAuto] Successfully pushed automation.log to Git.
[2026-09-16 21:31:20] [INFO] [BiharFloodAuto] --- Loop #520 complete ---
[2026-09-16 21:31:20] [INFO] [BiharFloodAuto] Sleeping for 15 minutes. Next check at 21:46:20. (Use 'Run Now' on the dashboard to skip this.)
[2026-09-16 21:46:20] [INFO] [BiharFloodAuto] --- Loop #521 starting ---
[2026-09-16 21:46:20] [INFO] [BiharFloodAuto] Executing 'git pull' to check for updates...
[2026-09-16 21:46:23] [INFO] [BiharFloodAuto] Repository is already up to date.
[2026-09-16 21:46:23] [INFO] [BiharFloodAuto] [*] Operation is OFF. Skipping Email Fetch and SFTP copy.
[2026-09-16 21:46:26] [INFO] [BiharFloodAuto] Successfully pushed automation.log to Git.
[2026-09-16 21:46:26] [INFO] [BiharFloodAuto] --- Loop #521 complete ---
[2026-09-16 21:46:26] [INFO] [BiharFloodAuto] Sleeping for 15 minutes. Next check at 22:01:26. (Use 'Run Now' on the dashboard to skip this.)
[2026-09-16 22:01:26] [INFO] [BiharFloodAuto] --- Loop #522 starting ---
[2026-09-16 22:01:26] [INFO] [BiharFloodAuto] Executing 'git pull' to check for updates...
[2026-09-16 22:01:31] [INFO] [BiharFloodAuto] Repository is already up to date.
[2026-09-16 22:01:31] [INFO] [BiharFloodAuto] [*] Operation is OFF. Skipping Email Fetch and SFTP copy.
[2026-09-16 22:01:37] [INFO] [BiharFloodAuto] Successfully pushed automation.log to Git.
[2026-09-16 22:01:37] [INFO] [BiharFloodAuto] --- Loop #522 complete ---
[2026-09-16 22:01:37] [INFO] [BiharFloodAuto] Sleeping for 15 minutes. Next check at 22:16:37. (Use 'Run Now' on the dashboard to skip this.)
[2026-09-16 22:16:37] [INFO] [BiharFloodAuto] --- Loop #523 starting ---
[2026-09-16 22:16:37] [INFO] [BiharFloodAuto] Executing 'git pull' to check for updates...
[2026-09-16 22:16:42] [INFO] [BiharFloodAuto] Repository is already up to date.
[2026-09-16 22:16:42] [INFO] [BiharFloodAuto] [*] Operation is OFF. Skipping Email Fetch and SFTP copy.
[2026-09-16 22:16:46] [INFO] [BiharFloodAuto] Successfully pushed automation.log to Git.
[2026-09-16 22:16:46] [INFO] [BiharFloodAuto] --- Loop #523 complete ---
[2026-09-16 22:16:46] [INFO] [BiharFloodAuto] Sleeping for 15 minutes. Next check at 22:31:46. (Use 'Run Now' on the dashboard to skip this.)
[2026-09-16 22:31:46] [INFO] [BiharFloodAuto] --- Loop #524 starting ---
[2026-09-16 22:31:46] [INFO] [BiharFloodAuto] Executing 'git pull' to check for updates...
[2026-09-16 22:31:50] [INFO] [BiharFloodAuto] Repository is already up to date.
[2026-09-16 22:31:50] [INFO] [BiharFloodAuto] [*] Operation is OFF. Skipping Email Fetch and SFTP copy.
[2026-09-16 22:31:56] [INFO] [BiharFloodAuto] Successfully pushed automation.log to Git.
[2026-09-16 22:31:56] [INFO] [BiharFloodAuto] --- Loop #524 complete ---
[2026-09-16 22:31:56] [INFO] [BiharFloodAuto] Sleeping for 15 minutes. Next check at 22:46:56. (Use 'Run Now' on the dashboard to skip this.)
[2026-09-16 22:46:56] [INFO] [BiharFloodAuto] --- Loop #525 starting ---
[2026-09-16 22:46:56] [INFO] [BiharFloodAuto] Executing 'git pull' to check for updates...
[2026-09-16 22:46:58] [INFO] [BiharFloodAuto] Repository is already up to date.
[2026-09-16 22:46:58] [INFO] [BiharFloodAuto] [*] Operation is OFF. Skipping Email Fetch and SFTP copy.
[2026-09-16 22:47:02] [INFO] [BiharFloodAuto] Successfully pushed automation.log to Git.
[2026-09-16 22:47:02] [INFO] [BiharFloodAuto] --- Loop #525 complete ---
[2026-09-16 22:47:02] [INFO] [BiharFloodAuto] Sleeping for 15 minutes. Next check at 23:02:02. (Use 'Run Now' on the dashboard to skip this.)
[2026-09-16 23:02:02] [INFO] [BiharFloodAuto] --- Loop #526 starting ---
[2026-09-16 23:02:02] [INFO] [BiharFloodAuto] Executing 'git pull' to check for updates...
[2026-09-16 23:02:04] [INFO] [BiharFloodAuto] Repository is already up to date.
[2026-09-16 23:02:04] [INFO] [BiharFloodAuto] [*] Operation is OFF. Skipping Email Fetch and SFTP copy.
[2026-09-16 23:02:08] [INFO] [BiharFloodAuto] Successfully pushed automation.log to Git.
[2026-09-16 23:02:08] [INFO] [BiharFloodAuto] --- Loop #526 complete ---
[2026-09-16 23:02:08] [INFO] [BiharFloodAuto] Sleeping for 15 minutes. Next check at 23:17:08. (Use 'Run Now' on the dashboard to skip this.)
[2026-09-16 23:17:08] [INFO] [BiharFloodAuto] --- Loop #527 starting ---
[2026-09-16 23:17:08] [INFO] [BiharFloodAuto] Executing 'git pull' to check for updates...
[2026-09-16 23:17:11] [INFO] [BiharFloodAuto] Repository is already up to date.
[2026-09-16 23:17:11] [INFO] [BiharFloodAuto] [*] Operation is OFF. Skipping Email Fetch and SFTP copy.
[2026-09-16 23:17:14] [INFO] [BiharFloodAuto] Successfully pushed automation.log to Git.
[2026-09-16 23:17:14] [INFO] [BiharFloodAuto] --- Loop #527 complete ---
[2026-09-16 23:17:14] [INFO] [BiharFloodAuto] Sleeping for 15 minutes. Next check at 23:32:14. (Use 'Run Now' on the dashboard to skip this.)
[2026-09-16 23:32:14] [INFO] [BiharFloodAuto] --- Loop #528 starting ---
[2026-09-16 23:32:14] [INFO] [BiharFloodAuto] Executing 'git pull' to check for updates...
[2026-09-16 23:32:17] [INFO] [BiharFloodAuto] Repository is already up to date.
[2026-09-16 23:32:17] [INFO] [BiharFloodAuto] [*] Operation is OFF. Skipping Email Fetch and SFTP copy.
[2026-09-16 23:32:20] [INFO] [BiharFloodAuto] Successfully pushed automation.log to Git.
[2026-09-16 23:32:20] [INFO] [BiharFloodAuto] --- Loop #528 complete ---
[2026-09-16 23:32:20] [INFO] [BiharFloodAuto] Sleeping for 15 minutes. Next check at 23:47:20. (Use 'Run Now' on the dashboard to skip this.)
[2026-09-16 23:47:20] [INFO] [BiharFloodAuto] --- Loop #529 starting ---
[2026-09-16 23:47:20] [INFO] [BiharFloodAuto] Executing 'git pull' to check for updates...
[2026-09-16 23:47:25] [INFO] [BiharFloodAuto] Repository is already up to date.
[2026-09-16 23:47:25] [INFO] [BiharFloodAuto] [*] Operation is OFF. Skipping Email Fetch and SFTP copy.
[2026-09-16 23:47:29] [INFO] [BiharFloodAuto] Successfully pushed automation.log to Git.
[2026-09-16 23:47:29] [INFO] [BiharFloodAuto] --- Loop #529 complete ---
[2026-09-16 23:47:29] [INFO] [BiharFloodAuto] Sleeping for 15 minutes. Next check at 00:02:29. (Use 'Run Now' on the dashboard to skip this.)
[2026-09-17 00:02:30] [INFO] [BiharFloodAuto] --- Loop #530 starting ---
[2026-09-17 00:02:30] [INFO] [BiharFloodAuto] Executing 'git pull' to check for updates...
[2026-09-17 00:02:32] [INFO] [BiharFloodAuto] Repository is already up to date.
[2026-09-17 00:02:32] [INFO] [BiharFloodAuto] [*] Operation is OFF. Skipping Email Fetch and SFTP copy.
[2026-09-17 00:02:35] [INFO] [BiharFloodAuto] Successfully pushed automation.log to Git.
[2026-09-17 00:02:35] [INFO] [BiharFloodAuto] --- Loop #530 complete ---
[2026-09-17 00:02:35] [INFO] [BiharFloodAuto] Sleeping for 15 minutes. Next check at 00:17:35. (Use 'Run Now' on the dashboard to skip this.)
[2026-09-17 00:17:35] [INFO] [BiharFloodAuto] --- Loop #531 starting ---
[2026-09-17 00:17:35] [INFO] [BiharFloodAuto] Executing 'git pull' to check for updates...
[2026-09-17 00:17:38] [INFO] [BiharFloodAuto] Repository is already up to date.
[2026-09-17 00:17:38] [INFO] [BiharFloodAuto] [*] Operation is OFF. Skipping Email Fetch and SFTP copy.
[2026-09-17 00:17:41] [INFO] [BiharFloodAuto] Successfully pushed automation.log to Git.
[2026-09-17 00:17:41] [INFO] [BiharFloodAuto] --- Loop #531 complete ---
[2026-09-17 00:17:41] [INFO] [BiharFloodAuto] Sleeping for 15 minutes. Next check at 00:32:41. (Use 'Run Now' on the dashboard to skip this.)
[2026-09-17 00:32:41] [INFO] [BiharFloodAuto] --- Loop #532 starting ---
[2026-09-17 00:32:41] [INFO] [BiharFloodAuto] Executing 'git pull' to check for updates...
[2026-09-17 00:32:43] [INFO] [BiharFloodAuto] Repository is already up to date.
[2026-09-17 00:32:44] [INFO] [BiharFloodAuto] [*] Operation is OFF. Skipping Email Fetch and SFTP copy.
[2026-09-17 00:32:47] [INFO] [BiharFloodAuto] Successfully pushed automation.log to Git.
[2026-09-17 00:32:47] [INFO] [BiharFloodAuto] --- Loop #532 complete ---
[2026-09-17 00:32:47] [INFO] [BiharFloodAuto] Sleeping for 15 minutes. Next check at 00:47:47. (Use 'Run Now' on the dashboard to skip this.)
[2026-09-17 00:47:47] [INFO] [BiharFloodAuto] --- Loop #533 starting ---
[2026-09-17 00:47:47] [INFO] [BiharFloodAuto] Executing 'git pull' to check for updates...
[2026-09-17 00:47:49] [INFO] [BiharFloodAuto] Repository is already up to date.
[2026-09-17 00:47:49] [INFO] [BiharFloodAuto] [*] Operation is OFF. Skipping Email Fetch and SFTP copy.
[2026-09-17 00:47:53] [INFO] [BiharFloodAuto] Successfully pushed automation.log to Git.
[2026-09-17 00:47:53] [INFO] [BiharFloodAuto] --- Loop #533 complete ---
[2026-09-17 00:47:53] [INFO] [BiharFloodAuto] Sleeping for 15 minutes. Next check at 01:02:53. (Use 'Run Now' on the dashboard to skip this.)
[2026-09-17 01:02:53] [INFO] [BiharFloodAuto] --- Loop #534 starting ---
[2026-09-17 01:02:53] [INFO] [BiharFloodAuto] Executing 'git pull' to check for updates...
[2026-09-17 01:03:02] [INFO] [BiharFloodAuto] Repository is already up to date.
[2026-09-17 01:03:02] [INFO] [BiharFloodAuto] [*] Operation is OFF. Skipping Email Fetch and SFTP copy.
[2026-09-17 01:03:07] [INFO] [BiharFloodAuto] Successfully pushed automation.log to Git.
[2026-09-17 01:03:07] [INFO] [BiharFloodAuto] --- Loop #534 complete ---
[2026-09-17 01:03:07] [INFO] [BiharFloodAuto] Sleeping for 15 minutes. Next check at 01:18:07. (Use 'Run Now' on the dashboard to skip this.)
[2026-09-17 01:18:07] [INFO] [BiharFloodAuto] --- Loop #535 starting ---
[2026-09-17 01:18:07] [INFO] [BiharFloodAuto] Executing 'git pull' to check for updates...
[2026-09-17 01:18:10] [INFO] [BiharFloodAuto] Repository is already up to date.
[2026-09-17 01:18:10] [INFO] [BiharFloodAuto] [*] Operation is OFF. Skipping Email Fetch and SFTP copy.
[2026-09-17 01:18:13] [INFO] [BiharFloodAuto] Successfully pushed automation.log to Git.
[2026-09-17 01:18:13] [INFO] [BiharFloodAuto] --- Loop #535 complete ---
[2026-09-17 01:18:13] [INFO] [BiharFloodAuto] Sleeping for 15 minutes. Next check at 01:33:13. (Use 'Run Now' on the dashboard to skip this.)
[2026-09-17 01:33:13] [INFO] [BiharFloodAuto] --- Loop #536 starting ---
[2026-09-17 01:33:13] [INFO] [BiharFloodAuto] Executing 'git pull' to check for updates...
[2026-09-17 01:33:15] [INFO] [BiharFloodAuto] Repository is already up to date.
[2026-09-17 01:33:15] [INFO] [BiharFloodAuto] [*] Operation is OFF. Skipping Email Fetch and SFTP copy.
[2026-09-17 01:33:18] [INFO] [BiharFloodAuto] Successfully pushed automation.log to Git.
[2026-09-17 01:33:18] [INFO] [BiharFloodAuto] --- Loop #536 complete ---
[2026-09-17 01:33:18] [INFO] [BiharFloodAuto] Sleeping for 15 minutes. Next check at 01:48:18. (Use 'Run Now' on the dashboard to skip this.)
[2026-09-17 01:48:18] [INFO] [BiharFloodAuto] --- Loop #537 starting ---
[2026-09-17 01:48:18] [INFO] [BiharFloodAuto] Executing 'git pull' to check for updates...
[2026-09-17 01:48:21] [INFO] [BiharFloodAuto] Repository is already up to date.
[2026-09-17 01:48:21] [INFO] [BiharFloodAuto] [*] Operation is OFF. Skipping Email Fetch and SFTP copy.
[2026-09-17 01:48:24] [INFO] [BiharFloodAuto] Successfully pushed automation.log to Git.
[2026-09-17 01:48:24] [INFO] [BiharFloodAuto] --- Loop #537 complete ---
[2026-09-17 01:48:24] [INFO] [BiharFloodAuto] Sleeping for 15 minutes. Next check at 02:03:24. (Use 'Run Now' on the dashboard to skip this.)
[2026-09-17 02:03:24] [INFO] [BiharFloodAuto] --- Loop #538 starting ---
[2026-09-17 02:03:24] [INFO] [BiharFloodAuto] Executing 'git pull' to check for updates...
[2026-09-17 02:03:26] [INFO] [BiharFloodAuto] Repository is already up to date.
[2026-09-17 02:03:26] [INFO] [BiharFloodAuto] [*] Operation is OFF. Skipping Email Fetch and SFTP copy.
[2026-09-17 02:03:29] [INFO] [BiharFloodAuto] Successfully pushed automation.log to Git.
[2026-09-17 02:03:29] [INFO] [BiharFloodAuto] --- Loop #538 complete ---
[2026-09-17 02:03:29] [INFO] [BiharFloodAuto] Sleeping for 15 minutes. Next check at 02:18:29. (Use 'Run Now' on the dashboard to skip this.)
[2026-09-17 02:18:29] [INFO] [BiharFloodAuto] --- Loop #539 starting ---
[2026-09-17 02:18:29] [INFO] [BiharFloodAuto] Executing 'git pull' to check for updates...
[2026-09-17 02:18:32] [INFO] [BiharFloodAuto] Repository is already up to date.
[2026-09-17 02:18:32] [INFO] [BiharFloodAuto] [*] Operation is OFF. Skipping Email Fetch and SFTP copy.
[2026-09-17 02:18:35] [INFO] [BiharFloodAuto] Successfully pushed automation.log to Git.
[2026-09-17 02:18:35] [INFO] [BiharFloodAuto] --- Loop #539 complete ---
[2026-09-17 02:18:35] [INFO] [BiharFloodAuto] Sleeping for 15 minutes. Next check at 02:33:35. (Use 'Run Now' on the dashboard to skip this.)
[2026-09-17 02:33:35] [INFO] [BiharFloodAuto] --- Loop #540 starting ---
[2026-09-17 02:33:35] [INFO] [BiharFloodAuto] Executing 'git pull' to check for updates...
[2026-09-17 02:33:37] [INFO] [BiharFloodAuto] Repository is already up to date.
[2026-09-17 02:33:37] [INFO] [BiharFloodAuto] [*] Operation is OFF. Skipping Email Fetch and SFTP copy.
[2026-09-17 02:33:40] [INFO] [BiharFloodAuto] Successfully pushed automation.log to Git.
[2026-09-17 02:33:40] [INFO] [BiharFloodAuto] --- Loop #540 complete ---
[2026-09-17 02:33:40] [INFO] [BiharFloodAuto] Sleeping for 15 minutes. Next check at 02:48:40. (Use 'Run Now' on the dashboard to skip this.)
[2026-09-17 02:48:40] [INFO] [BiharFloodAuto] --- Loop #541 starting ---
[2026-09-17 02:48:40] [INFO] [BiharFloodAuto] Executing 'git pull' to check for updates...
[2026-09-17 02:48:44] [INFO] [BiharFloodAuto] Repository is already up to date.
[2026-09-17 02:48:44] [INFO] [BiharFloodAuto] [*] Operation is OFF. Skipping Email Fetch and SFTP copy.
[2026-09-17 02:48:48] [INFO] [BiharFloodAuto] Successfully pushed automation.log to Git.
[2026-09-17 02:48:48] [INFO] [BiharFloodAuto] --- Loop #541 complete ---
[2026-09-17 02:48:48] [INFO] [BiharFloodAuto] Sleeping for 15 minutes. Next check at 03:03:48. (Use 'Run Now' on the dashboard to skip this.)
[2026-09-17 03:03:48] [INFO] [BiharFloodAuto] --- Loop #542 starting ---
[2026-09-17 03:03:48] [INFO] [BiharFloodAuto] Executing 'git pull' to check for updates...
[2026-09-17 03:03:50] [INFO] [BiharFloodAuto] Repository is already up to date.
[2026-09-17 03:03:50] [INFO] [BiharFloodAuto] [*] Operation is OFF. Skipping Email Fetch and SFTP copy.
[2026-09-17 03:03:53] [INFO] [BiharFloodAuto] Successfully pushed automation.log to Git.
[2026-09-17 03:03:53] [INFO] [BiharFloodAuto] --- Loop #542 complete ---
[2026-09-17 03:03:53] [INFO] [BiharFloodAuto] Sleeping for 15 minutes. Next check at 03:18:53. (Use 'Run Now' on the dashboard to skip this.)
[2026-09-17 03:18:53] [INFO] [BiharFloodAuto] --- Loop #543 starting ---
[2026-09-17 03:18:53] [INFO] [BiharFloodAuto] Executing 'git pull' to check for updates...
[2026-09-17 03:18:56] [INFO] [BiharFloodAuto] Repository is already up to date.
[2026-09-17 03:18:56] [INFO] [BiharFloodAuto] [*] Operation is OFF. Skipping Email Fetch and SFTP copy.
[2026-09-17 03:18:59] [INFO] [BiharFloodAuto] Successfully pushed automation.log to Git.
[2026-09-17 03:18:59] [INFO] [BiharFloodAuto] --- Loop #543 complete ---
[2026-09-17 03:18:59] [INFO] [BiharFloodAuto] Sleeping for 15 minutes. Next check at 03:33:59. (Use 'Run Now' on the dashboard to skip this.)
[2026-09-17 03:33:59] [INFO] [BiharFloodAuto] --- Loop #544 starting ---
[2026-09-17 03:33:59] [INFO] [BiharFloodAuto] Executing 'git pull' to check for updates...
[2026-09-17 03:34:02] [INFO] [BiharFloodAuto] Repository is already up to date.
[2026-09-17 03:34:02] [INFO] [BiharFloodAuto] [*] Operation is OFF. Skipping Email Fetch and SFTP copy.
[2026-09-17 03:34:06] [INFO] [BiharFloodAuto] Successfully pushed automation.log to Git.
[2026-09-17 03:34:06] [INFO] [BiharFloodAuto] --- Loop #544 complete ---
[2026-09-17 03:34:06] [INFO] [BiharFloodAuto] Sleeping for 15 minutes. Next check at 03:49:06. (Use 'Run Now' on the dashboard to skip this.)
[2026-09-17 03:49:06] [INFO] [BiharFloodAuto] --- Loop #545 starting ---
[2026-09-17 03:49:06] [INFO] [BiharFloodAuto] Executing 'git pull' to check for updates...
[2026-09-17 03:49:08] [INFO] [BiharFloodAuto] Repository is already up to date.
[2026-09-17 03:49:08] [INFO] [BiharFloodAuto] [*] Operation is OFF. Skipping Email Fetch and SFTP copy.
[2026-09-17 03:49:11] [INFO] [BiharFloodAuto] Successfully pushed automation.log to Git.
[2026-09-17 03:49:11] [INFO] [BiharFloodAuto] --- Loop #545 complete ---
[2026-09-17 03:49:11] [INFO] [BiharFloodAuto] Sleeping for 15 minutes. Next check at 04:04:11. (Use 'Run Now' on the dashboard to skip this.)
[2026-09-17 04:04:11] [INFO] [BiharFloodAuto] --- Loop #546 starting ---
[2026-09-17 04:04:11] [INFO] [BiharFloodAuto] Executing 'git pull' to check for updates...
[2026-09-17 04:04:13] [INFO] [BiharFloodAuto] Repository is already up to date.
[2026-09-17 04:04:13] [INFO] [BiharFloodAuto] [*] Operation is OFF. Skipping Email Fetch and SFTP copy.
[2026-09-17 04:04:16] [INFO] [BiharFloodAuto] Successfully pushed automation.log to Git.
[2026-09-17 04:04:16] [INFO] [BiharFloodAuto] --- Loop #546 complete ---
[2026-09-17 04:04:16] [INFO] [BiharFloodAuto] Sleeping for 15 minutes. Next check at 04:19:16. (Use 'Run Now' on the dashboard to skip this.)
[2026-09-17 04:19:16] [INFO] [BiharFloodAuto] --- Loop #547 starting ---
[2026-09-17 04:19:16] [INFO] [BiharFloodAuto] Executing 'git pull' to check for updates...
[2026-09-17 04:19:21] [INFO] [BiharFloodAuto] Repository is already up to date.
[2026-09-17 04:19:21] [INFO] [BiharFloodAuto] [*] Operation is OFF. Skipping Email Fetch and SFTP copy.
[2026-09-17 04:19:25] [INFO] [BiharFloodAuto] Successfully pushed automation.log to Git.
[2026-09-17 04:19:25] [INFO] [BiharFloodAuto] --- Loop #547 complete ---
[2026-09-17 04:19:25] [INFO] [BiharFloodAuto] Sleeping for 15 minutes. Next check at 04:34:25. (Use 'Run Now' on the dashboard to skip this.)
[2026-09-17 04:34:25] [INFO] [BiharFloodAuto] --- Loop #548 starting ---
[2026-09-17 04:34:25] [INFO] [BiharFloodAuto] Executing 'git pull' to check for updates...
[2026-09-17 04:34:28] [INFO] [BiharFloodAuto] Repository is already up to date.
[2026-09-17 04:34:28] [INFO] [BiharFloodAuto] [*] Operation is OFF. Skipping Email Fetch and SFTP copy.
[2026-09-17 04:34:32] [INFO] [BiharFloodAuto] Successfully pushed automation.log to Git.
[2026-09-17 04:34:32] [INFO] [BiharFloodAuto] --- Loop #548 complete ---
[2026-09-17 04:34:32] [INFO] [BiharFloodAuto] Sleeping for 15 minutes. Next check at 04:49:32. (Use 'Run Now' on the dashboard to skip this.)
[2026-09-17 04:49:32] [INFO] [BiharFloodAuto] --- Loop #549 starting ---
[2026-09-17 04:49:32] [INFO] [BiharFloodAuto] Executing 'git pull' to check for updates...
[2026-09-17 04:49:35] [INFO] [BiharFloodAuto] Repository is already up to date.
[2026-09-17 04:49:35] [INFO] [BiharFloodAuto] [*] Operation is OFF. Skipping Email Fetch and SFTP copy.
[2026-09-17 04:49:39] [INFO] [BiharFloodAuto] Successfully pushed automation.log to Git.
[2026-09-17 04:49:39] [INFO] [BiharFloodAuto] --- Loop #549 complete ---
[2026-09-17 04:49:39] [INFO] [BiharFloodAuto] Sleeping for 15 minutes. Next check at 05:04:39. (Use 'Run Now' on the dashboard to skip this.)
[2026-09-17 05:04:39] [INFO] [BiharFloodAuto] --- Loop #550 starting ---
[2026-09-17 05:04:39] [INFO] [BiharFloodAuto] Executing 'git pull' to check for updates...
[2026-09-17 05:04:42] [INFO] [BiharFloodAuto] Repository is already up to date.
[2026-09-17 05:04:42] [INFO] [BiharFloodAuto] [*] Operation is OFF. Skipping Email Fetch and SFTP copy.
[2026-09-17 05:04:45] [INFO] [BiharFloodAuto] Successfully pushed automation.log to Git.
[2026-09-17 05:04:45] [INFO] [BiharFloodAuto] --- Loop #550 complete ---
[2026-09-17 05:04:45] [INFO] [BiharFloodAuto] Sleeping for 15 minutes. Next check at 05:19:45. (Use 'Run Now' on the dashboard to skip this.)
[2026-09-17 05:19:45] [INFO] [BiharFloodAuto] --- Loop #551 starting ---
[2026-09-17 05:19:45] [INFO] [BiharFloodAuto] Executing 'git pull' to check for updates...
[2026-09-17 05:19:48] [INFO] [BiharFloodAuto] Repository is already up to date.
[2026-09-17 05:19:48] [INFO] [BiharFloodAuto] [*] Operation is OFF. Skipping Email Fetch and SFTP copy.
[2026-09-17 05:19:51] [INFO] [BiharFloodAuto] Successfully pushed automation.log to Git.
[2026-09-17 05:19:51] [INFO] [BiharFloodAuto] --- Loop #551 complete ---
[2026-09-17 05:19:51] [INFO] [BiharFloodAuto] Sleeping for 15 minutes. Next check at 05:34:51. (Use 'Run Now' on the dashboard to skip this.)
[2026-09-17 05:34:51] [INFO] [BiharFloodAuto] --- Loop #552 starting ---
[2026-09-17 05:34:51] [INFO] [BiharFloodAuto] Executing 'git pull' to check for updates...
[2026-09-17 05:34:53] [INFO] [BiharFloodAuto] Repository is already up to date.
[2026-09-17 05:34:53] [INFO] [BiharFloodAuto] [*] Operation is OFF. Skipping Email Fetch and SFTP copy.
[2026-09-17 05:34:57] [INFO] [BiharFloodAuto] Successfully pushed automation.log to Git.
[2026-09-17 05:34:57] [INFO] [BiharFloodAuto] --- Loop #552 complete ---
[2026-09-17 05:34:57] [INFO] [BiharFloodAuto] Sleeping for 15 minutes. Next check at 05:49:57. (Use 'Run Now' on the dashboard to skip this.)
[2026-09-17 05:49:57] [INFO] [BiharFloodAuto] --- Loop #553 starting ---
[2026-09-17 05:49:57] [INFO] [BiharFloodAuto] Executing 'git pull' to check for updates...
[2026-09-17 05:49:59] [INFO] [BiharFloodAuto] Repository is already up to date.
[2026-09-17 05:49:59] [INFO] [BiharFloodAuto] [*] Operation is OFF. Skipping Email Fetch and SFTP copy.
[2026-09-17 05:50:02] [INFO] [BiharFloodAuto] Successfully pushed automation.log to Git.
[2026-09-17 05:50:02] [INFO] [BiharFloodAuto] --- Loop #553 complete ---
[2026-09-17 05:50:02] [INFO] [BiharFloodAuto] Sleeping for 15 minutes. Next check at 06:05:02. (Use 'Run Now' on the dashboard to skip this.)
[2026-09-17 06:05:02] [INFO] [BiharFloodAuto] --- Loop #554 starting ---
[2026-09-17 06:05:02] [INFO] [BiharFloodAuto] Executing 'git pull' to check for updates...
[2026-09-17 06:05:05] [INFO] [BiharFloodAuto] Repository is already up to date.
[2026-09-17 06:05:05] [INFO] [BiharFloodAuto] [*] Operation is OFF. Skipping Email Fetch and SFTP copy.
[2026-09-17 06:05:08] [INFO] [BiharFloodAuto] Successfully pushed automation.log to Git.
[2026-09-17 06:05:08] [INFO] [BiharFloodAuto] --- Loop #554 complete ---
[2026-09-17 06:05:08] [INFO] [BiharFloodAuto] Sleeping for 15 minutes. Next check at 06:20:08. (Use 'Run Now' on the dashboard to skip this.)
[2026-09-17 06:20:08] [INFO] [BiharFloodAuto] --- Loop #555 starting ---
[2026-09-17 06:20:08] [INFO] [BiharFloodAuto] Executing 'git pull' to check for updates...
[2026-09-17 06:20:10] [INFO] [BiharFloodAuto] Repository is already up to date.
[2026-09-17 06:20:10] [INFO] [BiharFloodAuto] [*] Operation is OFF. Skipping Email Fetch and SFTP copy.
[2026-09-17 06:20:14] [INFO] [BiharFloodAuto] Successfully pushed automation.log to Git.
[2026-09-17 06:20:14] [INFO] [BiharFloodAuto] --- Loop #555 complete ---
[2026-09-17 06:20:14] [INFO] [BiharFloodAuto] Sleeping for 15 minutes. Next check at 06:35:14. (Use 'Run Now' on the dashboard to skip this.)
[2026-09-17 06:35:14] [INFO] [BiharFloodAuto] --- Loop #556 starting ---
[2026-09-17 06:35:14] [INFO] [BiharFloodAuto] Executing 'git pull' to check for updates...
[2026-09-17 06:35:16] [INFO] [BiharFloodAuto] Repository is already up to date.
[2026-09-17 06:35:16] [INFO] [BiharFloodAuto] [*] Operation is OFF. Skipping Email Fetch and SFTP copy.
[2026-09-17 06:35:19] [INFO] [BiharFloodAuto] Successfully pushed automation.log to Git.
[2026-09-17 06:35:19] [INFO] [BiharFloodAuto] --- Loop #556 complete ---
[2026-09-17 06:35:19] [INFO] [BiharFloodAuto] Sleeping for 15 minutes. Next check at 06:50:19. (Use 'Run Now' on the dashboard to skip this.)
[2026-09-17 06:50:19] [INFO] [BiharFloodAuto] --- Loop #557 starting ---
[2026-09-17 06:50:19] [INFO] [BiharFloodAuto] Executing 'git pull' to check for updates...
[2026-09-17 06:50:22] [INFO] [BiharFloodAuto] Repository is already up to date.
[2026-09-17 06:50:22] [INFO] [BiharFloodAuto] [*] Operation is OFF. Skipping Email Fetch and SFTP copy.
[2026-09-17 06:50:25] [INFO] [BiharFloodAuto] Successfully pushed automation.log to Git.
[2026-09-17 06:50:25] [INFO] [BiharFloodAuto] --- Loop #557 complete ---
[2026-09-17 06:50:25] [INFO] [BiharFloodAuto] Sleeping for 15 minutes. Next check at 07:05:25. (Use 'Run Now' on the dashboard to skip this.)
[2026-09-17 07:05:25] [INFO] [BiharFloodAuto] --- Loop #558 starting ---
[2026-09-17 07:05:25] [INFO] [BiharFloodAuto] Executing 'git pull' to check for updates...
[2026-09-17 07:05:28] [INFO] [BiharFloodAuto] Repository is already up to date.
[2026-09-17 07:05:28] [INFO] [BiharFloodAuto] [*] Operation is OFF. Skipping Email Fetch and SFTP copy.
[2026-09-17 07:05:31] [INFO] [BiharFloodAuto] Successfully pushed automation.log to Git.
[2026-09-17 07:05:31] [INFO] [BiharFloodAuto] --- Loop #558 complete ---
[2026-09-17 07:05:31] [INFO] [BiharFloodAuto] Sleeping for 15 minutes. Next check at 07:20:31. (Use 'Run Now' on the dashboard to skip this.)
[2026-09-17 07:20:31] [INFO] [BiharFloodAuto] --- Loop #559 starting ---
[2026-09-17 07:20:31] [INFO] [BiharFloodAuto] Executing 'git pull' to check for updates...
[2026-09-17 07:20:34] [INFO] [BiharFloodAuto] Repository is already up to date.
[2026-09-17 07:20:34] [INFO] [BiharFloodAuto] [*] Operation is OFF. Skipping Email Fetch and SFTP copy.
[2026-09-17 07:20:37] [INFO] [BiharFloodAuto] Successfully pushed automation.log to Git.
[2026-09-17 07:20:37] [INFO] [BiharFloodAuto] --- Loop #559 complete ---
[2026-09-17 07:20:37] [INFO] [BiharFloodAuto] Sleeping for 15 minutes. Next check at 07:35:37. (Use 'Run Now' on the dashboard to skip this.)
[2026-09-17 07:35:37] [INFO] [BiharFloodAuto] --- Loop #560 starting ---
[2026-09-17 07:35:37] [INFO] [BiharFloodAuto] Executing 'git pull' to check for updates...
[2026-09-17 07:35:39] [INFO] [BiharFloodAuto] Repository is already up to date.
[2026-09-17 07:35:39] [INFO] [BiharFloodAuto] [*] Operation is OFF. Skipping Email Fetch and SFTP copy.
[2026-09-17 07:35:42] [INFO] [BiharFloodAuto] Successfully pushed automation.log to Git.
[2026-09-17 07:35:42] [INFO] [BiharFloodAuto] --- Loop #560 complete ---
[2026-09-17 07:35:42] [INFO] [BiharFloodAuto] Sleeping for 15 minutes. Next check at 07:50:42. (Use 'Run Now' on the dashboard to skip this.)
[2026-09-17 07:50:42] [INFO] [BiharFloodAuto] --- Loop #561 starting ---
[2026-09-17 07:50:42] [INFO] [BiharFloodAuto] Executing 'git pull' to check for updates...
[2026-09-17 07:50:45] [INFO] [BiharFloodAuto] Repository is already up to date.
[2026-09-17 07:50:45] [INFO] [BiharFloodAuto] [*] Operation is OFF. Skipping Email Fetch and SFTP copy.
[2026-09-17 07:50:48] [INFO] [BiharFloodAuto] Successfully pushed automation.log to Git.
[2026-09-17 07:50:48] [INFO] [BiharFloodAuto] --- Loop #561 complete ---
[2026-09-17 07:50:48] [INFO] [BiharFloodAuto] Sleeping for 15 minutes. Next check at 08:05:48. (Use 'Run Now' on the dashboard to skip this.)
[2026-09-17 08:05:48] [INFO] [BiharFloodAuto] --- Loop #562 starting ---
[2026-09-17 08:05:48] [INFO] [BiharFloodAuto] Executing 'git pull' to check for updates...
[2026-09-17 08:05:51] [INFO] [BiharFloodAuto] Repository is already up to date.
[2026-09-17 08:05:51] [INFO] [BiharFloodAuto] [*] Operation is OFF. Skipping Email Fetch and SFTP copy.
[2026-09-17 08:05:54] [INFO] [BiharFloodAuto] Successfully pushed automation.log to Git.
[2026-09-17 08:05:54] [INFO] [BiharFloodAuto] --- Loop #562 complete ---
[2026-09-17 08:05:54] [INFO] [BiharFloodAuto] Sleeping for 15 minutes. Next check at 08:20:54. (Use 'Run Now' on the dashboard to skip this.)
[2026-09-17 08:20:54] [INFO] [BiharFloodAuto] --- Loop #563 starting ---
[2026-09-17 08:20:54] [INFO] [BiharFloodAuto] Executing 'git pull' to check for updates...
[2026-09-17 08:20:57] [INFO] [BiharFloodAuto] Repository is already up to date.
[2026-09-17 08:20:57] [INFO] [BiharFloodAuto] [*] Operation is OFF. Skipping Email Fetch and SFTP copy.
[2026-09-17 08:21:01] [INFO] [BiharFloodAuto] Successfully pushed automation.log to Git.
[2026-09-17 08:21:01] [INFO] [BiharFloodAuto] --- Loop #563 complete ---
[2026-09-17 08:21:01] [INFO] [BiharFloodAuto] Sleeping for 15 minutes. Next check at 08:36:01. (Use 'Run Now' on the dashboard to skip this.)
[2026-09-17 08:36:01] [INFO] [BiharFloodAuto] --- Loop #564 starting ---
[2026-09-17 08:36:01] [INFO] [BiharFloodAuto] Executing 'git pull' to check for updates...
[2026-09-17 08:36:04] [INFO] [BiharFloodAuto] Repository is already up to date.
[2026-09-17 08:36:04] [INFO] [BiharFloodAuto] [*] Operation is OFF. Skipping Email Fetch and SFTP copy.
[2026-09-17 08:36:07] [INFO] [BiharFloodAuto] Successfully pushed automation.log to Git.
[2026-09-17 08:36:07] [INFO] [BiharFloodAuto] --- Loop #564 complete ---
[2026-09-17 08:36:07] [INFO] [BiharFloodAuto] Sleeping for 15 minutes. Next check at 08:51:07. (Use 'Run Now' on the dashboard to skip this.)
[2026-09-17 08:51:07] [INFO] [BiharFloodAuto] --- Loop #565 starting ---
[2026-09-17 08:51:07] [INFO] [BiharFloodAuto] Executing 'git pull' to check for updates...
[2026-09-17 08:51:10] [INFO] [BiharFloodAuto] Repository is already up to date.
[2026-09-17 08:51:10] [INFO] [BiharFloodAuto] [*] Operation is OFF. Skipping Email Fetch and SFTP copy.
[2026-09-17 08:51:13] [INFO] [BiharFloodAuto] Successfully pushed automation.log to Git.
[2026-09-17 08:51:13] [INFO] [BiharFloodAuto] --- Loop #565 complete ---
[2026-09-17 08:51:13] [INFO] [BiharFloodAuto] Sleeping for 15 minutes. Next check at 09:06:13. (Use 'Run Now' on the dashboard to skip this.)
[2026-09-17 09:06:13] [INFO] [BiharFloodAuto] --- Loop #566 starting ---
[2026-09-17 09:06:13] [INFO] [BiharFloodAuto] Executing 'git pull' to check for updates...
[2026-09-17 09:06:16] [INFO] [BiharFloodAuto] Repository is already up to date.
[2026-09-17 09:06:16] [INFO] [BiharFloodAuto] [*] Operation is OFF. Skipping Email Fetch and SFTP copy.
[2026-09-17 09:06:19] [INFO] [BiharFloodAuto] Successfully pushed automation.log to Git.
[2026-09-17 09:06:19] [INFO] [BiharFloodAuto] --- Loop #566 complete ---
[2026-09-17 09:06:19] [INFO] [BiharFloodAuto] Sleeping for 15 minutes. Next check at 09:21:19. (Use 'Run Now' on the dashboard to skip this.)
[2026-09-17 09:21:19] [INFO] [BiharFloodAuto] --- Loop #567 starting ---
[2026-09-17 09:21:19] [INFO] [BiharFloodAuto] Executing 'git pull' to check for updates...
[2026-09-17 09:21:23] [INFO] [BiharFloodAuto] Repository is already up to date.
[2026-09-17 09:21:23] [INFO] [BiharFloodAuto] [*] Operation is OFF. Skipping Email Fetch and SFTP copy.
[2026-09-17 09:21:26] [INFO] [BiharFloodAuto] Successfully pushed automation.log to Git.
[2026-09-17 09:21:26] [INFO] [BiharFloodAuto] --- Loop #567 complete ---
[2026-09-17 09:21:26] [INFO] [BiharFloodAuto] Sleeping for 15 minutes. Next check at 09:36:26. (Use 'Run Now' on the dashboard to skip this.)
[2026-09-17 09:36:26] [INFO] [BiharFloodAuto] --- Loop #568 starting ---
[2026-09-17 09:36:26] [INFO] [BiharFloodAuto] Executing 'git pull' to check for updates...
[2026-09-17 09:36:30] [INFO] [BiharFloodAuto] Repository is already up to date.
[2026-09-17 09:36:30] [INFO] [BiharFloodAuto] [*] Operation is OFF. Skipping Email Fetch and SFTP copy.
[2026-09-17 09:36:34] [INFO] [BiharFloodAuto] Successfully pushed automation.log to Git.
[2026-09-17 09:36:34] [INFO] [BiharFloodAuto] --- Loop #568 complete ---
[2026-09-17 09:36:34] [INFO] [BiharFloodAuto] Sleeping for 15 minutes. Next check at 09:51:34. (Use 'Run Now' on the dashboard to skip this.)
[2026-09-17 09:51:34] [INFO] [BiharFloodAuto] --- Loop #569 starting ---
[2026-09-17 09:51:34] [INFO] [BiharFloodAuto] Executing 'git pull' to check for updates...
[2026-09-17 09:51:37] [INFO] [BiharFloodAuto] Repository is already up to date.
[2026-09-17 09:51:37] [INFO] [BiharFloodAuto] [*] Operation is OFF. Skipping Email Fetch and SFTP copy.
[2026-09-17 09:51:42] [INFO] [BiharFloodAuto] Successfully pushed automation.log to Git.
[2026-09-17 09:51:42] [INFO] [BiharFloodAuto] --- Loop #569 complete ---
[2026-09-17 09:51:42] [INFO] [BiharFloodAuto] Sleeping for 15 minutes. Next check at 10:06:42. (Use 'Run Now' on the dashboard to skip this.)
[2026-09-17 10:06:42] [INFO] [BiharFloodAuto] --- Loop #570 starting ---
[2026-09-17 10:06:42] [INFO] [BiharFloodAuto] Executing 'git pull' to check for updates...
[2026-09-17 10:06:45] [INFO] [BiharFloodAuto] Repository is already up to date.
[2026-09-17 10:06:45] [INFO] [BiharFloodAuto] [*] Operation is OFF. Skipping Email Fetch and SFTP copy.
[2026-09-17 10:06:49] [INFO] [BiharFloodAuto] Successfully pushed automation.log to Git.
[2026-09-17 10:06:49] [INFO] [BiharFloodAuto] --- Loop #570 complete ---
[2026-09-17 10:06:49] [INFO] [BiharFloodAuto] Sleeping for 15 minutes. Next check at 10:21:49. (Use 'Run Now' on the dashboard to skip this.)
[2026-09-17 10:21:49] [INFO] [BiharFloodAuto] --- Loop #571 starting ---
[2026-09-17 10:21:49] [INFO] [BiharFloodAuto] Executing 'git pull' to check for updates...
[2026-09-17 10:21:52] [INFO] [BiharFloodAuto] Repository is already up to date.
[2026-09-17 10:21:52] [INFO] [BiharFloodAuto] [*] Operation is OFF. Skipping Email Fetch and SFTP copy.
[2026-09-17 10:21:56] [INFO] [BiharFloodAuto] Successfully pushed automation.log to Git.
[2026-09-17 10:21:56] [INFO] [BiharFloodAuto] --- Loop #571 complete ---
[2026-09-17 10:21:56] [INFO] [BiharFloodAuto] Sleeping for 15 minutes. Next check at 10:36:56. (Use 'Run Now' on the dashboard to skip this.)
[2026-09-17 10:36:56] [INFO] [BiharFloodAuto] --- Loop #572 starting ---
[2026-09-17 10:36:56] [INFO] [BiharFloodAuto] Executing 'git pull' to check for updates...
[2026-09-17 10:37:02] [INFO] [BiharFloodAuto] Repository is already up to date.
[2026-09-17 10:37:02] [INFO] [BiharFloodAuto] [*] Operation is OFF. Skipping Email Fetch and SFTP copy.
[2026-09-17 10:37:06] [INFO] [BiharFloodAuto] Successfully pushed automation.log to Git.
[2026-09-17 10:37:06] [INFO] [BiharFloodAuto] --- Loop #572 complete ---
[2026-09-17 10:37:06] [INFO] [BiharFloodAuto] Sleeping for 15 minutes. Next check at 10:52:06. (Use 'Run Now' on the dashboard to skip this.)
[2026-09-17 10:52:06] [INFO] [BiharFloodAuto] --- Loop #573 starting ---
[2026-09-17 10:52:06] [INFO] [BiharFloodAuto] Executing 'git pull' to check for updates...
[2026-09-17 10:52:10] [INFO] [BiharFloodAuto] Repository is already up to date.
[2026-09-17 10:52:10] [INFO] [BiharFloodAuto] [*] Operation is OFF. Skipping Email Fetch and SFTP copy.
[2026-09-17 10:52:14] [INFO] [BiharFloodAuto] Successfully pushed automation.log to Git.
[2026-09-17 10:52:14] [INFO] [BiharFloodAuto] --- Loop #573 complete ---
[2026-09-17 10:52:14] [INFO] [BiharFloodAuto] Sleeping for 15 minutes. Next check at 11:07:14. (Use 'Run Now' on the dashboard to skip this.)
[2026-09-17 11:07:14] [INFO] [BiharFloodAuto] --- Loop #574 starting ---
[2026-09-17 11:07:14] [INFO] [BiharFloodAuto] Executing 'git pull' to check for updates...
[2026-09-17 11:07:17] [INFO] [BiharFloodAuto] Repository is already up to date.
[2026-09-17 11:07:17] [INFO] [BiharFloodAuto] [*] Operation is OFF. Skipping Email Fetch and SFTP copy.
[2026-09-17 11:07:20] [INFO] [BiharFloodAuto] Successfully pushed automation.log to Git.
[2026-09-17 11:07:20] [INFO] [BiharFloodAuto] --- Loop #574 complete ---
[2026-09-17 11:07:20] [INFO] [BiharFloodAuto] Sleeping for 15 minutes. Next check at 11:22:20. (Use 'Run Now' on the dashboard to skip this.)
[2026-09-17 11:10:45] [INFO] [BiharFloodAuto] Manual 'Run Now' triggered via dashboard.
[2026-09-17 11:10:45] [INFO] [BiharFloodAuto] Manual 'Run Now' triggered from dashboard — skipping remaining sleep.
[2026-09-17 11:10:45] [INFO] [BiharFloodAuto] --- Loop #575 starting ---
[2026-09-17 11:10:45] [INFO] [BiharFloodAuto] Executing 'git pull' to check for updates...
[2026-09-17 11:10:48] [INFO] [BiharFloodAuto] Git pull downloaded new changes. HEAD moved from 9693581 to 20b44bf.
[2026-09-17 11:10:49] [INFO] [BiharFloodAuto] Searching Gmail for emails with 'Inundation Probability' from the last 15 days...
[2026-09-17 11:10:51] [INFO] [BiharFloodAuto] [MATCH] Found email with Subject: 'Inundation Probability 17-09-2026 AND 18-09-2026'
[2026-09-17 11:10:51] [INFO] [BiharFloodAuto]    -> Downloading: 18092026.zip (Saving as 18092026.zip)
[2026-09-17 11:11:12] [INFO] [BiharFloodAuto]    -> Saved successfully to /home/sac/Documents/Bihar_Flood_Automate/bihar_flood_automate/18092026.zip
[2026-09-17 11:11:12] [INFO] [BiharFloodAuto]    -> Downloading: 17092026.zip (Saving as 17092026.zip)
[2026-09-17 11:11:44] [INFO] [BiharFloodAuto]    -> Saved successfully to /home/sac/Documents/Bihar_Flood_Automate/bihar_flood_automate/17092026.zip
[2026-09-17 11:11:45] [INFO] [BiharFloodAuto]    -> Marked email as read (cosmetic only).
[2026-09-17 11:11:45] [INFO] [BiharFloodAuto] [MATCH] Found email with Subject: 'Inundation Probability 16-09-2026 AND 17-09-2026'
[2026-09-17 11:11:45] [INFO] [BiharFloodAuto]    -> Downloading: 16092026.zip (Saving as 16092026.zip)
[2026-09-17 11:12:24] [INFO] [BiharFloodAuto]    -> Saved successfully to /home/sac/Documents/Bihar_Flood_Automate/bihar_flood_automate/16092026.zip
[2026-09-17 11:12:24] [INFO] [BiharFloodAuto]    -> Downloading: 17092026.zip (Saving as 17092026.zip)
[2026-09-17 11:13:05] [INFO] [BiharFloodAuto]    -> Saved successfully to /home/sac/Documents/Bihar_Flood_Automate/bihar_flood_automate/17092026.zip
[2026-09-17 11:13:06] [INFO] [BiharFloodAuto]    -> Marked email as read (cosmetic only).
[2026-09-17 11:13:06] [INFO] [paramiko.transport] Connected (version 2.0, client OpenSSH_8.9p1)
[2026-09-17 11:13:06] [INFO] [paramiko.transport] Authentication (password) successful!
[2026-09-17 11:13:06] [INFO] [paramiko.transport.sftp] [chan 0] Opened sftp connection (server version 3)
[2026-09-17 11:13:06] [INFO] [BiharFloodAuto] [+] Overwriting: 29082026.zip -> server...
[2026-09-17 11:13:06] [INFO] [BiharFloodAuto] [+] Overwriting: 16092026.zip -> server...
[2026-09-17 11:13:06] [INFO] [BiharFloodAuto] [+] Overwriting: 18092026.zip -> server...
[2026-09-17 11:13:06] [INFO] [BiharFloodAuto] [+] Overwriting: 11092026.zip -> server...
[2026-09-17 11:13:06] [INFO] [BiharFloodAuto] [+] Overwriting: 28082026.zip -> server...
[2026-09-17 11:13:06] [INFO] [BiharFloodAuto] [+] Overwriting: 05092026.zip -> server...
[2026-09-17 11:13:06] [INFO] [BiharFloodAuto] [+] Overwriting: 12092026.zip -> server...
[2026-09-17 11:13:07] [INFO] [BiharFloodAuto] [+] Overwriting: 07092026.zip -> server...
[2026-09-17 11:13:07] [INFO] [BiharFloodAuto] [+] Overwriting: 17092026.zip -> server...
[2026-09-17 11:13:07] [INFO] [BiharFloodAuto] [+] Overwriting: 13092026.zip -> server...
[2026-09-17 11:13:07] [INFO] [BiharFloodAuto] [+] Overwriting: 08092026.zip -> server...
[2026-09-17 11:13:07] [INFO] [BiharFloodAuto] [+] Overwriting: 14092026.zip -> server...
[2026-09-17 11:13:07] [INFO] [BiharFloodAuto] [+] Overwriting: 02092026.zip -> server...
[2026-09-17 11:13:07] [INFO] [BiharFloodAuto] [+] Overwriting: 27082026.zip -> server...
[2026-09-17 11:13:07] [INFO] [BiharFloodAuto] [+] Overwriting: 09092026.zip -> server...
[2026-09-17 11:13:07] [INFO] [BiharFloodAuto] [+] Overwriting: 10092026.zip -> server...
[2026-09-17 11:13:07] [INFO] [BiharFloodAuto] [+] Overwriting: 06092026.zip -> server...
[2026-09-17 11:13:07] [INFO] [BiharFloodAuto] [+] Overwriting: 30082026.zip -> server...
[2026-09-17 11:13:07] [INFO] [BiharFloodAuto] [+] Overwriting: 15092026.zip -> server...
[2026-09-17 11:13:07] [INFO] [BiharFloodAuto] [+] Overwriting: 01092026.zip -> server...
[2026-09-17 11:13:07] [INFO] [BiharFloodAuto] [+] Overwriting: 04092026.zip -> server...
[2026-09-17 11:13:07] [INFO] [BiharFloodAuto] [+] Overwriting: 31082026.zip -> server...
[2026-09-17 11:13:07] [INFO] [BiharFloodAuto] [+] Overwriting: 03092026.zip -> server...
[2026-09-17 11:13:08] [INFO] [BiharFloodAuto] [+] Successfully copied 23 file(s).
[2026-09-17 11:13:08] [INFO] [paramiko.transport.sftp] [chan 0] sftp session closed.
[2026-09-17 11:13:11] [INFO] [BiharFloodAuto] Successfully pushed automation.log to Git.
[2026-09-17 11:13:11] [INFO] [BiharFloodAuto] --- Loop #575 complete ---
[2026-09-17 11:13:11] [INFO] [BiharFloodAuto] Sleeping for 15 minutes. Next check at 11:28:11. (Use 'Run Now' on the dashboard to skip this.)
[2026-09-17 11:28:11] [INFO] [BiharFloodAuto] --- Loop #576 starting ---
[2026-09-17 11:28:11] [INFO] [BiharFloodAuto] Executing 'git pull' to check for updates...
[2026-09-17 11:28:14] [INFO] [BiharFloodAuto] Repository is already up to date.
[2026-09-17 11:28:14] [INFO] [BiharFloodAuto] Searching Gmail for emails with 'Inundation Probability' from the last 15 days...
[2026-09-17 11:28:15] [INFO] [BiharFloodAuto] No new (undownloaded) matching emails found.
[2026-09-17 11:28:15] [INFO] [paramiko.transport] Connected (version 2.0, client OpenSSH_8.9p1)
[2026-09-17 11:28:15] [INFO] [paramiko.transport] Authentication (password) successful!
[2026-09-17 11:28:15] [INFO] [paramiko.transport.sftp] [chan 0] Opened sftp connection (server version 3)
[2026-09-17 11:28:15] [INFO] [BiharFloodAuto] [+] Overwriting: 29082026.zip -> server...
[2026-09-17 11:28:15] [INFO] [BiharFloodAuto] [+] Overwriting: 16092026.zip -> server...
[2026-09-17 11:28:15] [INFO] [BiharFloodAuto] [+] Overwriting: 18092026.zip -> server...
[2026-09-17 11:28:15] [INFO] [BiharFloodAuto] [+] Overwriting: 11092026.zip -> server...
[2026-09-17 11:28:15] [INFO] [BiharFloodAuto] [+] Overwriting: 28082026.zip -> server...
[2026-09-17 11:28:15] [INFO] [BiharFloodAuto] [+] Overwriting: 05092026.zip -> server...
[2026-09-17 11:28:16] [INFO] [BiharFloodAuto] [+] Overwriting: 12092026.zip -> server...
[2026-09-17 11:28:16] [INFO] [BiharFloodAuto] [+] Overwriting: 07092026.zip -> server...
[2026-09-17 11:28:16] [INFO] [BiharFloodAuto] [+] Overwriting: 17092026.zip -> server...
[2026-09-17 11:28:16] [INFO] [BiharFloodAuto] [+] Overwriting: 13092026.zip -> server...
[2026-09-17 11:28:16] [INFO] [BiharFloodAuto] [+] Overwriting: 08092026.zip -> server...
[2026-09-17 11:28:16] [INFO] [BiharFloodAuto] [+] Overwriting: 14092026.zip -> server...
[2026-09-17 11:28:16] [INFO] [BiharFloodAuto] [+] Overwriting: 02092026.zip -> server...
[2026-09-17 11:28:16] [INFO] [BiharFloodAuto] [+] Overwriting: 27082026.zip -> server...
[2026-09-17 11:28:16] [INFO] [BiharFloodAuto] [+] Overwriting: 09092026.zip -> server...
[2026-09-17 11:28:16] [INFO] [BiharFloodAuto] [+] Overwriting: 10092026.zip -> server...
[2026-09-17 11:28:16] [INFO] [BiharFloodAuto] [+] Overwriting: 06092026.zip -> server...
[2026-09-17 11:28:16] [INFO] [BiharFloodAuto] [+] Overwriting: 30082026.zip -> server...
[2026-09-17 11:28:16] [INFO] [BiharFloodAuto] [+] Overwriting: 15092026.zip -> server...
[2026-09-17 11:28:16] [INFO] [BiharFloodAuto] [+] Overwriting: 01092026.zip -> server...
[2026-09-17 11:28:16] [INFO] [BiharFloodAuto] [+] Overwriting: 04092026.zip -> server...
[2026-09-17 11:28:16] [INFO] [BiharFloodAuto] [+] Overwriting: 31082026.zip -> server...
[2026-09-17 11:28:16] [INFO] [BiharFloodAuto] [+] Overwriting: 03092026.zip -> server...
[2026-09-17 11:28:16] [INFO] [BiharFloodAuto] [+] Successfully copied 23 file(s).
[2026-09-17 11:28:16] [INFO] [paramiko.transport.sftp] [chan 0] sftp session closed.
[2026-09-17 11:28:20] [INFO] [BiharFloodAuto] Successfully pushed automation.log to Git.
[2026-09-17 11:28:20] [INFO] [BiharFloodAuto] --- Loop #576 complete ---
[2026-09-17 11:28:20] [INFO] [BiharFloodAuto] Sleeping for 15 minutes. Next check at 11:43:20. (Use 'Run Now' on the dashboard to skip this.)
[2026-09-17 11:43:20] [INFO] [BiharFloodAuto] --- Loop #577 starting ---
[2026-09-17 11:43:20] [INFO] [BiharFloodAuto] Executing 'git pull' to check for updates...
[2026-09-17 11:43:22] [INFO] [BiharFloodAuto] Repository is already up to date.
[2026-09-17 11:43:22] [INFO] [BiharFloodAuto] Searching Gmail for emails with 'Inundation Probability' from the last 15 days...
[2026-09-17 11:43:24] [INFO] [BiharFloodAuto] No new (undownloaded) matching emails found.
[2026-09-17 11:43:24] [INFO] [paramiko.transport] Connected (version 2.0, client OpenSSH_8.9p1)
[2026-09-17 11:43:24] [INFO] [paramiko.transport] Authentication (password) successful!
[2026-09-17 11:43:24] [INFO] [paramiko.transport.sftp] [chan 0] Opened sftp connection (server version 3)
[2026-09-17 11:43:24] [INFO] [BiharFloodAuto] [+] Overwriting: 29082026.zip -> server...
[2026-09-17 11:43:24] [INFO] [BiharFloodAuto] [+] Overwriting: 16092026.zip -> server...
[2026-09-17 11:43:24] [INFO] [BiharFloodAuto] [+] Overwriting: 18092026.zip -> server...
[2026-09-17 11:43:24] [INFO] [BiharFloodAuto] [+] Overwriting: 11092026.zip -> server...
[2026-09-17 11:43:24] [INFO] [BiharFloodAuto] [+] Overwriting: 28082026.zip -> server...
[2026-09-17 11:43:24] [INFO] [BiharFloodAuto] [+] Overwriting: 05092026.zip -> server...
[2026-09-17 11:43:24] [INFO] [BiharFloodAuto] [+] Overwriting: 12092026.zip -> server...
[2026-09-17 11:43:24] [INFO] [BiharFloodAuto] [+] Overwriting: 07092026.zip -> server...
[2026-09-17 11:43:25] [INFO] [BiharFloodAuto] [+] Overwriting: 17092026.zip -> server...
[2026-09-17 11:43:25] [INFO] [BiharFloodAuto] [+] Overwriting: 13092026.zip -> server...
[2026-09-17 11:43:25] [INFO] [BiharFloodAuto] [+] Overwriting: 08092026.zip -> server...
[2026-09-17 11:43:25] [INFO] [BiharFloodAuto] [+] Overwriting: 14092026.zip -> server...
[2026-09-17 11:43:25] [INFO] [BiharFloodAuto] [+] Overwriting: 02092026.zip -> server...
[2026-09-17 11:43:25] [INFO] [BiharFloodAuto] [+] Overwriting: 27082026.zip -> server...
[2026-09-17 11:43:25] [INFO] [BiharFloodAuto] [+] Overwriting: 09092026.zip -> server...
[2026-09-17 11:43:25] [INFO] [BiharFloodAuto] [+] Overwriting: 10092026.zip -> server...
[2026-09-17 11:43:25] [INFO] [BiharFloodAuto] [+] Overwriting: 06092026.zip -> server...
[2026-09-17 11:43:25] [INFO] [BiharFloodAuto] [+] Overwriting: 30082026.zip -> server...
[2026-09-17 11:43:25] [INFO] [BiharFloodAuto] [+] Overwriting: 15092026.zip -> server...
[2026-09-17 11:43:25] [INFO] [BiharFloodAuto] [+] Overwriting: 01092026.zip -> server...
[2026-09-17 11:43:25] [INFO] [BiharFloodAuto] [+] Overwriting: 04092026.zip -> server...
[2026-09-17 11:43:25] [INFO] [BiharFloodAuto] [+] Overwriting: 31082026.zip -> server...
[2026-09-17 11:43:25] [INFO] [BiharFloodAuto] [+] Overwriting: 03092026.zip -> server...
[2026-09-17 11:43:25] [INFO] [BiharFloodAuto] [+] Successfully copied 23 file(s).
[2026-09-17 11:43:25] [INFO] [paramiko.transport.sftp] [chan 0] sftp session closed.
[2026-09-17 11:43:29] [INFO] [BiharFloodAuto] Successfully pushed automation.log to Git.
[2026-09-17 11:43:29] [INFO] [BiharFloodAuto] --- Loop #577 complete ---
[2026-09-17 11:43:29] [INFO] [BiharFloodAuto] Sleeping for 15 minutes. Next check at 11:58:29. (Use 'Run Now' on the dashboard to skip this.)
[2026-09-17 11:58:29] [INFO] [BiharFloodAuto] --- Loop #578 starting ---
[2026-09-17 11:58:29] [INFO] [BiharFloodAuto] Executing 'git pull' to check for updates...
[2026-09-17 11:58:32] [INFO] [BiharFloodAuto] Repository is already up to date.
[2026-09-17 11:58:32] [INFO] [BiharFloodAuto] Searching Gmail for emails with 'Inundation Probability' from the last 15 days...
[2026-09-17 11:58:33] [INFO] [BiharFloodAuto] No new (undownloaded) matching emails found.
[2026-09-17 11:58:33] [INFO] [paramiko.transport] Connected (version 2.0, client OpenSSH_8.9p1)
[2026-09-17 11:58:33] [INFO] [paramiko.transport] Authentication (password) successful!
[2026-09-17 11:58:33] [INFO] [paramiko.transport.sftp] [chan 0] Opened sftp connection (server version 3)
[2026-09-17 11:58:33] [INFO] [BiharFloodAuto] [+] Overwriting: 29082026.zip -> server...
[2026-09-17 11:58:33] [INFO] [BiharFloodAuto] [+] Overwriting: 16092026.zip -> server...
[2026-09-17 11:58:34] [INFO] [BiharFloodAuto] [+] Overwriting: 18092026.zip -> server...
[2026-09-17 11:58:34] [INFO] [BiharFloodAuto] [+] Overwriting: 11092026.zip -> server...
[2026-09-17 11:58:34] [INFO] [BiharFloodAuto] [+] Overwriting: 28082026.zip -> server...
[2026-09-17 11:58:34] [INFO] [BiharFloodAuto] [+] Overwriting: 05092026.zip -> server...
[2026-09-17 11:58:34] [INFO] [BiharFloodAuto] [+] Overwriting: 12092026.zip -> server...
[2026-09-17 11:58:34] [INFO] [BiharFloodAuto] [+] Overwriting: 07092026.zip -> server...
[2026-09-17 11:58:34] [INFO] [BiharFloodAuto] [+] Overwriting: 17092026.zip -> server...
[2026-09-17 11:58:34] [INFO] [BiharFloodAuto] [+] Overwriting: 13092026.zip -> server...
[2026-09-17 11:58:34] [INFO] [BiharFloodAuto] [+] Overwriting: 08092026.zip -> server...
[2026-09-17 11:58:34] [INFO] [BiharFloodAuto] [+] Overwriting: 14092026.zip -> server...
[2026-09-17 11:58:34] [INFO] [BiharFloodAuto] [+] Overwriting: 02092026.zip -> server...
[2026-09-17 11:58:34] [INFO] [BiharFloodAuto] [+] Overwriting: 27082026.zip -> server...
[2026-09-17 11:58:34] [INFO] [BiharFloodAuto] [+] Overwriting: 09092026.zip -> server...
[2026-09-17 11:58:34] [INFO] [BiharFloodAuto] [+] Overwriting: 10092026.zip -> server...
[2026-09-17 11:58:35] [INFO] [BiharFloodAuto] [+] Overwriting: 06092026.zip -> server...
[2026-09-17 11:58:35] [INFO] [BiharFloodAuto] [+] Overwriting: 30082026.zip -> server...
[2026-09-17 11:58:35] [INFO] [BiharFloodAuto] [+] Overwriting: 15092026.zip -> server...
[2026-09-17 11:58:35] [INFO] [BiharFloodAuto] [+] Overwriting: 01092026.zip -> server...
[2026-09-17 11:58:35] [INFO] [BiharFloodAuto] [+] Overwriting: 04092026.zip -> server...
[2026-09-17 11:58:35] [INFO] [BiharFloodAuto] [+] Overwriting: 31082026.zip -> server...
[2026-09-17 11:58:35] [INFO] [BiharFloodAuto] [+] Overwriting: 03092026.zip -> server...
[2026-09-17 11:58:35] [INFO] [BiharFloodAuto] [+] Successfully copied 23 file(s).
[2026-09-17 11:58:35] [INFO] [paramiko.transport.sftp] [chan 0] sftp session closed.
[2026-09-17 11:58:39] [INFO] [BiharFloodAuto] Successfully pushed automation.log to Git.
[2026-09-17 11:58:39] [INFO] [BiharFloodAuto] --- Loop #578 complete ---
[2026-09-17 11:58:39] [INFO] [BiharFloodAuto] Sleeping for 15 minutes. Next check at 12:13:39. (Use 'Run Now' on the dashboard to skip this.)
[2026-09-17 12:13:39] [INFO] [BiharFloodAuto] --- Loop #579 starting ---
[2026-09-17 12:13:39] [INFO] [BiharFloodAuto] Executing 'git pull' to check for updates...
[2026-09-17 12:13:41] [INFO] [BiharFloodAuto] Repository is already up to date.
[2026-09-17 12:13:42] [INFO] [BiharFloodAuto] Searching Gmail for emails with 'Inundation Probability' from the last 15 days...
[2026-09-17 12:13:43] [INFO] [BiharFloodAuto] No new (undownloaded) matching emails found.
[2026-09-17 12:13:43] [INFO] [paramiko.transport] Connected (version 2.0, client OpenSSH_8.9p1)
[2026-09-17 12:13:43] [INFO] [paramiko.transport] Authentication (password) successful!
[2026-09-17 12:13:43] [INFO] [paramiko.transport.sftp] [chan 0] Opened sftp connection (server version 3)
[2026-09-17 12:13:43] [INFO] [BiharFloodAuto] [+] Overwriting: 29082026.zip -> server...
[2026-09-17 12:13:43] [INFO] [BiharFloodAuto] [+] Overwriting: 16092026.zip -> server...
[2026-09-17 12:13:44] [INFO] [BiharFloodAuto] [+] Overwriting: 18092026.zip -> server...
[2026-09-17 12:13:44] [INFO] [BiharFloodAuto] [+] Overwriting: 11092026.zip -> server...
[2026-09-17 12:13:44] [INFO] [BiharFloodAuto] [+] Overwriting: 28082026.zip -> server...
[2026-09-17 12:13:44] [INFO] [BiharFloodAuto] [+] Overwriting: 05092026.zip -> server...
[2026-09-17 12:13:44] [INFO] [BiharFloodAuto] [+] Overwriting: 12092026.zip -> server...
[2026-09-17 12:13:44] [INFO] [BiharFloodAuto] [+] Overwriting: 07092026.zip -> server...
[2026-09-17 12:13:44] [INFO] [BiharFloodAuto] [+] Overwriting: 17092026.zip -> server...
[2026-09-17 12:13:45] [INFO] [BiharFloodAuto] [+] Overwriting: 13092026.zip -> server...
[2026-09-17 12:13:45] [INFO] [BiharFloodAuto] [+] Overwriting: 08092026.zip -> server...
[2026-09-17 12:13:45] [INFO] [BiharFloodAuto] [+] Overwriting: 14092026.zip -> server...
[2026-09-17 12:13:45] [INFO] [BiharFloodAuto] [+] Overwriting: 02092026.zip -> server...
[2026-09-17 12:13:45] [INFO] [BiharFloodAuto] [+] Overwriting: 27082026.zip -> server...
[2026-09-17 12:13:45] [INFO] [BiharFloodAuto] [+] Overwriting: 09092026.zip -> server...
[2026-09-17 12:13:45] [INFO] [BiharFloodAuto] [+] Overwriting: 10092026.zip -> server...
[2026-09-17 12:13:45] [INFO] [BiharFloodAuto] [+] Overwriting: 06092026.zip -> server...
[2026-09-17 12:13:45] [INFO] [BiharFloodAuto] [+] Overwriting: 30082026.zip -> server...
[2026-09-17 12:13:45] [INFO] [BiharFloodAuto] [+] Overwriting: 15092026.zip -> server...
[2026-09-17 12:13:45] [INFO] [BiharFloodAuto] [+] Overwriting: 01092026.zip -> server...
[2026-09-17 12:13:46] [INFO] [BiharFloodAuto] [+] Overwriting: 04092026.zip -> server...
[2026-09-17 12:13:46] [INFO] [BiharFloodAuto] [+] Overwriting: 31082026.zip -> server...
[2026-09-17 12:13:46] [INFO] [BiharFloodAuto] [+] Overwriting: 03092026.zip -> server...
[2026-09-17 12:13:46] [INFO] [BiharFloodAuto] [+] Successfully copied 23 file(s).
[2026-09-17 12:13:46] [INFO] [paramiko.transport.sftp] [chan 0] sftp session closed.
[2026-09-17 12:13:49] [INFO] [BiharFloodAuto] Successfully pushed automation.log to Git.
[2026-09-17 12:13:49] [INFO] [BiharFloodAuto] --- Loop #579 complete ---
[2026-09-17 12:13:49] [INFO] [BiharFloodAuto] Sleeping for 15 minutes. Next check at 12:28:49. (Use 'Run Now' on the dashboard to skip this.)
[2026-09-17 12:28:49] [INFO] [BiharFloodAuto] --- Loop #580 starting ---
[2026-09-17 12:28:49] [INFO] [BiharFloodAuto] Executing 'git pull' to check for updates...
[2026-09-17 12:28:52] [INFO] [BiharFloodAuto] Repository is already up to date.
[2026-09-17 12:28:53] [INFO] [BiharFloodAuto] Searching Gmail for emails with 'Inundation Probability' from the last 15 days...
[2026-09-17 12:28:54] [INFO] [BiharFloodAuto] No new (undownloaded) matching emails found.
[2026-09-17 12:28:54] [INFO] [paramiko.transport] Connected (version 2.0, client OpenSSH_8.9p1)
[2026-09-17 12:28:54] [INFO] [paramiko.transport] Authentication (password) successful!
[2026-09-17 12:28:54] [INFO] [paramiko.transport.sftp] [chan 0] Opened sftp connection (server version 3)
[2026-09-17 12:28:54] [INFO] [BiharFloodAuto] [+] Overwriting: 29082026.zip -> server...
[2026-09-17 12:28:54] [INFO] [BiharFloodAuto] [+] Overwriting: 16092026.zip -> server...
[2026-09-17 12:28:54] [INFO] [BiharFloodAuto] [+] Overwriting: 18092026.zip -> server...
[2026-09-17 12:28:54] [INFO] [BiharFloodAuto] [+] Overwriting: 11092026.zip -> server...
[2026-09-17 12:28:54] [INFO] [BiharFloodAuto] [+] Overwriting: 28082026.zip -> server...
[2026-09-17 12:28:54] [INFO] [BiharFloodAuto] [+] Overwriting: 05092026.zip -> server...
[2026-09-17 12:28:54] [INFO] [BiharFloodAuto] [+] Overwriting: 12092026.zip -> server...
[2026-09-17 12:28:55] [INFO] [BiharFloodAuto] [+] Overwriting: 07092026.zip -> server...
[2026-09-17 12:28:55] [INFO] [BiharFloodAuto] [+] Overwriting: 17092026.zip -> server...
[2026-09-17 12:28:55] [INFO] [BiharFloodAuto] [+] Overwriting: 13092026.zip -> server...
[2026-09-17 12:28:55] [INFO] [BiharFloodAuto] [+] Overwriting: 08092026.zip -> server...
[2026-09-17 12:28:55] [INFO] [BiharFloodAuto] [+] Overwriting: 14092026.zip -> server...
[2026-09-17 12:28:55] [INFO] [BiharFloodAuto] [+] Overwriting: 02092026.zip -> server...
[2026-09-17 12:28:55] [INFO] [BiharFloodAuto] [+] Overwriting: 27082026.zip -> server...
[2026-09-17 12:28:55] [INFO] [BiharFloodAuto] [+] Overwriting: 09092026.zip -> server...
[2026-09-17 12:28:55] [INFO] [BiharFloodAuto] [+] Overwriting: 10092026.zip -> server...
[2026-09-17 12:28:55] [INFO] [BiharFloodAuto] [+] Overwriting: 06092026.zip -> server...
[2026-09-17 12:28:55] [INFO] [BiharFloodAuto] [+] Overwriting: 30082026.zip -> server...
[2026-09-17 12:28:55] [INFO] [BiharFloodAuto] [+] Overwriting: 15092026.zip -> server...
[2026-09-17 12:28:55] [INFO] [BiharFloodAuto] [+] Overwriting: 01092026.zip -> server...
[2026-09-17 12:28:55] [INFO] [BiharFloodAuto] [+] Overwriting: 04092026.zip -> server...
[2026-09-17 12:28:56] [INFO] [BiharFloodAuto] [+] Overwriting: 31082026.zip -> server...
[2026-09-17 12:28:56] [INFO] [BiharFloodAuto] [+] Overwriting: 03092026.zip -> server...
[2026-09-17 12:28:56] [INFO] [BiharFloodAuto] [+] Successfully copied 23 file(s).
[2026-09-17 12:28:56] [INFO] [paramiko.transport.sftp] [chan 0] sftp session closed.
[2026-09-17 12:28:59] [INFO] [BiharFloodAuto] Successfully pushed automation.log to Git.
[2026-09-17 12:28:59] [INFO] [BiharFloodAuto] --- Loop #580 complete ---
[2026-09-17 12:28:59] [INFO] [BiharFloodAuto] Sleeping for 15 minutes. Next check at 12:43:59. (Use 'Run Now' on the dashboard to skip this.)
[2026-09-17 12:43:59] [INFO] [BiharFloodAuto] --- Loop #581 starting ---
[2026-09-17 12:43:59] [INFO] [BiharFloodAuto] Executing 'git pull' to check for updates...
[2026-09-17 12:44:02] [INFO] [BiharFloodAuto] Repository is already up to date.
[2026-09-17 12:44:02] [INFO] [BiharFloodAuto] Searching Gmail for emails with 'Inundation Probability' from the last 15 days...
[2026-09-17 12:44:03] [INFO] [BiharFloodAuto] No new (undownloaded) matching emails found.
[2026-09-17 12:44:03] [INFO] [paramiko.transport] Connected (version 2.0, client OpenSSH_8.9p1)
[2026-09-17 12:44:03] [INFO] [paramiko.transport] Authentication (password) successful!
[2026-09-17 12:44:03] [INFO] [paramiko.transport.sftp] [chan 0] Opened sftp connection (server version 3)
[2026-09-17 12:44:03] [INFO] [BiharFloodAuto] [+] Overwriting: 29082026.zip -> server...
[2026-09-17 12:44:04] [INFO] [BiharFloodAuto] [+] Overwriting: 16092026.zip -> server...
[2026-09-17 12:44:04] [INFO] [BiharFloodAuto] [+] Overwriting: 18092026.zip -> server...
[2026-09-17 12:44:04] [INFO] [BiharFloodAuto] [+] Overwriting: 11092026.zip -> server...
[2026-09-17 12:44:04] [INFO] [BiharFloodAuto] [+] Overwriting: 28082026.zip -> server...
[2026-09-17 12:44:04] [INFO] [BiharFloodAuto] [+] Overwriting: 05092026.zip -> server...
[2026-09-17 12:44:04] [INFO] [BiharFloodAuto] [+] Overwriting: 12092026.zip -> server...
[2026-09-17 12:44:04] [INFO] [BiharFloodAuto] [+] Overwriting: 07092026.zip -> server...
[2026-09-17 12:44:04] [INFO] [BiharFloodAuto] [+] Overwriting: 17092026.zip -> server...
[2026-09-17 12:44:04] [INFO] [BiharFloodAuto] [+] Overwriting: 13092026.zip -> server...
[2026-09-17 12:44:04] [INFO] [BiharFloodAuto] [+] Overwriting: 08092026.zip -> server...
[2026-09-17 12:44:04] [INFO] [BiharFloodAuto] [+] Overwriting: 14092026.zip -> server...
[2026-09-17 12:44:04] [INFO] [BiharFloodAuto] [+] Overwriting: 02092026.zip -> server...
[2026-09-17 12:44:04] [INFO] [BiharFloodAuto] [+] Overwriting: 27082026.zip -> server...
[2026-09-17 12:44:04] [INFO] [BiharFloodAuto] [+] Overwriting: 09092026.zip -> server...
[2026-09-17 12:44:04] [INFO] [BiharFloodAuto] [+] Overwriting: 10092026.zip -> server...
[2026-09-17 12:44:04] [INFO] [BiharFloodAuto] [+] Overwriting: 06092026.zip -> server...
[2026-09-17 12:44:04] [INFO] [BiharFloodAuto] [+] Overwriting: 30082026.zip -> server...
[2026-09-17 12:44:05] [INFO] [BiharFloodAuto] [+] Overwriting: 15092026.zip -> server...
[2026-09-17 12:44:05] [INFO] [BiharFloodAuto] [+] Overwriting: 01092026.zip -> server...
[2026-09-17 12:44:05] [INFO] [BiharFloodAuto] [+] Overwriting: 04092026.zip -> server...
[2026-09-17 12:44:05] [INFO] [BiharFloodAuto] [+] Overwriting: 31082026.zip -> server...
[2026-09-17 12:44:05] [INFO] [BiharFloodAuto] [+] Overwriting: 03092026.zip -> server...
[2026-09-17 12:44:05] [INFO] [BiharFloodAuto] [+] Successfully copied 23 file(s).
[2026-09-17 12:44:05] [INFO] [paramiko.transport.sftp] [chan 0] sftp session closed.
[2026-09-17 12:44:09] [INFO] [BiharFloodAuto] Successfully pushed automation.log to Git.
[2026-09-17 12:44:09] [INFO] [BiharFloodAuto] --- Loop #581 complete ---
[2026-09-17 12:44:09] [INFO] [BiharFloodAuto] Sleeping for 15 minutes. Next check at 12:59:09. (Use 'Run Now' on the dashboard to skip this.)
[2026-09-17 12:59:09] [INFO] [BiharFloodAuto] --- Loop #582 starting ---
[2026-09-17 12:59:09] [INFO] [BiharFloodAuto] Executing 'git pull' to check for updates...
[2026-09-17 12:59:11] [INFO] [BiharFloodAuto] Repository is already up to date.
[2026-09-17 12:59:12] [INFO] [BiharFloodAuto] Searching Gmail for emails with 'Inundation Probability' from the last 15 days...
[2026-09-17 12:59:12] [INFO] [BiharFloodAuto] No new (undownloaded) matching emails found.
[2026-09-17 12:59:12] [INFO] [paramiko.transport] Connected (version 2.0, client OpenSSH_8.9p1)
[2026-09-17 12:59:12] [INFO] [paramiko.transport] Authentication (password) successful!
[2026-09-17 12:59:13] [INFO] [paramiko.transport.sftp] [chan 0] Opened sftp connection (server version 3)
[2026-09-17 12:59:13] [INFO] [BiharFloodAuto] [+] Overwriting: 29082026.zip -> server...
[2026-09-17 12:59:13] [INFO] [BiharFloodAuto] [+] Overwriting: 16092026.zip -> server...
[2026-09-17 12:59:13] [INFO] [BiharFloodAuto] [+] Overwriting: 18092026.zip -> server...
[2026-09-17 12:59:13] [INFO] [BiharFloodAuto] [+] Overwriting: 11092026.zip -> server...
[2026-09-17 12:59:13] [INFO] [BiharFloodAuto] [+] Overwriting: 28082026.zip -> server...
[2026-09-17 12:59:13] [INFO] [BiharFloodAuto] [+] Overwriting: 05092026.zip -> server...
[2026-09-17 12:59:13] [INFO] [BiharFloodAuto] [+] Overwriting: 12092026.zip -> server...
[2026-09-17 12:59:13] [INFO] [BiharFloodAuto] [+] Overwriting: 07092026.zip -> server...
[2026-09-17 12:59:13] [INFO] [BiharFloodAuto] [+] Overwriting: 17092026.zip -> server...
[2026-09-17 12:59:13] [INFO] [BiharFloodAuto] [+] Overwriting: 13092026.zip -> server...
[2026-09-17 12:59:13] [INFO] [BiharFloodAuto] [+] Overwriting: 08092026.zip -> server...
[2026-09-17 12:59:13] [INFO] [BiharFloodAuto] [+] Overwriting: 14092026.zip -> server...
[2026-09-17 12:59:13] [INFO] [BiharFloodAuto] [+] Overwriting: 02092026.zip -> server...
[2026-09-17 12:59:13] [INFO] [BiharFloodAuto] [+] Overwriting: 27082026.zip -> server...
[2026-09-17 12:59:13] [INFO] [BiharFloodAuto] [+] Overwriting: 09092026.zip -> server...
[2026-09-17 12:59:14] [INFO] [BiharFloodAuto] [+] Overwriting: 10092026.zip -> server...
[2026-09-17 12:59:14] [INFO] [BiharFloodAuto] [+] Overwriting: 06092026.zip -> server...
[2026-09-17 12:59:14] [INFO] [BiharFloodAuto] [+] Overwriting: 30082026.zip -> server...
[2026-09-17 12:59:14] [INFO] [BiharFloodAuto] [+] Overwriting: 15092026.zip -> server...
[2026-09-17 12:59:14] [INFO] [BiharFloodAuto] [+] Overwriting: 01092026.zip -> server...
[2026-09-17 12:59:14] [INFO] [BiharFloodAuto] [+] Overwriting: 04092026.zip -> server...
[2026-09-17 12:59:14] [INFO] [BiharFloodAuto] [+] Overwriting: 31082026.zip -> server...
[2026-09-17 12:59:14] [INFO] [BiharFloodAuto] [+] Overwriting: 03092026.zip -> server...
[2026-09-17 12:59:14] [INFO] [BiharFloodAuto] [+] Successfully copied 23 file(s).
[2026-09-17 12:59:14] [INFO] [paramiko.transport.sftp] [chan 0] sftp session closed.
[2026-09-17 12:59:17] [INFO] [BiharFloodAuto] Successfully pushed automation.log to Git.
[2026-09-17 12:59:17] [INFO] [BiharFloodAuto] --- Loop #582 complete ---
[2026-09-17 12:59:17] [INFO] [BiharFloodAuto] Sleeping for 15 minutes. Next check at 13:14:17. (Use 'Run Now' on the dashboard to skip this.)
[2026-09-17 13:14:17] [INFO] [BiharFloodAuto] --- Loop #583 starting ---
[2026-09-17 13:14:17] [INFO] [BiharFloodAuto] Executing 'git pull' to check for updates...
[2026-09-17 13:14:20] [INFO] [BiharFloodAuto] Repository is already up to date.
[2026-09-17 13:14:20] [INFO] [BiharFloodAuto] Searching Gmail for emails with 'Inundation Probability' from the last 15 days...
[2026-09-17 13:14:21] [INFO] [BiharFloodAuto] No new (undownloaded) matching emails found.
[2026-09-17 13:14:21] [INFO] [paramiko.transport] Connected (version 2.0, client OpenSSH_8.9p1)
[2026-09-17 13:14:21] [INFO] [paramiko.transport] Authentication (password) successful!
[2026-09-17 13:14:22] [INFO] [paramiko.transport.sftp] [chan 0] Opened sftp connection (server version 3)
[2026-09-17 13:14:22] [INFO] [BiharFloodAuto] [+] Overwriting: 29082026.zip -> server...
[2026-09-17 13:14:22] [INFO] [BiharFloodAuto] [+] Overwriting: 16092026.zip -> server...
[2026-09-17 13:14:22] [INFO] [BiharFloodAuto] [+] Overwriting: 18092026.zip -> server...
[2026-09-17 13:14:22] [INFO] [BiharFloodAuto] [+] Overwriting: 11092026.zip -> server...
[2026-09-17 13:14:22] [INFO] [BiharFloodAuto] [+] Overwriting: 28082026.zip -> server...
[2026-09-17 13:14:22] [INFO] [BiharFloodAuto] [+] Overwriting: 05092026.zip -> server...
[2026-09-17 13:14:22] [INFO] [BiharFloodAuto] [+] Overwriting: 12092026.zip -> server...
[2026-09-17 13:14:22] [INFO] [BiharFloodAuto] [+] Overwriting: 07092026.zip -> server...
[2026-09-17 13:14:22] [INFO] [BiharFloodAuto] [+] Overwriting: 17092026.zip -> server...
[2026-09-17 13:14:22] [INFO] [BiharFloodAuto] [+] Overwriting: 13092026.zip -> server...
[2026-09-17 13:14:22] [INFO] [BiharFloodAuto] [+] Overwriting: 08092026.zip -> server...
[2026-09-17 13:14:22] [INFO] [BiharFloodAuto] [+] Overwriting: 14092026.zip -> server...
[2026-09-17 13:14:22] [INFO] [BiharFloodAuto] [+] Overwriting: 02092026.zip -> server...
[2026-09-17 13:14:22] [INFO] [BiharFloodAuto] [+] Overwriting: 27082026.zip -> server...
[2026-09-17 13:14:22] [INFO] [BiharFloodAuto] [+] Overwriting: 09092026.zip -> server...
[2026-09-17 13:14:22] [INFO] [BiharFloodAuto] [+] Overwriting: 10092026.zip -> server...
[2026-09-17 13:14:23] [INFO] [BiharFloodAuto] [+] Overwriting: 06092026.zip -> server...
[2026-09-17 13:14:23] [INFO] [BiharFloodAuto] [+] Overwriting: 30082026.zip -> server...
[2026-09-17 13:14:23] [INFO] [BiharFloodAuto] [+] Overwriting: 15092026.zip -> server...
[2026-09-17 13:14:23] [INFO] [BiharFloodAuto] [+] Overwriting: 01092026.zip -> server...
[2026-09-17 13:14:23] [INFO] [BiharFloodAuto] [+] Overwriting: 04092026.zip -> server...
[2026-09-17 13:14:23] [INFO] [BiharFloodAuto] [+] Overwriting: 31082026.zip -> server...
[2026-09-17 13:14:23] [INFO] [BiharFloodAuto] [+] Overwriting: 03092026.zip -> server...
[2026-09-17 13:14:23] [INFO] [BiharFloodAuto] [+] Successfully copied 23 file(s).
[2026-09-17 13:14:23] [INFO] [paramiko.transport.sftp] [chan 0] sftp session closed.
[2026-09-17 13:14:26] [INFO] [BiharFloodAuto] Successfully pushed automation.log to Git.
[2026-09-17 13:14:26] [INFO] [BiharFloodAuto] --- Loop #583 complete ---
[2026-09-17 13:14:26] [INFO] [BiharFloodAuto] Sleeping for 15 minutes. Next check at 13:29:26. (Use 'Run Now' on the dashboard to skip this.)
[2026-09-17 13:29:26] [INFO] [BiharFloodAuto] --- Loop #584 starting ---
[2026-09-17 13:29:26] [INFO] [BiharFloodAuto] Executing 'git pull' to check for updates...
[2026-09-17 13:29:29] [INFO] [BiharFloodAuto] Repository is already up to date.
[2026-09-17 13:29:29] [INFO] [BiharFloodAuto] Searching Gmail for emails with 'Inundation Probability' from the last 15 days...
[2026-09-17 13:29:30] [INFO] [BiharFloodAuto] No new (undownloaded) matching emails found.
[2026-09-17 13:29:30] [INFO] [paramiko.transport] Connected (version 2.0, client OpenSSH_8.9p1)
[2026-09-17 13:29:31] [INFO] [paramiko.transport] Authentication (password) successful!
[2026-09-17 13:29:31] [INFO] [paramiko.transport.sftp] [chan 0] Opened sftp connection (server version 3)
[2026-09-17 13:29:31] [INFO] [BiharFloodAuto] [+] Overwriting: 29082026.zip -> server...
[2026-09-17 13:29:31] [INFO] [BiharFloodAuto] [+] Overwriting: 16092026.zip -> server...
[2026-09-17 13:29:31] [INFO] [BiharFloodAuto] [+] Overwriting: 18092026.zip -> server...
[2026-09-17 13:29:31] [INFO] [BiharFloodAuto] [+] Overwriting: 11092026.zip -> server...
[2026-09-17 13:29:31] [INFO] [BiharFloodAuto] [+] Overwriting: 28082026.zip -> server...
[2026-09-17 13:29:31] [INFO] [BiharFloodAuto] [+] Overwriting: 05092026.zip -> server...
[2026-09-17 13:29:31] [INFO] [BiharFloodAuto] [+] Overwriting: 12092026.zip -> server...
[2026-09-17 13:29:31] [INFO] [BiharFloodAuto] [+] Overwriting: 07092026.zip -> server...
[2026-09-17 13:29:31] [INFO] [BiharFloodAuto] [+] Overwriting: 17092026.zip -> server...
[2026-09-17 13:29:31] [INFO] [BiharFloodAuto] [+] Overwriting: 13092026.zip -> server...
[2026-09-17 13:29:31] [INFO] [BiharFloodAuto] [+] Overwriting: 08092026.zip -> server...
[2026-09-17 13:29:31] [INFO] [BiharFloodAuto] [+] Overwriting: 14092026.zip -> server...
[2026-09-17 13:29:31] [INFO] [BiharFloodAuto] [+] Overwriting: 02092026.zip -> server...
[2026-09-17 13:29:31] [INFO] [BiharFloodAuto] [+] Overwriting: 27082026.zip -> server...
[2026-09-17 13:29:31] [INFO] [BiharFloodAuto] [+] Overwriting: 09092026.zip -> server...
[2026-09-17 13:29:32] [INFO] [BiharFloodAuto] [+] Overwriting: 10092026.zip -> server...
[2026-09-17 13:29:32] [INFO] [BiharFloodAuto] [+] Overwriting: 06092026.zip -> server...
[2026-09-17 13:29:32] [INFO] [BiharFloodAuto] [+] Overwriting: 30082026.zip -> server...
[2026-09-17 13:29:32] [INFO] [BiharFloodAuto] [+] Overwriting: 15092026.zip -> server...
[2026-09-17 13:29:32] [INFO] [BiharFloodAuto] [+] Overwriting: 01092026.zip -> server...
[2026-09-17 13:29:32] [INFO] [BiharFloodAuto] [+] Overwriting: 04092026.zip -> server...
[2026-09-17 13:29:32] [INFO] [BiharFloodAuto] [+] Overwriting: 31082026.zip -> server...
[2026-09-17 13:29:32] [INFO] [BiharFloodAuto] [+] Overwriting: 03092026.zip -> server...
[2026-09-17 13:29:32] [INFO] [BiharFloodAuto] [+] Successfully copied 23 file(s).
[2026-09-17 13:29:32] [INFO] [paramiko.transport.sftp] [chan 0] sftp session closed.
[2026-09-17 13:29:35] [INFO] [BiharFloodAuto] Successfully pushed automation.log to Git.
[2026-09-17 13:29:35] [INFO] [BiharFloodAuto] --- Loop #584 complete ---
[2026-09-17 13:29:35] [INFO] [BiharFloodAuto] Sleeping for 15 minutes. Next check at 13:44:35. (Use 'Run Now' on the dashboard to skip this.)
[2026-09-17 13:44:35] [INFO] [BiharFloodAuto] --- Loop #585 starting ---
[2026-09-17 13:44:35] [INFO] [BiharFloodAuto] Executing 'git pull' to check for updates...
[2026-09-17 13:44:37] [INFO] [BiharFloodAuto] Repository is already up to date.
[2026-09-17 13:44:38] [INFO] [BiharFloodAuto] Searching Gmail for emails with 'Inundation Probability' from the last 15 days...
[2026-09-17 13:44:39] [INFO] [BiharFloodAuto] No new (undownloaded) matching emails found.
[2026-09-17 13:44:39] [INFO] [paramiko.transport] Connected (version 2.0, client OpenSSH_8.9p1)
[2026-09-17 13:44:39] [INFO] [paramiko.transport] Authentication (password) successful!
[2026-09-17 13:44:39] [INFO] [paramiko.transport.sftp] [chan 0] Opened sftp connection (server version 3)
[2026-09-17 13:44:39] [INFO] [BiharFloodAuto] [+] Overwriting: 29082026.zip -> server...
[2026-09-17 13:44:39] [INFO] [BiharFloodAuto] [+] Overwriting: 16092026.zip -> server...
[2026-09-17 13:44:39] [INFO] [BiharFloodAuto] [+] Overwriting: 18092026.zip -> server...
[2026-09-17 13:44:39] [INFO] [BiharFloodAuto] [+] Overwriting: 11092026.zip -> server...
[2026-09-17 13:44:39] [INFO] [BiharFloodAuto] [+] Overwriting: 28082026.zip -> server...
[2026-09-17 13:44:39] [INFO] [BiharFloodAuto] [+] Overwriting: 05092026.zip -> server...
[2026-09-17 13:44:39] [INFO] [BiharFloodAuto] [+] Overwriting: 12092026.zip -> server...
[2026-09-17 13:44:39] [INFO] [BiharFloodAuto] [+] Overwriting: 07092026.zip -> server...
[2026-09-17 13:44:39] [INFO] [BiharFloodAuto] [+] Overwriting: 17092026.zip -> server...
[2026-09-17 13:44:40] [INFO] [BiharFloodAuto] [+] Overwriting: 13092026.zip -> server...
[2026-09-17 13:44:40] [INFO] [BiharFloodAuto] [+] Overwriting: 08092026.zip -> server...
[2026-09-17 13:44:40] [INFO] [BiharFloodAuto] [+] Overwriting: 14092026.zip -> server...
[2026-09-17 13:44:40] [INFO] [BiharFloodAuto] [+] Overwriting: 02092026.zip -> server...
[2026-09-17 13:44:40] [INFO] [BiharFloodAuto] [+] Overwriting: 27082026.zip -> server...
[2026-09-17 13:44:40] [INFO] [BiharFloodAuto] [+] Overwriting: 09092026.zip -> server...
[2026-09-17 13:44:40] [INFO] [BiharFloodAuto] [+] Overwriting: 10092026.zip -> server...
[2026-09-17 13:44:40] [INFO] [BiharFloodAuto] [+] Overwriting: 06092026.zip -> server...
[2026-09-17 13:44:40] [INFO] [BiharFloodAuto] [+] Overwriting: 30082026.zip -> server...
[2026-09-17 13:44:40] [INFO] [BiharFloodAuto] [+] Overwriting: 15092026.zip -> server...
[2026-09-17 13:44:40] [INFO] [BiharFloodAuto] [+] Overwriting: 01092026.zip -> server...
[2026-09-17 13:44:40] [INFO] [BiharFloodAuto] [+] Overwriting: 04092026.zip -> server...
[2026-09-17 13:44:40] [INFO] [BiharFloodAuto] [+] Overwriting: 31082026.zip -> server...
[2026-09-17 13:44:40] [INFO] [BiharFloodAuto] [+] Overwriting: 03092026.zip -> server...
[2026-09-17 13:44:40] [INFO] [BiharFloodAuto] [+] Successfully copied 23 file(s).
[2026-09-17 13:44:40] [INFO] [paramiko.transport.sftp] [chan 0] sftp session closed.
[2026-09-17 13:44:43] [INFO] [BiharFloodAuto] Successfully pushed automation.log to Git.
[2026-09-17 13:44:43] [INFO] [BiharFloodAuto] --- Loop #585 complete ---
[2026-09-17 13:44:43] [INFO] [BiharFloodAuto] Sleeping for 15 minutes. Next check at 13:59:43. (Use 'Run Now' on the dashboard to skip this.)
[2026-09-17 13:59:43] [INFO] [BiharFloodAuto] --- Loop #586 starting ---
[2026-09-17 13:59:43] [INFO] [BiharFloodAuto] Executing 'git pull' to check for updates...
[2026-09-17 13:59:46] [INFO] [BiharFloodAuto] Repository is already up to date.
[2026-09-17 13:59:47] [INFO] [BiharFloodAuto] Searching Gmail for emails with 'Inundation Probability' from the last 15 days...
[2026-09-17 13:59:48] [INFO] [BiharFloodAuto] No new (undownloaded) matching emails found.
[2026-09-17 13:59:48] [INFO] [paramiko.transport] Connected (version 2.0, client OpenSSH_8.9p1)
[2026-09-17 13:59:48] [INFO] [paramiko.transport] Authentication (password) successful!
[2026-09-17 13:59:48] [INFO] [paramiko.transport.sftp] [chan 0] Opened sftp connection (server version 3)
[2026-09-17 13:59:48] [INFO] [BiharFloodAuto] [+] Overwriting: 29082026.zip -> server...
[2026-09-17 13:59:48] [INFO] [BiharFloodAuto] [+] Overwriting: 16092026.zip -> server...
[2026-09-17 13:59:48] [INFO] [BiharFloodAuto] [+] Overwriting: 18092026.zip -> server...
[2026-09-17 13:59:49] [INFO] [BiharFloodAuto] [+] Overwriting: 11092026.zip -> server...
[2026-09-17 13:59:49] [INFO] [BiharFloodAuto] [+] Overwriting: 28082026.zip -> server...
[2026-09-17 13:59:49] [INFO] [BiharFloodAuto] [+] Overwriting: 05092026.zip -> server...
[2026-09-17 13:59:49] [INFO] [BiharFloodAuto] [+] Overwriting: 12092026.zip -> server...
[2026-09-17 13:59:49] [INFO] [BiharFloodAuto] [+] Overwriting: 07092026.zip -> server...
[2026-09-17 13:59:49] [INFO] [BiharFloodAuto] [+] Overwriting: 17092026.zip -> server...
[2026-09-17 13:59:49] [INFO] [BiharFloodAuto] [+] Overwriting: 13092026.zip -> server...
[2026-09-17 13:59:49] [INFO] [BiharFloodAuto] [+] Overwriting: 08092026.zip -> server...
[2026-09-17 13:59:49] [INFO] [BiharFloodAuto] [+] Overwriting: 14092026.zip -> server...
[2026-09-17 13:59:49] [INFO] [BiharFloodAuto] [+] Overwriting: 02092026.zip -> server...
[2026-09-17 13:59:49] [INFO] [BiharFloodAuto] [+] Overwriting: 27082026.zip -> server...
[2026-09-17 13:59:49] [INFO] [BiharFloodAuto] [+] Overwriting: 09092026.zip -> server...
[2026-09-17 13:59:49] [INFO] [BiharFloodAuto] [+] Overwriting: 10092026.zip -> server...
[2026-09-17 13:59:49] [INFO] [BiharFloodAuto] [+] Overwriting: 06092026.zip -> server...
[2026-09-17 13:59:49] [INFO] [BiharFloodAuto] [+] Overwriting: 30082026.zip -> server...
[2026-09-17 13:59:49] [INFO] [BiharFloodAuto] [+] Overwriting: 15092026.zip -> server...
[2026-09-17 13:59:49] [INFO] [BiharFloodAuto] [+] Overwriting: 01092026.zip -> server...
[2026-09-17 13:59:49] [INFO] [BiharFloodAuto] [+] Overwriting: 04092026.zip -> server...
[2026-09-17 13:59:50] [INFO] [BiharFloodAuto] [+] Overwriting: 31082026.zip -> server...
[2026-09-17 13:59:50] [INFO] [BiharFloodAuto] [+] Overwriting: 03092026.zip -> server...
[2026-09-17 13:59:50] [INFO] [BiharFloodAuto] [+] Successfully copied 23 file(s).
[2026-09-17 13:59:50] [INFO] [paramiko.transport.sftp] [chan 0] sftp session closed.
[2026-09-17 13:59:53] [INFO] [BiharFloodAuto] Successfully pushed automation.log to Git.
[2026-09-17 13:59:53] [INFO] [BiharFloodAuto] --- Loop #586 complete ---
[2026-09-17 13:59:53] [INFO] [BiharFloodAuto] Sleeping for 15 minutes. Next check at 14:14:53. (Use 'Run Now' on the dashboard to skip this.)
[2026-09-17 14:14:53] [INFO] [BiharFloodAuto] --- Loop #587 starting ---
[2026-09-17 14:14:53] [INFO] [BiharFloodAuto] Executing 'git pull' to check for updates...
[2026-09-17 14:14:56] [INFO] [BiharFloodAuto] Repository is already up to date.
[2026-09-17 14:14:56] [INFO] [BiharFloodAuto] Searching Gmail for emails with 'Inundation Probability' from the last 15 days...
[2026-09-17 14:14:57] [INFO] [BiharFloodAuto] No new (undownloaded) matching emails found.
[2026-09-17 14:14:57] [INFO] [paramiko.transport] Connected (version 2.0, client OpenSSH_8.9p1)
[2026-09-17 14:14:57] [INFO] [paramiko.transport] Authentication (password) successful!
[2026-09-17 14:14:58] [INFO] [paramiko.transport.sftp] [chan 0] Opened sftp connection (server version 3)
[2026-09-17 14:14:58] [INFO] [BiharFloodAuto] [+] Overwriting: 29082026.zip -> server...
[2026-09-17 14:14:58] [INFO] [BiharFloodAuto] [+] Overwriting: 16092026.zip -> server...
[2026-09-17 14:14:58] [INFO] [BiharFloodAuto] [+] Overwriting: 18092026.zip -> server...
[2026-09-17 14:14:58] [INFO] [BiharFloodAuto] [+] Overwriting: 11092026.zip -> server...
[2026-09-17 14:14:58] [INFO] [BiharFloodAuto] [+] Overwriting: 28082026.zip -> server...
[2026-09-17 14:14:58] [INFO] [BiharFloodAuto] [+] Overwriting: 05092026.zip -> server...
[2026-09-17 14:14:58] [INFO] [BiharFloodAuto] [+] Overwriting: 12092026.zip -> server...
[2026-09-17 14:14:58] [INFO] [BiharFloodAuto] [+] Overwriting: 07092026.zip -> server...
[2026-09-17 14:14:58] [INFO] [BiharFloodAuto] [+] Overwriting: 17092026.zip -> server...
[2026-09-17 14:14:58] [INFO] [BiharFloodAuto] [+] Overwriting: 13092026.zip -> server...
[2026-09-17 14:14:58] [INFO] [BiharFloodAuto] [+] Overwriting: 08092026.zip -> server...
[2026-09-17 14:14:58] [INFO] [BiharFloodAuto] [+] Overwriting: 14092026.zip -> server...
[2026-09-17 14:14:58] [INFO] [BiharFloodAuto] [+] Overwriting: 02092026.zip -> server...
[2026-09-17 14:14:58] [INFO] [BiharFloodAuto] [+] Overwriting: 27082026.zip -> server...
[2026-09-17 14:14:58] [INFO] [BiharFloodAuto] [+] Overwriting: 09092026.zip -> server...
[2026-09-17 14:14:58] [INFO] [BiharFloodAuto] [+] Overwriting: 10092026.zip -> server...
[2026-09-17 14:14:58] [INFO] [BiharFloodAuto] [+] Overwriting: 06092026.zip -> server...
[2026-09-17 14:14:59] [INFO] [BiharFloodAuto] [+] Overwriting: 30082026.zip -> server...
[2026-09-17 14:14:59] [INFO] [BiharFloodAuto] [+] Overwriting: 15092026.zip -> server...
[2026-09-17 14:14:59] [INFO] [BiharFloodAuto] [+] Overwriting: 01092026.zip -> server...
[2026-09-17 14:14:59] [INFO] [BiharFloodAuto] [+] Overwriting: 04092026.zip -> server...
[2026-09-17 14:14:59] [INFO] [BiharFloodAuto] [+] Overwriting: 31082026.zip -> server...
[2026-09-17 14:14:59] [INFO] [BiharFloodAuto] [+] Overwriting: 03092026.zip -> server...
[2026-09-17 14:14:59] [INFO] [BiharFloodAuto] [+] Successfully copied 23 file(s).
[2026-09-17 14:14:59] [INFO] [paramiko.transport.sftp] [chan 0] sftp session closed.
[2026-09-17 14:15:02] [INFO] [BiharFloodAuto] Successfully pushed automation.log to Git.
[2026-09-17 14:15:02] [INFO] [BiharFloodAuto] --- Loop #587 complete ---
[2026-09-17 14:15:02] [INFO] [BiharFloodAuto] Sleeping for 15 minutes. Next check at 14:30:02. (Use 'Run Now' on the dashboard to skip this.)
[2026-09-17 14:30:02] [INFO] [BiharFloodAuto] --- Loop #588 starting ---
[2026-09-17 14:30:02] [INFO] [BiharFloodAuto] Executing 'git pull' to check for updates...
[2026-09-17 14:30:05] [INFO] [BiharFloodAuto] Repository is already up to date.
[2026-09-17 14:30:06] [INFO] [BiharFloodAuto] Searching Gmail for emails with 'Inundation Probability' from the last 15 days...
[2026-09-17 14:30:06] [INFO] [BiharFloodAuto] No new (undownloaded) matching emails found.
[2026-09-17 14:30:06] [INFO] [paramiko.transport] Connected (version 2.0, client OpenSSH_8.9p1)
[2026-09-17 14:30:06] [INFO] [paramiko.transport] Authentication (password) successful!
[2026-09-17 14:30:07] [INFO] [paramiko.transport.sftp] [chan 0] Opened sftp connection (server version 3)
[2026-09-17 14:30:07] [INFO] [BiharFloodAuto] [+] Overwriting: 29082026.zip -> server...
[2026-09-17 14:30:07] [INFO] [BiharFloodAuto] [+] Overwriting: 16092026.zip -> server...
[2026-09-17 14:30:07] [INFO] [BiharFloodAuto] [+] Overwriting: 18092026.zip -> server...
[2026-09-17 14:30:07] [INFO] [BiharFloodAuto] [+] Overwriting: 11092026.zip -> server...
[2026-09-17 14:30:07] [INFO] [BiharFloodAuto] [+] Overwriting: 28082026.zip -> server...
[2026-09-17 14:30:07] [INFO] [BiharFloodAuto] [+] Overwriting: 05092026.zip -> server...
[2026-09-17 14:30:07] [INFO] [BiharFloodAuto] [+] Overwriting: 12092026.zip -> server...
[2026-09-17 14:30:07] [INFO] [BiharFloodAuto] [+] Overwriting: 07092026.zip -> server...
[2026-09-17 14:30:07] [INFO] [BiharFloodAuto] [+] Overwriting: 17092026.zip -> server...
[2026-09-17 14:30:07] [INFO] [BiharFloodAuto] [+] Overwriting: 13092026.zip -> server...
[2026-09-17 14:30:07] [INFO] [BiharFloodAuto] [+] Overwriting: 08092026.zip -> server...
[2026-09-17 14:30:07] [INFO] [BiharFloodAuto] [+] Overwriting: 14092026.zip -> server...
[2026-09-17 14:30:07] [INFO] [BiharFloodAuto] [+] Overwriting: 02092026.zip -> server...
[2026-09-17 14:30:07] [INFO] [BiharFloodAuto] [+] Overwriting: 27082026.zip -> server...
[2026-09-17 14:30:07] [INFO] [BiharFloodAuto] [+] Overwriting: 09092026.zip -> server...
[2026-09-17 14:30:07] [INFO] [BiharFloodAuto] [+] Overwriting: 10092026.zip -> server...
[2026-09-17 14:30:07] [INFO] [BiharFloodAuto] [+] Overwriting: 06092026.zip -> server...
[2026-09-17 14:30:08] [INFO] [BiharFloodAuto] [+] Overwriting: 30082026.zip -> server...
[2026-09-17 14:30:08] [INFO] [BiharFloodAuto] [+] Overwriting: 15092026.zip -> server...
[2026-09-17 14:30:08] [INFO] [BiharFloodAuto] [+] Overwriting: 01092026.zip -> server...
[2026-09-17 14:30:08] [INFO] [BiharFloodAuto] [+] Overwriting: 04092026.zip -> server...
[2026-09-17 14:30:08] [INFO] [BiharFloodAuto] [+] Overwriting: 31082026.zip -> server...
[2026-09-17 14:30:08] [INFO] [BiharFloodAuto] [+] Overwriting: 03092026.zip -> server...
[2026-09-17 14:30:08] [INFO] [BiharFloodAuto] [+] Successfully copied 23 file(s).
[2026-09-17 14:30:08] [INFO] [paramiko.transport.sftp] [chan 0] sftp session closed.
[2026-09-17 14:30:11] [INFO] [BiharFloodAuto] Successfully pushed automation.log to Git.
[2026-09-17 14:30:11] [INFO] [BiharFloodAuto] --- Loop #588 complete ---
[2026-09-17 14:30:11] [INFO] [BiharFloodAuto] Sleeping for 15 minutes. Next check at 14:45:11. (Use 'Run Now' on the dashboard to skip this.)
[2026-09-17 14:45:11] [INFO] [BiharFloodAuto] --- Loop #589 starting ---
[2026-09-17 14:45:11] [INFO] [BiharFloodAuto] Executing 'git pull' to check for updates...
[2026-09-17 14:45:14] [INFO] [BiharFloodAuto] Repository is already up to date.
[2026-09-17 14:45:19] [INFO] [BiharFloodAuto] Searching Gmail for emails with 'Inundation Probability' from the last 15 days...
[2026-09-17 14:45:20] [INFO] [BiharFloodAuto] No new (undownloaded) matching emails found.
[2026-09-17 14:45:21] [INFO] [paramiko.transport] Connected (version 2.0, client OpenSSH_8.9p1)
[2026-09-17 14:45:21] [INFO] [paramiko.transport] Authentication (password) successful!
[2026-09-17 14:45:21] [INFO] [paramiko.transport.sftp] [chan 0] Opened sftp connection (server version 3)
[2026-09-17 14:45:21] [INFO] [BiharFloodAuto] [+] Overwriting: 29082026.zip -> server...
[2026-09-17 14:45:21] [INFO] [BiharFloodAuto] [+] Overwriting: 16092026.zip -> server...
[2026-09-17 14:45:21] [INFO] [BiharFloodAuto] [+] Overwriting: 18092026.zip -> server...
[2026-09-17 14:45:21] [INFO] [BiharFloodAuto] [+] Overwriting: 11092026.zip -> server...
[2026-09-17 14:45:21] [INFO] [BiharFloodAuto] [+] Overwriting: 28082026.zip -> server...
[2026-09-17 14:45:21] [INFO] [BiharFloodAuto] [+] Overwriting: 05092026.zip -> server...
[2026-09-17 14:45:21] [INFO] [BiharFloodAuto] [+] Overwriting: 12092026.zip -> server...
[2026-09-17 14:45:21] [INFO] [BiharFloodAuto] [+] Overwriting: 07092026.zip -> server...
[2026-09-17 14:45:21] [INFO] [BiharFloodAuto] [+] Overwriting: 17092026.zip -> server...
[2026-09-17 14:45:22] [INFO] [BiharFloodAuto] [+] Overwriting: 13092026.zip -> server...
[2026-09-17 14:45:22] [INFO] [BiharFloodAuto] [+] Overwriting: 08092026.zip -> server...
[2026-09-17 14:45:22] [INFO] [BiharFloodAuto] [+] Overwriting: 14092026.zip -> server...
[2026-09-17 14:45:22] [INFO] [BiharFloodAuto] [+] Overwriting: 02092026.zip -> server...
[2026-09-17 14:45:22] [INFO] [BiharFloodAuto] [+] Overwriting: 27082026.zip -> server...
[2026-09-17 14:45:22] [INFO] [BiharFloodAuto] [+] Overwriting: 09092026.zip -> server...
[2026-09-17 14:45:22] [INFO] [BiharFloodAuto] [+] Overwriting: 10092026.zip -> server...
[2026-09-17 14:45:22] [INFO] [BiharFloodAuto] [+] Overwriting: 06092026.zip -> server...
[2026-09-17 14:45:22] [INFO] [BiharFloodAuto] [+] Overwriting: 30082026.zip -> server...
[2026-09-17 14:45:22] [INFO] [BiharFloodAuto] [+] Overwriting: 15092026.zip -> server...
[2026-09-17 14:45:22] [INFO] [BiharFloodAuto] [+] Overwriting: 01092026.zip -> server...
[2026-09-17 14:45:22] [INFO] [BiharFloodAuto] [+] Overwriting: 04092026.zip -> server...
[2026-09-17 14:45:23] [INFO] [BiharFloodAuto] [+] Overwriting: 31082026.zip -> server...
[2026-09-17 14:45:23] [INFO] [BiharFloodAuto] [+] Overwriting: 03092026.zip -> server...
[2026-09-17 14:45:23] [INFO] [BiharFloodAuto] [+] Successfully copied 23 file(s).
[2026-09-17 14:45:23] [INFO] [paramiko.transport.sftp] [chan 0] sftp session closed.
[2026-09-17 14:45:27] [INFO] [BiharFloodAuto] Successfully pushed automation.log to Git.
[2026-09-17 14:45:27] [INFO] [BiharFloodAuto] --- Loop #589 complete ---
[2026-09-17 14:45:27] [INFO] [BiharFloodAuto] Sleeping for 15 minutes. Next check at 15:00:27. (Use 'Run Now' on the dashboard to skip this.)
[2026-09-17 15:00:27] [INFO] [BiharFloodAuto] --- Loop #590 starting ---
[2026-09-17 15:00:27] [INFO] [BiharFloodAuto] Executing 'git pull' to check for updates...
[2026-09-17 15:00:31] [INFO] [BiharFloodAuto] Repository is already up to date.
[2026-09-17 15:00:31] [INFO] [BiharFloodAuto] Searching Gmail for emails with 'Inundation Probability' from the last 15 days...
[2026-09-17 15:00:32] [INFO] [BiharFloodAuto] No new (undownloaded) matching emails found.
[2026-09-17 15:00:32] [INFO] [paramiko.transport] Connected (version 2.0, client OpenSSH_8.9p1)
[2026-09-17 15:00:32] [INFO] [paramiko.transport] Authentication (password) successful!
[2026-09-17 15:00:32] [INFO] [paramiko.transport.sftp] [chan 0] Opened sftp connection (server version 3)
[2026-09-17 15:00:32] [INFO] [BiharFloodAuto] [+] Overwriting: 29082026.zip -> server...
[2026-09-17 15:00:32] [INFO] [BiharFloodAuto] [+] Overwriting: 16092026.zip -> server...
[2026-09-17 15:00:32] [INFO] [BiharFloodAuto] [+] Overwriting: 18092026.zip -> server...
[2026-09-17 15:00:32] [INFO] [BiharFloodAuto] [+] Overwriting: 11092026.zip -> server...
[2026-09-17 15:00:32] [INFO] [BiharFloodAuto] [+] Overwriting: 28082026.zip -> server...
[2026-09-17 15:00:33] [INFO] [BiharFloodAuto] [+] Overwriting: 05092026.zip -> server...
[2026-09-17 15:00:33] [INFO] [BiharFloodAuto] [+] Overwriting: 12092026.zip -> server...
[2026-09-17 15:00:33] [INFO] [BiharFloodAuto] [+] Overwriting: 07092026.zip -> server...
[2026-09-17 15:00:33] [INFO] [BiharFloodAuto] [+] Overwriting: 17092026.zip -> server...
[2026-09-17 15:00:33] [INFO] [BiharFloodAuto] [+] Overwriting: 13092026.zip -> server...
[2026-09-17 15:00:33] [INFO] [BiharFloodAuto] [+] Overwriting: 08092026.zip -> server...
[2026-09-17 15:00:33] [INFO] [BiharFloodAuto] [+] Overwriting: 14092026.zip -> server...
[2026-09-17 15:00:33] [INFO] [BiharFloodAuto] [+] Overwriting: 02092026.zip -> server...
[2026-09-17 15:00:33] [INFO] [BiharFloodAuto] [+] Overwriting: 27082026.zip -> server...
[2026-09-17 15:00:33] [INFO] [BiharFloodAuto] [+] Overwriting: 09092026.zip -> server...
[2026-09-17 15:00:33] [INFO] [BiharFloodAuto] [+] Overwriting: 10092026.zip -> server...
[2026-09-17 15:00:33] [INFO] [BiharFloodAuto] [+] Overwriting: 06092026.zip -> server...
[2026-09-17 15:00:33] [INFO] [BiharFloodAuto] [+] Overwriting: 30082026.zip -> server...
[2026-09-17 15:00:33] [INFO] [BiharFloodAuto] [+] Overwriting: 15092026.zip -> server...
[2026-09-17 15:00:34] [INFO] [BiharFloodAuto] [+] Overwriting: 01092026.zip -> server...
[2026-09-17 15:00:34] [INFO] [BiharFloodAuto] [+] Overwriting: 04092026.zip -> server...
[2026-09-17 15:00:34] [INFO] [BiharFloodAuto] [+] Overwriting: 31082026.zip -> server...
[2026-09-17 15:00:34] [INFO] [BiharFloodAuto] [+] Overwriting: 03092026.zip -> server...
[2026-09-17 15:00:34] [INFO] [BiharFloodAuto] [+] Successfully copied 23 file(s).
[2026-09-17 15:00:34] [INFO] [paramiko.transport.sftp] [chan 0] sftp session closed.
[2026-09-17 15:00:37] [INFO] [BiharFloodAuto] Successfully pushed automation.log to Git.
[2026-09-17 15:00:37] [INFO] [BiharFloodAuto] --- Loop #590 complete ---
[2026-09-17 15:00:37] [INFO] [BiharFloodAuto] Sleeping for 15 minutes. Next check at 15:15:37. (Use 'Run Now' on the dashboard to skip this.)
[2026-09-17 15:15:37] [INFO] [BiharFloodAuto] --- Loop #591 starting ---
[2026-09-17 15:15:37] [INFO] [BiharFloodAuto] Executing 'git pull' to check for updates...
[2026-09-17 15:15:40] [INFO] [BiharFloodAuto] Repository is already up to date.
[2026-09-17 15:15:40] [INFO] [BiharFloodAuto] Searching Gmail for emails with 'Inundation Probability' from the last 15 days...
[2026-09-17 15:15:41] [INFO] [BiharFloodAuto] No new (undownloaded) matching emails found.
[2026-09-17 15:15:41] [INFO] [paramiko.transport] Connected (version 2.0, client OpenSSH_8.9p1)
[2026-09-17 15:15:41] [INFO] [paramiko.transport] Authentication (password) successful!
[2026-09-17 15:15:41] [INFO] [paramiko.transport.sftp] [chan 0] Opened sftp connection (server version 3)
[2026-09-17 15:15:41] [INFO] [BiharFloodAuto] [+] Overwriting: 29082026.zip -> server...
[2026-09-17 15:15:41] [INFO] [BiharFloodAuto] [+] Overwriting: 16092026.zip -> server...
[2026-09-17 15:15:41] [INFO] [BiharFloodAuto] [+] Overwriting: 18092026.zip -> server...
[2026-09-17 15:15:41] [INFO] [BiharFloodAuto] [+] Overwriting: 11092026.zip -> server...
[2026-09-17 15:15:42] [INFO] [BiharFloodAuto] [+] Overwriting: 28082026.zip -> server...
[2026-09-17 15:15:42] [INFO] [BiharFloodAuto] [+] Overwriting: 05092026.zip -> server...
[2026-09-17 15:15:42] [INFO] [BiharFloodAuto] [+] Overwriting: 12092026.zip -> server...
[2026-09-17 15:15:42] [INFO] [BiharFloodAuto] [+] Overwriting: 07092026.zip -> server...
[2026-09-17 15:15:42] [INFO] [BiharFloodAuto] [+] Overwriting: 17092026.zip -> server...
[2026-09-17 15:15:42] [INFO] [BiharFloodAuto] [+] Overwriting: 13092026.zip -> server...
[2026-09-17 15:15:42] [INFO] [BiharFloodAuto] [+] Overwriting: 08092026.zip -> server...
[2026-09-17 15:15:42] [INFO] [BiharFloodAuto] [+] Overwriting: 14092026.zip -> server...
[2026-09-17 15:15:42] [INFO] [BiharFloodAuto] [+] Overwriting: 02092026.zip -> server...
[2026-09-17 15:15:42] [INFO] [BiharFloodAuto] [+] Overwriting: 27082026.zip -> server...
[2026-09-17 15:15:42] [INFO] [BiharFloodAuto] [+] Overwriting: 09092026.zip -> server...
[2026-09-17 15:15:42] [INFO] [BiharFloodAuto] [+] Overwriting: 10092026.zip -> server...
[2026-09-17 15:15:42] [INFO] [BiharFloodAuto] [+] Overwriting: 06092026.zip -> server...
[2026-09-17 15:15:42] [INFO] [BiharFloodAuto] [+] Overwriting: 30082026.zip -> server...
[2026-09-17 15:15:42] [INFO] [BiharFloodAuto] [+] Overwriting: 15092026.zip -> server...
[2026-09-17 15:15:42] [INFO] [BiharFloodAuto] [+] Overwriting: 01092026.zip -> server...
[2026-09-17 15:15:42] [INFO] [BiharFloodAuto] [+] Overwriting: 04092026.zip -> server...
[2026-09-17 15:15:42] [INFO] [BiharFloodAuto] [+] Overwriting: 31082026.zip -> server...
[2026-09-17 15:15:42] [INFO] [BiharFloodAuto] [+] Overwriting: 03092026.zip -> server...
[2026-09-17 15:15:42] [INFO] [BiharFloodAuto] [+] Successfully copied 23 file(s).
[2026-09-17 15:15:42] [INFO] [paramiko.transport.sftp] [chan 0] sftp session closed.
[2026-09-17 15:15:46] [INFO] [BiharFloodAuto] Successfully pushed automation.log to Git.
[2026-09-17 15:15:46] [INFO] [BiharFloodAuto] --- Loop #591 complete ---
[2026-09-17 15:15:46] [INFO] [BiharFloodAuto] Sleeping for 15 minutes. Next check at 15:30:46. (Use 'Run Now' on the dashboard to skip this.)
[2026-09-17 15:30:46] [INFO] [BiharFloodAuto] --- Loop #592 starting ---
[2026-09-17 15:30:46] [INFO] [BiharFloodAuto] Executing 'git pull' to check for updates...
[2026-09-17 15:30:49] [INFO] [BiharFloodAuto] Repository is already up to date.
[2026-09-17 15:30:49] [INFO] [BiharFloodAuto] Searching Gmail for emails with 'Inundation Probability' from the last 15 days...
[2026-09-17 15:30:50] [INFO] [BiharFloodAuto] No new (undownloaded) matching emails found.
[2026-09-17 15:30:50] [INFO] [paramiko.transport] Connected (version 2.0, client OpenSSH_8.9p1)
[2026-09-17 15:30:50] [INFO] [paramiko.transport] Authentication (password) successful!
[2026-09-17 15:30:50] [INFO] [paramiko.transport.sftp] [chan 0] Opened sftp connection (server version 3)
[2026-09-17 15:30:50] [INFO] [BiharFloodAuto] [+] Overwriting: 29082026.zip -> server...
[2026-09-17 15:30:50] [INFO] [BiharFloodAuto] [+] Overwriting: 16092026.zip -> server...
[2026-09-17 15:30:50] [INFO] [BiharFloodAuto] [+] Overwriting: 18092026.zip -> server...
[2026-09-17 15:30:51] [INFO] [BiharFloodAuto] [+] Overwriting: 11092026.zip -> server...
[2026-09-17 15:30:51] [INFO] [BiharFloodAuto] [+] Overwriting: 28082026.zip -> server...
[2026-09-17 15:30:51] [INFO] [BiharFloodAuto] [+] Overwriting: 05092026.zip -> server...
[2026-09-17 15:30:51] [INFO] [BiharFloodAuto] [+] Overwriting: 12092026.zip -> server...
[2026-09-17 15:30:51] [INFO] [BiharFloodAuto] [+] Overwriting: 07092026.zip -> server...
[2026-09-17 15:30:51] [INFO] [BiharFloodAuto] [+] Overwriting: 17092026.zip -> server...
[2026-09-17 15:30:51] [INFO] [BiharFloodAuto] [+] Overwriting: 13092026.zip -> server...
[2026-09-17 15:30:51] [INFO] [BiharFloodAuto] [+] Overwriting: 08092026.zip -> server...
[2026-09-17 15:30:51] [INFO] [BiharFloodAuto] [+] Overwriting: 14092026.zip -> server...
[2026-09-17 15:30:51] [INFO] [BiharFloodAuto] [+] Overwriting: 02092026.zip -> server...
[2026-09-17 15:30:51] [INFO] [BiharFloodAuto] [+] Overwriting: 27082026.zip -> server...
[2026-09-17 15:30:51] [INFO] [BiharFloodAuto] [+] Overwriting: 09092026.zip -> server...
[2026-09-17 15:30:52] [INFO] [BiharFloodAuto] [+] Overwriting: 10092026.zip -> server...
[2026-09-17 15:30:52] [INFO] [BiharFloodAuto] [+] Overwriting: 06092026.zip -> server...
[2026-09-17 15:30:52] [INFO] [BiharFloodAuto] [+] Overwriting: 30082026.zip -> server...
[2026-09-17 15:30:52] [INFO] [BiharFloodAuto] [+] Overwriting: 15092026.zip -> server...
[2026-09-17 15:30:52] [INFO] [BiharFloodAuto] [+] Overwriting: 01092026.zip -> server...
[2026-09-17 15:30:52] [INFO] [BiharFloodAuto] [+] Overwriting: 04092026.zip -> server...
[2026-09-17 15:30:52] [INFO] [BiharFloodAuto] [+] Overwriting: 31082026.zip -> server...
[2026-09-17 15:30:52] [INFO] [BiharFloodAuto] [+] Overwriting: 03092026.zip -> server...
[2026-09-17 15:30:52] [INFO] [BiharFloodAuto] [+] Successfully copied 23 file(s).
[2026-09-17 15:30:52] [INFO] [paramiko.transport.sftp] [chan 0] sftp session closed.
[2026-09-17 15:30:55] [INFO] [BiharFloodAuto] Successfully pushed automation.log to Git.
[2026-09-17 15:30:55] [INFO] [BiharFloodAuto] --- Loop #592 complete ---
[2026-09-17 15:30:55] [INFO] [BiharFloodAuto] Sleeping for 15 minutes. Next check at 15:45:55. (Use 'Run Now' on the dashboard to skip this.)
[2026-09-17 15:45:55] [INFO] [BiharFloodAuto] --- Loop #593 starting ---
[2026-09-17 15:45:55] [INFO] [BiharFloodAuto] Executing 'git pull' to check for updates...
[2026-09-17 15:45:58] [INFO] [BiharFloodAuto] Repository is already up to date.
[2026-09-17 15:45:59] [INFO] [BiharFloodAuto] Searching Gmail for emails with 'Inundation Probability' from the last 15 days...
[2026-09-17 15:45:59] [INFO] [BiharFloodAuto] No new (undownloaded) matching emails found.
[2026-09-17 15:45:59] [INFO] [paramiko.transport] Connected (version 2.0, client OpenSSH_8.9p1)
[2026-09-17 15:46:00] [INFO] [paramiko.transport] Authentication (password) successful!
[2026-09-17 15:46:00] [INFO] [paramiko.transport.sftp] [chan 0] Opened sftp connection (server version 3)
[2026-09-17 15:46:00] [INFO] [BiharFloodAuto] [+] Overwriting: 29082026.zip -> server...
[2026-09-17 15:46:00] [INFO] [BiharFloodAuto] [+] Overwriting: 16092026.zip -> server...
[2026-09-17 15:46:00] [INFO] [BiharFloodAuto] [+] Overwriting: 18092026.zip -> server...
[2026-09-17 15:46:00] [INFO] [BiharFloodAuto] [+] Overwriting: 11092026.zip -> server...
[2026-09-17 15:46:00] [INFO] [BiharFloodAuto] [+] Overwriting: 28082026.zip -> server...
[2026-09-17 15:46:00] [INFO] [BiharFloodAuto] [+] Overwriting: 05092026.zip -> server...
[2026-09-17 15:46:00] [INFO] [BiharFloodAuto] [+] Overwriting: 12092026.zip -> server...
[2026-09-17 15:46:00] [INFO] [BiharFloodAuto] [+] Overwriting: 07092026.zip -> server...
[2026-09-17 15:46:00] [INFO] [BiharFloodAuto] [+] Overwriting: 17092026.zip -> server...
[2026-09-17 15:46:00] [INFO] [BiharFloodAuto] [+] Overwriting: 13092026.zip -> server...
[2026-09-17 15:46:00] [INFO] [BiharFloodAuto] [+] Overwriting: 08092026.zip -> server...
[2026-09-17 15:46:01] [INFO] [BiharFloodAuto] [+] Overwriting: 14092026.zip -> server...
[2026-09-17 15:46:01] [INFO] [BiharFloodAuto] [+] Overwriting: 02092026.zip -> server...
[2026-09-17 15:46:01] [INFO] [BiharFloodAuto] [+] Overwriting: 27082026.zip -> server...
[2026-09-17 15:46:01] [INFO] [BiharFloodAuto] [+] Overwriting: 09092026.zip -> server...
[2026-09-17 15:46:01] [INFO] [BiharFloodAuto] [+] Overwriting: 10092026.zip -> server...
[2026-09-17 15:46:01] [INFO] [BiharFloodAuto] [+] Overwriting: 06092026.zip -> server...
[2026-09-17 15:46:01] [INFO] [BiharFloodAuto] [+] Overwriting: 30082026.zip -> server...
[2026-09-17 15:46:01] [INFO] [BiharFloodAuto] [+] Overwriting: 15092026.zip -> server...
[2026-09-17 15:46:01] [INFO] [BiharFloodAuto] [+] Overwriting: 01092026.zip -> server...
[2026-09-17 15:46:01] [INFO] [BiharFloodAuto] [+] Overwriting: 04092026.zip -> server...
[2026-09-17 15:46:01] [INFO] [BiharFloodAuto] [+] Overwriting: 31082026.zip -> server...
[2026-09-17 15:46:01] [INFO] [BiharFloodAuto] [+] Overwriting: 03092026.zip -> server...
[2026-09-17 15:46:02] [INFO] [BiharFloodAuto] [+] Successfully copied 23 file(s).
[2026-09-17 15:46:02] [INFO] [paramiko.transport.sftp] [chan 0] sftp session closed.
[2026-09-17 15:46:05] [INFO] [BiharFloodAuto] Successfully pushed automation.log to Git.
[2026-09-17 15:46:05] [INFO] [BiharFloodAuto] --- Loop #593 complete ---
[2026-09-17 15:46:05] [INFO] [BiharFloodAuto] Sleeping for 15 minutes. Next check at 16:01:05. (Use 'Run Now' on the dashboard to skip this.)
[2026-09-17 16:01:05] [INFO] [BiharFloodAuto] --- Loop #594 starting ---
[2026-09-17 16:01:05] [INFO] [BiharFloodAuto] Executing 'git pull' to check for updates...
[2026-09-17 16:01:08] [INFO] [BiharFloodAuto] Repository is already up to date.
[2026-09-17 16:01:08] [INFO] [BiharFloodAuto] Searching Gmail for emails with 'Inundation Probability' from the last 15 days...
[2026-09-17 16:01:09] [INFO] [BiharFloodAuto] No new (undownloaded) matching emails found.
[2026-09-17 16:01:09] [INFO] [paramiko.transport] Connected (version 2.0, client OpenSSH_8.9p1)
[2026-09-17 16:01:09] [INFO] [paramiko.transport] Authentication (password) successful!
[2026-09-17 16:01:10] [INFO] [paramiko.transport.sftp] [chan 0] Opened sftp connection (server version 3)
[2026-09-17 16:01:10] [INFO] [BiharFloodAuto] [+] Overwriting: 29082026.zip -> server...
[2026-09-17 16:01:10] [INFO] [BiharFloodAuto] [+] Overwriting: 16092026.zip -> server...
[2026-09-17 16:01:10] [INFO] [BiharFloodAuto] [+] Overwriting: 18092026.zip -> server...
[2026-09-17 16:01:10] [INFO] [BiharFloodAuto] [+] Overwriting: 11092026.zip -> server...
[2026-09-17 16:01:10] [INFO] [BiharFloodAuto] [+] Overwriting: 28082026.zip -> server...
[2026-09-17 16:01:10] [INFO] [BiharFloodAuto] [+] Overwriting: 05092026.zip -> server...
[2026-09-17 16:01:10] [INFO] [BiharFloodAuto] [+] Overwriting: 12092026.zip -> server...
[2026-09-17 16:01:10] [INFO] [BiharFloodAuto] [+] Overwriting: 07092026.zip -> server...
[2026-09-17 16:01:10] [INFO] [BiharFloodAuto] [+] Overwriting: 17092026.zip -> server...
[2026-09-17 16:01:10] [INFO] [BiharFloodAuto] [+] Overwriting: 13092026.zip -> server...
[2026-09-17 16:01:11] [INFO] [BiharFloodAuto] [+] Overwriting: 08092026.zip -> server...
[2026-09-17 16:01:11] [INFO] [BiharFloodAuto] [+] Overwriting: 14092026.zip -> server...
[2026-09-17 16:01:11] [INFO] [BiharFloodAuto] [+] Overwriting: 02092026.zip -> server...
[2026-09-17 16:01:11] [INFO] [BiharFloodAuto] [+] Overwriting: 27082026.zip -> server...
[2026-09-17 16:01:11] [INFO] [BiharFloodAuto] [+] Overwriting: 09092026.zip -> server...
[2026-09-17 16:01:11] [INFO] [BiharFloodAuto] [+] Overwriting: 10092026.zip -> server...
[2026-09-17 16:01:11] [INFO] [BiharFloodAuto] [+] Overwriting: 06092026.zip -> server...
[2026-09-17 16:01:11] [INFO] [BiharFloodAuto] [+] Overwriting: 30082026.zip -> server...
[2026-09-17 16:01:11] [INFO] [BiharFloodAuto] [+] Overwriting: 15092026.zip -> server...
[2026-09-17 16:01:11] [INFO] [BiharFloodAuto] [+] Overwriting: 01092026.zip -> server...
[2026-09-17 16:01:11] [INFO] [BiharFloodAuto] [+] Overwriting: 04092026.zip -> server...
[2026-09-17 16:01:11] [INFO] [BiharFloodAuto] [+] Overwriting: 31082026.zip -> server...
[2026-09-17 16:01:11] [INFO] [BiharFloodAuto] [+] Overwriting: 03092026.zip -> server...
[2026-09-17 16:01:12] [INFO] [BiharFloodAuto] [+] Successfully copied 23 file(s).
[2026-09-17 16:01:12] [INFO] [paramiko.transport.sftp] [chan 0] sftp session closed.
[2026-09-17 16:01:15] [INFO] [BiharFloodAuto] Successfully pushed automation.log to Git.
[2026-09-17 16:01:15] [INFO] [BiharFloodAuto] --- Loop #594 complete ---
[2026-09-17 16:01:15] [INFO] [BiharFloodAuto] Sleeping for 15 minutes. Next check at 16:16:15. (Use 'Run Now' on the dashboard to skip this.)
[2026-09-17 16:16:15] [INFO] [BiharFloodAuto] --- Loop #595 starting ---
[2026-09-17 16:16:15] [INFO] [BiharFloodAuto] Executing 'git pull' to check for updates...
[2026-09-17 16:16:18] [INFO] [BiharFloodAuto] Repository is already up to date.
[2026-09-17 16:16:19] [INFO] [BiharFloodAuto] Searching Gmail for emails with 'Inundation Probability' from the last 15 days...
[2026-09-17 16:16:20] [INFO] [BiharFloodAuto] No new (undownloaded) matching emails found.
[2026-09-17 16:16:20] [INFO] [paramiko.transport] Connected (version 2.0, client OpenSSH_8.9p1)
[2026-09-17 16:16:20] [INFO] [paramiko.transport] Authentication (password) successful!
[2026-09-17 16:16:20] [INFO] [paramiko.transport.sftp] [chan 0] Opened sftp connection (server version 3)
[2026-09-17 16:16:20] [INFO] [BiharFloodAuto] [+] Overwriting: 29082026.zip -> server...
[2026-09-17 16:16:20] [INFO] [BiharFloodAuto] [+] Overwriting: 16092026.zip -> server...
[2026-09-17 16:16:20] [INFO] [BiharFloodAuto] [+] Overwriting: 18092026.zip -> server...
[2026-09-17 16:16:20] [INFO] [BiharFloodAuto] [+] Overwriting: 11092026.zip -> server...
[2026-09-17 16:16:20] [INFO] [BiharFloodAuto] [+] Overwriting: 28082026.zip -> server...
[2026-09-17 16:16:20] [INFO] [BiharFloodAuto] [+] Overwriting: 05092026.zip -> server...
[2026-09-17 16:16:20] [INFO] [BiharFloodAuto] [+] Overwriting: 12092026.zip -> server...
[2026-09-17 16:16:20] [INFO] [BiharFloodAuto] [+] Overwriting: 07092026.zip -> server...
[2026-09-17 16:16:20] [INFO] [BiharFloodAuto] [+] Overwriting: 17092026.zip -> server...
[2026-09-17 16:16:20] [INFO] [BiharFloodAuto] [+] Overwriting: 13092026.zip -> server...
[2026-09-17 16:16:20] [INFO] [BiharFloodAuto] [+] Overwriting: 08092026.zip -> server...
[2026-09-17 16:16:21] [INFO] [BiharFloodAuto] [+] Overwriting: 14092026.zip -> server...
[2026-09-17 16:16:21] [INFO] [BiharFloodAuto] [+] Overwriting: 02092026.zip -> server...
[2026-09-17 16:16:21] [INFO] [BiharFloodAuto] [+] Overwriting: 27082026.zip -> server...
[2026-09-17 16:16:21] [INFO] [BiharFloodAuto] [+] Overwriting: 09092026.zip -> server...
[2026-09-17 16:16:21] [INFO] [BiharFloodAuto] [+] Overwriting: 10092026.zip -> server...
[2026-09-17 16:16:21] [INFO] [BiharFloodAuto] [+] Overwriting: 06092026.zip -> server...
[2026-09-17 16:16:21] [INFO] [BiharFloodAuto] [+] Overwriting: 30082026.zip -> server...
[2026-09-17 16:16:21] [INFO] [BiharFloodAuto] [+] Overwriting: 15092026.zip -> server...
[2026-09-17 16:16:21] [INFO] [BiharFloodAuto] [+] Overwriting: 01092026.zip -> server...
[2026-09-17 16:16:21] [INFO] [BiharFloodAuto] [+] Overwriting: 04092026.zip -> server...
[2026-09-17 16:16:21] [INFO] [BiharFloodAuto] [+] Overwriting: 31082026.zip -> server...
[2026-09-17 16:16:21] [INFO] [BiharFloodAuto] [+] Overwriting: 03092026.zip -> server...
[2026-09-17 16:16:21] [INFO] [BiharFloodAuto] [+] Successfully copied 23 file(s).
[2026-09-17 16:16:21] [INFO] [paramiko.transport.sftp] [chan 0] sftp session closed.
[2026-09-17 16:16:25] [INFO] [BiharFloodAuto] Successfully pushed automation.log to Git.
[2026-09-17 16:16:25] [INFO] [BiharFloodAuto] --- Loop #595 complete ---
[2026-09-17 16:16:25] [INFO] [BiharFloodAuto] Sleeping for 15 minutes. Next check at 16:31:25. (Use 'Run Now' on the dashboard to skip this.)
[2026-09-17 16:31:25] [INFO] [BiharFloodAuto] --- Loop #596 starting ---
[2026-09-17 16:31:25] [INFO] [BiharFloodAuto] Executing 'git pull' to check for updates...
[2026-09-17 16:31:27] [INFO] [BiharFloodAuto] Repository is already up to date.
[2026-09-17 16:31:28] [INFO] [BiharFloodAuto] Searching Gmail for emails with 'Inundation Probability' from the last 15 days...
[2026-09-17 16:31:29] [INFO] [BiharFloodAuto] No new (undownloaded) matching emails found.
[2026-09-17 16:31:29] [INFO] [paramiko.transport] Connected (version 2.0, client OpenSSH_8.9p1)
[2026-09-17 16:31:29] [INFO] [paramiko.transport] Authentication (password) successful!
[2026-09-17 16:31:29] [INFO] [paramiko.transport.sftp] [chan 0] Opened sftp connection (server version 3)
[2026-09-17 16:31:29] [INFO] [BiharFloodAuto] [+] Overwriting: 29082026.zip -> server...
[2026-09-17 16:31:29] [INFO] [BiharFloodAuto] [+] Overwriting: 16092026.zip -> server...
[2026-09-17 16:31:29] [INFO] [BiharFloodAuto] [+] Overwriting: 18092026.zip -> server...
[2026-09-17 16:31:29] [INFO] [BiharFloodAuto] [+] Overwriting: 11092026.zip -> server...
[2026-09-17 16:31:29] [INFO] [BiharFloodAuto] [+] Overwriting: 28082026.zip -> server...
[2026-09-17 16:31:29] [INFO] [BiharFloodAuto] [+] Overwriting: 05092026.zip -> server...
[2026-09-17 16:31:30] [INFO] [BiharFloodAuto] [+] Overwriting: 12092026.zip -> server...
[2026-09-17 16:31:30] [INFO] [BiharFloodAuto] [+] Overwriting: 07092026.zip -> server...
[2026-09-17 16:31:30] [INFO] [BiharFloodAuto] [+] Overwriting: 17092026.zip -> server...
[2026-09-17 16:31:30] [INFO] [BiharFloodAuto] [+] Overwriting: 13092026.zip -> server...
[2026-09-17 16:31:30] [INFO] [BiharFloodAuto] [+] Overwriting: 08092026.zip -> server...
[2026-09-17 16:31:30] [INFO] [BiharFloodAuto] [+] Overwriting: 14092026.zip -> server...
[2026-09-17 16:31:30] [INFO] [BiharFloodAuto] [+] Overwriting: 02092026.zip -> server...
[2026-09-17 16:31:30] [INFO] [BiharFloodAuto] [+] Overwriting: 27082026.zip -> server...
[2026-09-17 16:31:30] [INFO] [BiharFloodAuto] [+] Overwriting: 09092026.zip -> server...
[2026-09-17 16:31:30] [INFO] [BiharFloodAuto] [+] Overwriting: 10092026.zip -> server...
[2026-09-17 16:31:30] [INFO] [BiharFloodAuto] [+] Overwriting: 06092026.zip -> server...
[2026-09-17 16:31:31] [INFO] [BiharFloodAuto] [+] Overwriting: 30082026.zip -> server...
[2026-09-17 16:31:31] [INFO] [BiharFloodAuto] [+] Overwriting: 15092026.zip -> server...
[2026-09-17 16:31:31] [INFO] [BiharFloodAuto] [+] Overwriting: 01092026.zip -> server...
[2026-09-17 16:31:31] [INFO] [BiharFloodAuto] [+] Overwriting: 04092026.zip -> server...
[2026-09-17 16:31:31] [INFO] [BiharFloodAuto] [+] Overwriting: 31082026.zip -> server...
[2026-09-17 16:31:31] [INFO] [BiharFloodAuto] [+] Overwriting: 03092026.zip -> server...
[2026-09-17 16:31:31] [INFO] [BiharFloodAuto] [+] Successfully copied 23 file(s).
[2026-09-17 16:31:31] [INFO] [paramiko.transport.sftp] [chan 0] sftp session closed.
[2026-09-17 16:31:34] [INFO] [BiharFloodAuto] Successfully pushed automation.log to Git.
[2026-09-17 16:31:34] [INFO] [BiharFloodAuto] --- Loop #596 complete ---
[2026-09-17 16:31:34] [INFO] [BiharFloodAuto] Sleeping for 15 minutes. Next check at 16:46:34. (Use 'Run Now' on the dashboard to skip this.)
[2026-09-17 16:46:34] [INFO] [BiharFloodAuto] --- Loop #597 starting ---
[2026-09-17 16:46:34] [INFO] [BiharFloodAuto] Executing 'git pull' to check for updates...
[2026-09-17 16:46:37] [INFO] [BiharFloodAuto] Repository is already up to date.
[2026-09-17 16:46:37] [INFO] [BiharFloodAuto] Searching Gmail for emails with 'Inundation Probability' from the last 15 days...
[2026-09-17 16:46:38] [INFO] [BiharFloodAuto] No new (undownloaded) matching emails found.
[2026-09-17 16:46:38] [INFO] [paramiko.transport] Connected (version 2.0, client OpenSSH_8.9p1)
[2026-09-17 16:46:38] [INFO] [paramiko.transport] Authentication (password) successful!
[2026-09-17 16:46:38] [INFO] [paramiko.transport.sftp] [chan 0] Opened sftp connection (server version 3)
[2026-09-17 16:46:38] [INFO] [BiharFloodAuto] [+] Overwriting: 29082026.zip -> server...
[2026-09-17 16:46:38] [INFO] [BiharFloodAuto] [+] Overwriting: 16092026.zip -> server...
[2026-09-17 16:46:38] [INFO] [BiharFloodAuto] [+] Overwriting: 18092026.zip -> server...
[2026-09-17 16:46:39] [INFO] [BiharFloodAuto] [+] Overwriting: 11092026.zip -> server...
[2026-09-17 16:46:39] [INFO] [BiharFloodAuto] [+] Overwriting: 28082026.zip -> server...
[2026-09-17 16:46:39] [INFO] [BiharFloodAuto] [+] Overwriting: 05092026.zip -> server...
[2026-09-17 16:46:39] [INFO] [BiharFloodAuto] [+] Overwriting: 12092026.zip -> server...
[2026-09-17 16:46:39] [INFO] [BiharFloodAuto] [+] Overwriting: 07092026.zip -> server...
[2026-09-17 16:46:39] [INFO] [BiharFloodAuto] [+] Overwriting: 17092026.zip -> server...
[2026-09-17 16:46:39] [INFO] [BiharFloodAuto] [+] Overwriting: 13092026.zip -> server...
[2026-09-17 16:46:39] [INFO] [BiharFloodAuto] [+] Overwriting: 08092026.zip -> server...
[2026-09-17 16:46:39] [INFO] [BiharFloodAuto] [+] Overwriting: 14092026.zip -> server...
[2026-09-17 16:46:40] [INFO] [BiharFloodAuto] [+] Overwriting: 02092026.zip -> server...
[2026-09-17 16:46:40] [INFO] [BiharFloodAuto] [+] Overwriting: 27082026.zip -> server...
[2026-09-17 16:46:40] [INFO] [BiharFloodAuto] [+] Overwriting: 09092026.zip -> server...
[2026-09-17 16:46:40] [INFO] [BiharFloodAuto] [+] Overwriting: 10092026.zip -> server...
[2026-09-17 16:46:40] [INFO] [BiharFloodAuto] [+] Overwriting: 06092026.zip -> server...
[2026-09-17 16:46:40] [INFO] [BiharFloodAuto] [+] Overwriting: 30082026.zip -> server...
[2026-09-17 16:46:40] [INFO] [BiharFloodAuto] [+] Overwriting: 15092026.zip -> server...
[2026-09-17 16:46:40] [INFO] [BiharFloodAuto] [+] Overwriting: 01092026.zip -> server...
[2026-09-17 16:46:40] [INFO] [BiharFloodAuto] [+] Overwriting: 04092026.zip -> server...
[2026-09-17 16:46:40] [INFO] [BiharFloodAuto] [+] Overwriting: 31082026.zip -> server...
[2026-09-17 16:46:41] [INFO] [BiharFloodAuto] [+] Overwriting: 03092026.zip -> server...
[2026-09-17 16:46:41] [INFO] [BiharFloodAuto] [+] Successfully copied 23 file(s).
[2026-09-17 16:46:41] [INFO] [paramiko.transport.sftp] [chan 0] sftp session closed.
[2026-09-17 16:46:44] [INFO] [BiharFloodAuto] Successfully pushed automation.log to Git.
[2026-09-17 16:46:44] [INFO] [BiharFloodAuto] --- Loop #597 complete ---
[2026-09-17 16:46:44] [INFO] [BiharFloodAuto] Sleeping for 15 minutes. Next check at 17:01:44. (Use 'Run Now' on the dashboard to skip this.)
[2026-09-17 17:01:44] [INFO] [BiharFloodAuto] --- Loop #598 starting ---
[2026-09-17 17:01:44] [INFO] [BiharFloodAuto] Executing 'git pull' to check for updates...
[2026-09-17 17:01:46] [INFO] [BiharFloodAuto] Repository is already up to date.
[2026-09-17 17:01:47] [INFO] [BiharFloodAuto] Searching Gmail for emails with 'Inundation Probability' from the last 15 days...
[2026-09-17 17:01:48] [INFO] [BiharFloodAuto] No new (undownloaded) matching emails found.
[2026-09-17 17:01:48] [INFO] [paramiko.transport] Connected (version 2.0, client OpenSSH_8.9p1)
[2026-09-17 17:01:48] [INFO] [paramiko.transport] Authentication (password) successful!
[2026-09-17 17:01:48] [INFO] [paramiko.transport.sftp] [chan 0] Opened sftp connection (server version 3)
[2026-09-17 17:01:48] [INFO] [BiharFloodAuto] [+] Overwriting: 29082026.zip -> server...
[2026-09-17 17:01:49] [INFO] [BiharFloodAuto] [+] Overwriting: 16092026.zip -> server...
[2026-09-17 17:01:49] [INFO] [BiharFloodAuto] [+] Overwriting: 18092026.zip -> server...
[2026-09-17 17:01:49] [INFO] [BiharFloodAuto] [+] Overwriting: 11092026.zip -> server...
[2026-09-17 17:01:49] [INFO] [BiharFloodAuto] [+] Overwriting: 28082026.zip -> server...
[2026-09-17 17:01:49] [INFO] [BiharFloodAuto] [+] Overwriting: 05092026.zip -> server...
[2026-09-17 17:01:49] [INFO] [BiharFloodAuto] [+] Overwriting: 12092026.zip -> server...
[2026-09-17 17:01:49] [INFO] [BiharFloodAuto] [+] Overwriting: 07092026.zip -> server...
[2026-09-17 17:01:50] [INFO] [BiharFloodAuto] [+] Overwriting: 17092026.zip -> server...
[2026-09-17 17:01:50] [INFO] [BiharFloodAuto] [+] Overwriting: 13092026.zip -> server...
[2026-09-17 17:01:50] [INFO] [BiharFloodAuto] [+] Overwriting: 08092026.zip -> server...
[2026-09-17 17:01:50] [INFO] [BiharFloodAuto] [+] Overwriting: 14092026.zip -> server...
[2026-09-17 17:01:50] [INFO] [BiharFloodAuto] [+] Overwriting: 02092026.zip -> server...
[2026-09-17 17:01:50] [INFO] [BiharFloodAuto] [+] Overwriting: 27082026.zip -> server...
[2026-09-17 17:01:50] [INFO] [BiharFloodAuto] [+] Overwriting: 09092026.zip -> server...
[2026-09-17 17:01:50] [INFO] [BiharFloodAuto] [+] Overwriting: 10092026.zip -> server...
[2026-09-17 17:01:50] [INFO] [BiharFloodAuto] [+] Overwriting: 06092026.zip -> server...
[2026-09-17 17:01:51] [INFO] [BiharFloodAuto] [+] Overwriting: 30082026.zip -> server...
[2026-09-17 17:01:51] [INFO] [BiharFloodAuto] [+] Overwriting: 15092026.zip -> server...
[2026-09-17 17:01:51] [INFO] [BiharFloodAuto] [+] Overwriting: 01092026.zip -> server...
[2026-09-17 17:01:51] [INFO] [BiharFloodAuto] [+] Overwriting: 04092026.zip -> server...
[2026-09-17 17:01:51] [INFO] [BiharFloodAuto] [+] Overwriting: 31082026.zip -> server...
[2026-09-17 17:01:51] [INFO] [BiharFloodAuto] [+] Overwriting: 03092026.zip -> server...
[2026-09-17 17:01:51] [INFO] [BiharFloodAuto] [+] Successfully copied 23 file(s).
[2026-09-17 17:01:51] [INFO] [paramiko.transport.sftp] [chan 0] sftp session closed.
[2026-09-17 17:01:54] [INFO] [BiharFloodAuto] Successfully pushed automation.log to Git.
[2026-09-17 17:01:54] [INFO] [BiharFloodAuto] --- Loop #598 complete ---
[2026-09-17 17:01:54] [INFO] [BiharFloodAuto] Sleeping for 15 minutes. Next check at 17:16:54. (Use 'Run Now' on the dashboard to skip this.)
[2026-09-17 17:16:54] [INFO] [BiharFloodAuto] --- Loop #599 starting ---
[2026-09-17 17:16:54] [INFO] [BiharFloodAuto] Executing 'git pull' to check for updates...
[2026-09-17 17:16:57] [INFO] [BiharFloodAuto] Repository is already up to date.
[2026-09-17 17:16:58] [INFO] [BiharFloodAuto] Searching Gmail for emails with 'Inundation Probability' from the last 15 days...
[2026-09-17 17:16:59] [INFO] [BiharFloodAuto] No new (undownloaded) matching emails found.
[2026-09-17 17:16:59] [INFO] [paramiko.transport] Connected (version 2.0, client OpenSSH_8.9p1)
[2026-09-17 17:16:59] [INFO] [paramiko.transport] Authentication (password) successful!
[2026-09-17 17:16:59] [INFO] [paramiko.transport.sftp] [chan 0] Opened sftp connection (server version 3)
[2026-09-17 17:16:59] [INFO] [BiharFloodAuto] [+] Overwriting: 29082026.zip -> server...
[2026-09-17 17:16:59] [INFO] [BiharFloodAuto] [+] Overwriting: 16092026.zip -> server...
[2026-09-17 17:16:59] [INFO] [BiharFloodAuto] [+] Overwriting: 18092026.zip -> server...
[2026-09-17 17:17:00] [INFO] [BiharFloodAuto] [+] Overwriting: 11092026.zip -> server...
[2026-09-17 17:17:00] [INFO] [BiharFloodAuto] [+] Overwriting: 28082026.zip -> server...
[2026-09-17 17:17:00] [INFO] [BiharFloodAuto] [+] Overwriting: 05092026.zip -> server...
[2026-09-17 17:17:00] [INFO] [BiharFloodAuto] [+] Overwriting: 12092026.zip -> server...
[2026-09-17 17:17:00] [INFO] [BiharFloodAuto] [+] Overwriting: 07092026.zip -> server...
[2026-09-17 17:17:00] [INFO] [BiharFloodAuto] [+] Overwriting: 17092026.zip -> server...
[2026-09-17 17:17:00] [INFO] [BiharFloodAuto] [+] Overwriting: 13092026.zip -> server...
[2026-09-17 17:17:00] [INFO] [BiharFloodAuto] [+] Overwriting: 08092026.zip -> server...
[2026-09-17 17:17:00] [INFO] [BiharFloodAuto] [+] Overwriting: 14092026.zip -> server...
[2026-09-17 17:17:00] [INFO] [BiharFloodAuto] [+] Overwriting: 02092026.zip -> server...
[2026-09-17 17:17:00] [INFO] [BiharFloodAuto] [+] Overwriting: 27082026.zip -> server...
[2026-09-17 17:17:00] [INFO] [BiharFloodAuto] [+] Overwriting: 09092026.zip -> server...
[2026-09-17 17:17:00] [INFO] [BiharFloodAuto] [+] Overwriting: 10092026.zip -> server...
[2026-09-17 17:17:00] [INFO] [BiharFloodAuto] [+] Overwriting: 06092026.zip -> server...
[2026-09-17 17:17:00] [INFO] [BiharFloodAuto] [+] Overwriting: 30082026.zip -> server...
[2026-09-17 17:17:00] [INFO] [BiharFloodAuto] [+] Overwriting: 15092026.zip -> server...
[2026-09-17 17:17:00] [INFO] [BiharFloodAuto] [+] Overwriting: 01092026.zip -> server...
[2026-09-17 17:17:00] [INFO] [BiharFloodAuto] [+] Overwriting: 04092026.zip -> server...
[2026-09-17 17:17:01] [INFO] [BiharFloodAuto] [+] Overwriting: 31082026.zip -> server...
[2026-09-17 17:17:01] [INFO] [BiharFloodAuto] [+] Overwriting: 03092026.zip -> server...
[2026-09-17 17:17:01] [INFO] [BiharFloodAuto] [+] Successfully copied 23 file(s).
[2026-09-17 17:17:01] [INFO] [paramiko.transport.sftp] [chan 0] sftp session closed.
[2026-09-17 17:17:04] [INFO] [BiharFloodAuto] Successfully pushed automation.log to Git.
[2026-09-17 17:17:04] [INFO] [BiharFloodAuto] --- Loop #599 complete ---
[2026-09-17 17:17:04] [INFO] [BiharFloodAuto] Sleeping for 15 minutes. Next check at 17:32:04. (Use 'Run Now' on the dashboard to skip this.)
[2026-09-17 17:32:04] [INFO] [BiharFloodAuto] --- Loop #600 starting ---
[2026-09-17 17:32:04] [INFO] [BiharFloodAuto] Executing 'git pull' to check for updates...
[2026-09-17 17:32:07] [INFO] [BiharFloodAuto] Repository is already up to date.
[2026-09-17 17:32:07] [INFO] [BiharFloodAuto] Searching Gmail for emails with 'Inundation Probability' from the last 15 days...
[2026-09-17 17:32:07] [INFO] [BiharFloodAuto] No new (undownloaded) matching emails found.
[2026-09-17 17:32:07] [INFO] [paramiko.transport] Connected (version 2.0, client OpenSSH_8.9p1)
[2026-09-17 17:32:08] [INFO] [paramiko.transport] Authentication (password) successful!
[2026-09-17 17:32:08] [INFO] [paramiko.transport.sftp] [chan 0] Opened sftp connection (server version 3)
[2026-09-17 17:32:08] [INFO] [BiharFloodAuto] [+] Overwriting: 29082026.zip -> server...
[2026-09-17 17:32:08] [INFO] [BiharFloodAuto] [+] Overwriting: 16092026.zip -> server...
[2026-09-17 17:32:08] [INFO] [BiharFloodAuto] [+] Overwriting: 18092026.zip -> server...
[2026-09-17 17:32:08] [INFO] [BiharFloodAuto] [+] Overwriting: 11092026.zip -> server...
[2026-09-17 17:32:08] [INFO] [BiharFloodAuto] [+] Overwriting: 28082026.zip -> server...
[2026-09-17 17:32:08] [INFO] [BiharFloodAuto] [+] Overwriting: 05092026.zip -> server...
[2026-09-17 17:32:08] [INFO] [BiharFloodAuto] [+] Overwriting: 12092026.zip -> server...
[2026-09-17 17:32:08] [INFO] [BiharFloodAuto] [+] Overwriting: 07092026.zip -> server...
[2026-09-17 17:32:08] [INFO] [BiharFloodAuto] [+] Overwriting: 17092026.zip -> server...
[2026-09-17 17:32:08] [INFO] [BiharFloodAuto] [+] Overwriting: 13092026.zip -> server...
[2026-09-17 17:32:08] [INFO] [BiharFloodAuto] [+] Overwriting: 08092026.zip -> server...
[2026-09-17 17:32:09] [INFO] [BiharFloodAuto] [+] Overwriting: 14092026.zip -> server...
[2026-09-17 17:32:09] [INFO] [BiharFloodAuto] [+] Overwriting: 02092026.zip -> server...
[2026-09-17 17:32:09] [INFO] [BiharFloodAuto] [+] Overwriting: 27082026.zip -> server...
[2026-09-17 17:32:09] [INFO] [BiharFloodAuto] [+] Overwriting: 09092026.zip -> server...
[2026-09-17 17:32:09] [INFO] [BiharFloodAuto] [+] Overwriting: 10092026.zip -> server...
[2026-09-17 17:32:09] [INFO] [BiharFloodAuto] [+] Overwriting: 06092026.zip -> server...
[2026-09-17 17:32:09] [INFO] [BiharFloodAuto] [+] Overwriting: 30082026.zip -> server...
[2026-09-17 17:32:09] [INFO] [BiharFloodAuto] [+] Overwriting: 15092026.zip -> server...
[2026-09-17 17:32:09] [INFO] [BiharFloodAuto] [+] Overwriting: 01092026.zip -> server...
[2026-09-17 17:32:09] [INFO] [BiharFloodAuto] [+] Overwriting: 04092026.zip -> server...
[2026-09-17 17:32:09] [INFO] [BiharFloodAuto] [+] Overwriting: 31082026.zip -> server...
[2026-09-17 17:32:09] [INFO] [BiharFloodAuto] [+] Overwriting: 03092026.zip -> server...
[2026-09-17 17:32:09] [INFO] [BiharFloodAuto] [+] Successfully copied 23 file(s).
[2026-09-17 17:32:09] [INFO] [paramiko.transport.sftp] [chan 0] sftp session closed.
[2026-09-17 17:32:13] [INFO] [BiharFloodAuto] Successfully pushed automation.log to Git.
[2026-09-17 17:32:13] [INFO] [BiharFloodAuto] --- Loop #600 complete ---
[2026-09-17 17:32:13] [INFO] [BiharFloodAuto] Sleeping for 15 minutes. Next check at 17:47:13. (Use 'Run Now' on the dashboard to skip this.)
[2026-09-17 17:47:13] [INFO] [BiharFloodAuto] --- Loop #601 starting ---
[2026-09-17 17:47:13] [INFO] [BiharFloodAuto] Executing 'git pull' to check for updates...
[2026-09-17 17:47:15] [INFO] [BiharFloodAuto] Repository is already up to date.
[2026-09-17 17:47:16] [INFO] [BiharFloodAuto] Searching Gmail for emails with 'Inundation Probability' from the last 15 days...
[2026-09-17 17:47:17] [INFO] [BiharFloodAuto] No new (undownloaded) matching emails found.
[2026-09-17 17:47:17] [INFO] [paramiko.transport] Connected (version 2.0, client OpenSSH_8.9p1)
[2026-09-17 17:47:17] [INFO] [paramiko.transport] Authentication (password) successful!
[2026-09-17 17:47:17] [INFO] [paramiko.transport.sftp] [chan 0] Opened sftp connection (server version 3)
[2026-09-17 17:47:17] [INFO] [BiharFloodAuto] [+] Overwriting: 29082026.zip -> server...
[2026-09-17 17:47:17] [INFO] [BiharFloodAuto] [+] Overwriting: 16092026.zip -> server...
[2026-09-17 17:47:17] [INFO] [BiharFloodAuto] [+] Overwriting: 18092026.zip -> server...
[2026-09-17 17:47:17] [INFO] [BiharFloodAuto] [+] Overwriting: 11092026.zip -> server...
[2026-09-17 17:47:17] [INFO] [BiharFloodAuto] [+] Overwriting: 28082026.zip -> server...
[2026-09-17 17:47:17] [INFO] [BiharFloodAuto] [+] Overwriting: 05092026.zip -> server...
[2026-09-17 17:47:17] [INFO] [BiharFloodAuto] [+] Overwriting: 12092026.zip -> server...
[2026-09-17 17:47:17] [INFO] [BiharFloodAuto] [+] Overwriting: 07092026.zip -> server...
[2026-09-17 17:47:17] [INFO] [BiharFloodAuto] [+] Overwriting: 17092026.zip -> server...
[2026-09-17 17:47:17] [INFO] [BiharFloodAuto] [+] Overwriting: 13092026.zip -> server...
[2026-09-17 17:47:18] [INFO] [BiharFloodAuto] [+] Overwriting: 08092026.zip -> server...
[2026-09-17 17:47:18] [INFO] [BiharFloodAuto] [+] Overwriting: 14092026.zip -> server...
[2026-09-17 17:47:18] [INFO] [BiharFloodAuto] [+] Overwriting: 02092026.zip -> server...
[2026-09-17 17:47:18] [INFO] [BiharFloodAuto] [+] Overwriting: 27082026.zip -> server...
[2026-09-17 17:47:18] [INFO] [BiharFloodAuto] [+] Overwriting: 09092026.zip -> server...
[2026-09-17 17:47:18] [INFO] [BiharFloodAuto] [+] Overwriting: 10092026.zip -> server...
[2026-09-17 17:47:18] [INFO] [BiharFloodAuto] [+] Overwriting: 06092026.zip -> server...
[2026-09-17 17:47:18] [INFO] [BiharFloodAuto] [+] Overwriting: 30082026.zip -> server...
[2026-09-17 17:47:18] [INFO] [BiharFloodAuto] [+] Overwriting: 15092026.zip -> server...
[2026-09-17 17:47:18] [INFO] [BiharFloodAuto] [+] Overwriting: 01092026.zip -> server...
[2026-09-17 17:47:18] [INFO] [BiharFloodAuto] [+] Overwriting: 04092026.zip -> server...
[2026-09-17 17:47:18] [INFO] [BiharFloodAuto] [+] Overwriting: 31082026.zip -> server...
[2026-09-17 17:47:18] [INFO] [BiharFloodAuto] [+] Overwriting: 03092026.zip -> server...
[2026-09-17 17:47:18] [INFO] [BiharFloodAuto] [+] Successfully copied 23 file(s).
[2026-09-17 17:47:18] [INFO] [paramiko.transport.sftp] [chan 0] sftp session closed.
[2026-09-17 17:47:21] [INFO] [BiharFloodAuto] Successfully pushed automation.log to Git.
[2026-09-17 17:47:21] [INFO] [BiharFloodAuto] --- Loop #601 complete ---
[2026-09-17 17:47:21] [INFO] [BiharFloodAuto] Sleeping for 15 minutes. Next check at 18:02:21. (Use 'Run Now' on the dashboard to skip this.)
[2026-09-17 18:02:21] [INFO] [BiharFloodAuto] --- Loop #602 starting ---
[2026-09-17 18:02:21] [INFO] [BiharFloodAuto] Executing 'git pull' to check for updates...
[2026-09-17 18:02:24] [INFO] [BiharFloodAuto] Repository is already up to date.
[2026-09-17 18:02:25] [INFO] [BiharFloodAuto] Searching Gmail for emails with 'Inundation Probability' from the last 15 days...
[2026-09-17 18:02:26] [INFO] [BiharFloodAuto] No new (undownloaded) matching emails found.
[2026-09-17 18:02:26] [INFO] [paramiko.transport] Connected (version 2.0, client OpenSSH_8.9p1)
[2026-09-17 18:02:26] [INFO] [paramiko.transport] Authentication (password) successful!
[2026-09-17 18:02:26] [INFO] [paramiko.transport.sftp] [chan 0] Opened sftp connection (server version 3)
[2026-09-17 18:02:26] [INFO] [BiharFloodAuto] [+] Overwriting: 29082026.zip -> server...
[2026-09-17 18:02:26] [INFO] [BiharFloodAuto] [+] Overwriting: 16092026.zip -> server...
[2026-09-17 18:02:26] [INFO] [BiharFloodAuto] [+] Overwriting: 18092026.zip -> server...
[2026-09-17 18:02:26] [INFO] [BiharFloodAuto] [+] Overwriting: 11092026.zip -> server...
[2026-09-17 18:02:26] [INFO] [BiharFloodAuto] [+] Overwriting: 28082026.zip -> server...
[2026-09-17 18:02:26] [INFO] [BiharFloodAuto] [+] Overwriting: 05092026.zip -> server...
[2026-09-17 18:02:26] [INFO] [BiharFloodAuto] [+] Overwriting: 12092026.zip -> server...
[2026-09-17 18:02:26] [INFO] [BiharFloodAuto] [+] Overwriting: 07092026.zip -> server...
[2026-09-17 18:02:26] [INFO] [BiharFloodAuto] [+] Overwriting: 17092026.zip -> server...
[2026-09-17 18:02:26] [INFO] [BiharFloodAuto] [+] Overwriting: 13092026.zip -> server...
[2026-09-17 18:02:27] [INFO] [BiharFloodAuto] [+] Overwriting: 08092026.zip -> server...
[2026-09-17 18:02:27] [INFO] [BiharFloodAuto] [+] Overwriting: 14092026.zip -> server...
[2026-09-17 18:02:27] [INFO] [BiharFloodAuto] [+] Overwriting: 02092026.zip -> server...
[2026-09-17 18:02:27] [INFO] [BiharFloodAuto] [+] Overwriting: 27082026.zip -> server...
[2026-09-17 18:02:27] [INFO] [BiharFloodAuto] [+] Overwriting: 09092026.zip -> server...
[2026-09-17 18:02:27] [INFO] [BiharFloodAuto] [+] Overwriting: 10092026.zip -> server...
[2026-09-17 18:02:27] [INFO] [BiharFloodAuto] [+] Overwriting: 06092026.zip -> server...
[2026-09-17 18:02:27] [INFO] [BiharFloodAuto] [+] Overwriting: 30082026.zip -> server...
[2026-09-17 18:02:27] [INFO] [BiharFloodAuto] [+] Overwriting: 15092026.zip -> server...
[2026-09-17 18:02:27] [INFO] [BiharFloodAuto] [+] Overwriting: 01092026.zip -> server...
[2026-09-17 18:02:27] [INFO] [BiharFloodAuto] [+] Overwriting: 04092026.zip -> server...
[2026-09-17 18:02:27] [INFO] [BiharFloodAuto] [+] Overwriting: 31082026.zip -> server...
[2026-09-17 18:02:27] [INFO] [BiharFloodAuto] [+] Overwriting: 03092026.zip -> server...
[2026-09-17 18:02:27] [INFO] [BiharFloodAuto] [+] Successfully copied 23 file(s).
[2026-09-17 18:02:27] [INFO] [paramiko.transport.sftp] [chan 0] sftp session closed.
[2026-09-17 18:02:30] [INFO] [BiharFloodAuto] Successfully pushed automation.log to Git.
[2026-09-17 18:02:30] [INFO] [BiharFloodAuto] --- Loop #602 complete ---
[2026-09-17 18:02:30] [INFO] [BiharFloodAuto] Sleeping for 15 minutes. Next check at 18:17:30. (Use 'Run Now' on the dashboard to skip this.)
[2026-09-17 18:17:30] [INFO] [BiharFloodAuto] --- Loop #603 starting ---
[2026-09-17 18:17:30] [INFO] [BiharFloodAuto] Executing 'git pull' to check for updates...
[2026-09-17 18:17:33] [INFO] [BiharFloodAuto] Repository is already up to date.
[2026-09-17 18:17:33] [INFO] [BiharFloodAuto] Searching Gmail for emails with 'Inundation Probability' from the last 15 days...
[2026-09-17 18:17:34] [INFO] [BiharFloodAuto] No new (undownloaded) matching emails found.
[2026-09-17 18:17:34] [INFO] [paramiko.transport] Connected (version 2.0, client OpenSSH_8.9p1)
[2026-09-17 18:17:34] [INFO] [paramiko.transport] Authentication (password) successful!
[2026-09-17 18:17:34] [INFO] [paramiko.transport.sftp] [chan 0] Opened sftp connection (server version 3)
[2026-09-17 18:17:34] [INFO] [BiharFloodAuto] [+] Overwriting: 29082026.zip -> server...
[2026-09-17 18:17:34] [INFO] [BiharFloodAuto] [+] Overwriting: 16092026.zip -> server...
[2026-09-17 18:17:34] [INFO] [BiharFloodAuto] [+] Overwriting: 18092026.zip -> server...
[2026-09-17 18:17:35] [INFO] [BiharFloodAuto] [+] Overwriting: 11092026.zip -> server...
[2026-09-17 18:17:35] [INFO] [BiharFloodAuto] [+] Overwriting: 28082026.zip -> server...
[2026-09-17 18:17:35] [INFO] [BiharFloodAuto] [+] Overwriting: 05092026.zip -> server...
[2026-09-17 18:17:35] [INFO] [BiharFloodAuto] [+] Overwriting: 12092026.zip -> server...
[2026-09-17 18:17:35] [INFO] [BiharFloodAuto] [+] Overwriting: 07092026.zip -> server...
[2026-09-17 18:17:35] [INFO] [BiharFloodAuto] [+] Overwriting: 17092026.zip -> server...
[2026-09-17 18:17:35] [INFO] [BiharFloodAuto] [+] Overwriting: 13092026.zip -> server...
[2026-09-17 18:17:35] [INFO] [BiharFloodAuto] [+] Overwriting: 08092026.zip -> server...
[2026-09-17 18:17:35] [INFO] [BiharFloodAuto] [+] Overwriting: 14092026.zip -> server...
[2026-09-17 18:17:35] [INFO] [BiharFloodAuto] [+] Overwriting: 02092026.zip -> server...
[2026-09-17 18:17:35] [INFO] [BiharFloodAuto] [+] Overwriting: 27082026.zip -> server...
[2026-09-17 18:17:36] [INFO] [BiharFloodAuto] [+] Overwriting: 09092026.zip -> server...
[2026-09-17 18:17:36] [INFO] [BiharFloodAuto] [+] Overwriting: 10092026.zip -> server...
[2026-09-17 18:17:36] [INFO] [BiharFloodAuto] [+] Overwriting: 06092026.zip -> server...
[2026-09-17 18:17:36] [INFO] [BiharFloodAuto] [+] Overwriting: 30082026.zip -> server...
[2026-09-17 18:17:36] [INFO] [BiharFloodAuto] [+] Overwriting: 15092026.zip -> server...
[2026-09-17 18:17:36] [INFO] [BiharFloodAuto] [+] Overwriting: 01092026.zip -> server...
[2026-09-17 18:17:36] [INFO] [BiharFloodAuto] [+] Overwriting: 04092026.zip -> server...
[2026-09-17 18:17:36] [INFO] [BiharFloodAuto] [+] Overwriting: 31082026.zip -> server...
[2026-09-17 18:17:36] [INFO] [BiharFloodAuto] [+] Overwriting: 03092026.zip -> server...
[2026-09-17 18:17:36] [INFO] [BiharFloodAuto] [+] Successfully copied 23 file(s).
[2026-09-17 18:17:36] [INFO] [paramiko.transport.sftp] [chan 0] sftp session closed.
[2026-09-17 18:17:39] [INFO] [BiharFloodAuto] Successfully pushed automation.log to Git.
[2026-09-17 18:17:39] [INFO] [BiharFloodAuto] --- Loop #603 complete ---
[2026-09-17 18:17:39] [INFO] [BiharFloodAuto] Sleeping for 15 minutes. Next check at 18:32:39. (Use 'Run Now' on the dashboard to skip this.)
[2026-09-17 18:32:39] [INFO] [BiharFloodAuto] --- Loop #604 starting ---
[2026-09-17 18:32:39] [INFO] [BiharFloodAuto] Executing 'git pull' to check for updates...
[2026-09-17 18:32:42] [INFO] [BiharFloodAuto] Repository is already up to date.
[2026-09-17 18:32:42] [INFO] [BiharFloodAuto] Searching Gmail for emails with 'Inundation Probability' from the last 15 days...
[2026-09-17 18:32:43] [INFO] [BiharFloodAuto] No new (undownloaded) matching emails found.
[2026-09-17 18:32:43] [INFO] [paramiko.transport] Connected (version 2.0, client OpenSSH_8.9p1)
[2026-09-17 18:32:43] [INFO] [paramiko.transport] Authentication (password) successful!
[2026-09-17 18:32:44] [INFO] [paramiko.transport.sftp] [chan 0] Opened sftp connection (server version 3)
[2026-09-17 18:32:44] [INFO] [BiharFloodAuto] [+] Overwriting: 29082026.zip -> server...
[2026-09-17 18:32:44] [INFO] [BiharFloodAuto] [+] Overwriting: 16092026.zip -> server...
[2026-09-17 18:32:44] [INFO] [BiharFloodAuto] [+] Overwriting: 18092026.zip -> server...
[2026-09-17 18:32:44] [INFO] [BiharFloodAuto] [+] Overwriting: 11092026.zip -> server...
[2026-09-17 18:32:44] [INFO] [BiharFloodAuto] [+] Overwriting: 28082026.zip -> server...
[2026-09-17 18:32:44] [INFO] [BiharFloodAuto] [+] Overwriting: 05092026.zip -> server...
[2026-09-17 18:32:44] [INFO] [BiharFloodAuto] [+] Overwriting: 12092026.zip -> server...
[2026-09-17 18:32:44] [INFO] [BiharFloodAuto] [+] Overwriting: 07092026.zip -> server...
[2026-09-17 18:32:44] [INFO] [BiharFloodAuto] [+] Overwriting: 17092026.zip -> server...
[2026-09-17 18:32:44] [INFO] [BiharFloodAuto] [+] Overwriting: 13092026.zip -> server...
[2026-09-17 18:32:44] [INFO] [BiharFloodAuto] [+] Overwriting: 08092026.zip -> server...
[2026-09-17 18:32:44] [INFO] [BiharFloodAuto] [+] Overwriting: 14092026.zip -> server...
[2026-09-17 18:32:44] [INFO] [BiharFloodAuto] [+] Overwriting: 02092026.zip -> server...
[2026-09-17 18:32:44] [INFO] [BiharFloodAuto] [+] Overwriting: 27082026.zip -> server...
[2026-09-17 18:32:44] [INFO] [BiharFloodAuto] [+] Overwriting: 09092026.zip -> server...
[2026-09-17 18:32:44] [INFO] [BiharFloodAuto] [+] Overwriting: 10092026.zip -> server...
[2026-09-17 18:32:44] [INFO] [BiharFloodAuto] [+] Overwriting: 06092026.zip -> server...
[2026-09-17 18:32:44] [INFO] [BiharFloodAuto] [+] Overwriting: 30082026.zip -> server...
[2026-09-17 18:32:45] [INFO] [BiharFloodAuto] [+] Overwriting: 15092026.zip -> server...
[2026-09-17 18:32:45] [INFO] [BiharFloodAuto] [+] Overwriting: 01092026.zip -> server...
[2026-09-17 18:32:45] [INFO] [BiharFloodAuto] [+] Overwriting: 04092026.zip -> server...
[2026-09-17 18:32:45] [INFO] [BiharFloodAuto] [+] Overwriting: 31082026.zip -> server...
[2026-09-17 18:32:45] [INFO] [BiharFloodAuto] [+] Overwriting: 03092026.zip -> server...
[2026-09-17 18:32:45] [INFO] [BiharFloodAuto] [+] Successfully copied 23 file(s).
[2026-09-17 18:32:45] [INFO] [paramiko.transport.sftp] [chan 0] sftp session closed.
[2026-09-17 18:32:48] [INFO] [BiharFloodAuto] Successfully pushed automation.log to Git.
[2026-09-17 18:32:48] [INFO] [BiharFloodAuto] --- Loop #604 complete ---
[2026-09-17 18:32:48] [INFO] [BiharFloodAuto] Sleeping for 15 minutes. Next check at 18:47:48. (Use 'Run Now' on the dashboard to skip this.)
[2026-09-17 18:47:48] [INFO] [BiharFloodAuto] --- Loop #605 starting ---
[2026-09-17 18:47:48] [INFO] [BiharFloodAuto] Executing 'git pull' to check for updates...
[2026-09-17 18:47:51] [INFO] [BiharFloodAuto] Repository is already up to date.
[2026-09-17 18:47:51] [INFO] [BiharFloodAuto] Searching Gmail for emails with 'Inundation Probability' from the last 15 days...
[2026-09-17 18:47:52] [INFO] [BiharFloodAuto] No new (undownloaded) matching emails found.
[2026-09-17 18:47:52] [INFO] [paramiko.transport] Connected (version 2.0, client OpenSSH_8.9p1)
[2026-09-17 18:47:52] [INFO] [paramiko.transport] Authentication (password) successful!
[2026-09-17 18:47:52] [INFO] [paramiko.transport.sftp] [chan 0] Opened sftp connection (server version 3)
[2026-09-17 18:47:52] [INFO] [BiharFloodAuto] [+] Overwriting: 29082026.zip -> server...
[2026-09-17 18:47:52] [INFO] [BiharFloodAuto] [+] Overwriting: 16092026.zip -> server...
[2026-09-17 18:47:52] [INFO] [BiharFloodAuto] [+] Overwriting: 18092026.zip -> server...
[2026-09-17 18:47:52] [INFO] [BiharFloodAuto] [+] Overwriting: 11092026.zip -> server...
[2026-09-17 18:47:52] [INFO] [BiharFloodAuto] [+] Overwriting: 28082026.zip -> server...
[2026-09-17 18:47:52] [INFO] [BiharFloodAuto] [+] Overwriting: 05092026.zip -> server...
[2026-09-17 18:47:53] [INFO] [BiharFloodAuto] [+] Overwriting: 12092026.zip -> server...
[2026-09-17 18:47:53] [INFO] [BiharFloodAuto] [+] Overwriting: 07092026.zip -> server...
[2026-09-17 18:47:53] [INFO] [BiharFloodAuto] [+] Overwriting: 17092026.zip -> server...
[2026-09-17 18:47:53] [INFO] [BiharFloodAuto] [+] Overwriting: 13092026.zip -> server...
[2026-09-17 18:47:53] [INFO] [BiharFloodAuto] [+] Overwriting: 08092026.zip -> server...
[2026-09-17 18:47:53] [INFO] [BiharFloodAuto] [+] Overwriting: 14092026.zip -> server...
[2026-09-17 18:47:53] [INFO] [BiharFloodAuto] [+] Overwriting: 02092026.zip -> server...
[2026-09-17 18:47:53] [INFO] [BiharFloodAuto] [+] Overwriting: 27082026.zip -> server...
[2026-09-17 18:47:53] [INFO] [BiharFloodAuto] [+] Overwriting: 09092026.zip -> server...
[2026-09-17 18:47:53] [INFO] [BiharFloodAuto] [+] Overwriting: 10092026.zip -> server...
[2026-09-17 18:47:53] [INFO] [BiharFloodAuto] [+] Overwriting: 06092026.zip -> server...
[2026-09-17 18:47:53] [INFO] [BiharFloodAuto] [+] Overwriting: 30082026.zip -> server...
[2026-09-17 18:47:53] [INFO] [BiharFloodAuto] [+] Overwriting: 15092026.zip -> server...
[2026-09-17 18:47:53] [INFO] [BiharFloodAuto] [+] Overwriting: 01092026.zip -> server...
[2026-09-17 18:47:53] [INFO] [BiharFloodAuto] [+] Overwriting: 04092026.zip -> server...
[2026-09-17 18:47:53] [INFO] [BiharFloodAuto] [+] Overwriting: 31082026.zip -> server...
[2026-09-17 18:47:53] [INFO] [BiharFloodAuto] [+] Overwriting: 03092026.zip -> server...
[2026-09-17 18:47:54] [INFO] [BiharFloodAuto] [+] Successfully copied 23 file(s).
[2026-09-17 18:47:54] [INFO] [paramiko.transport.sftp] [chan 0] sftp session closed.
[2026-09-17 18:47:57] [INFO] [BiharFloodAuto] Successfully pushed automation.log to Git.
[2026-09-17 18:47:57] [INFO] [BiharFloodAuto] --- Loop #605 complete ---
[2026-09-17 18:47:57] [INFO] [BiharFloodAuto] Sleeping for 15 minutes. Next check at 19:02:57. (Use 'Run Now' on the dashboard to skip this.)
[2026-09-17 19:02:57] [INFO] [BiharFloodAuto] --- Loop #606 starting ---
[2026-09-17 19:02:57] [INFO] [BiharFloodAuto] Executing 'git pull' to check for updates...
[2026-09-17 19:02:59] [INFO] [BiharFloodAuto] Repository is already up to date.
[2026-09-17 19:03:00] [INFO] [BiharFloodAuto] Searching Gmail for emails with 'Inundation Probability' from the last 15 days...
[2026-09-17 19:03:01] [INFO] [BiharFloodAuto] No new (undownloaded) matching emails found.
[2026-09-17 19:03:01] [INFO] [paramiko.transport] Connected (version 2.0, client OpenSSH_8.9p1)
[2026-09-17 19:03:01] [INFO] [paramiko.transport] Authentication (password) successful!
[2026-09-17 19:03:01] [INFO] [paramiko.transport.sftp] [chan 0] Opened sftp connection (server version 3)
[2026-09-17 19:03:01] [INFO] [BiharFloodAuto] [+] Overwriting: 29082026.zip -> server...
[2026-09-17 19:03:01] [INFO] [BiharFloodAuto] [+] Overwriting: 16092026.zip -> server...
[2026-09-17 19:03:01] [INFO] [BiharFloodAuto] [+] Overwriting: 18092026.zip -> server...
[2026-09-17 19:03:01] [INFO] [BiharFloodAuto] [+] Overwriting: 11092026.zip -> server...
[2026-09-17 19:03:02] [INFO] [BiharFloodAuto] [+] Overwriting: 28082026.zip -> server...
[2026-09-17 19:03:02] [INFO] [BiharFloodAuto] [+] Overwriting: 05092026.zip -> server...
[2026-09-17 19:03:02] [INFO] [BiharFloodAuto] [+] Overwriting: 12092026.zip -> server...
[2026-09-17 19:03:02] [INFO] [BiharFloodAuto] [+] Overwriting: 07092026.zip -> server...
[2026-09-17 19:03:02] [INFO] [BiharFloodAuto] [+] Overwriting: 17092026.zip -> server...
[2026-09-17 19:03:02] [INFO] [BiharFloodAuto] [+] Overwriting: 13092026.zip -> server...
[2026-09-17 19:03:02] [INFO] [BiharFloodAuto] [+] Overwriting: 08092026.zip -> server...
[2026-09-17 19:03:02] [INFO] [BiharFloodAuto] [+] Overwriting: 14092026.zip -> server...
[2026-09-17 19:03:02] [INFO] [BiharFloodAuto] [+] Overwriting: 02092026.zip -> server...
[2026-09-17 19:03:02] [INFO] [BiharFloodAuto] [+] Overwriting: 27082026.zip -> server...
[2026-09-17 19:03:02] [INFO] [BiharFloodAuto] [+] Overwriting: 09092026.zip -> server...
[2026-09-17 19:03:02] [INFO] [BiharFloodAuto] [+] Overwriting: 10092026.zip -> server...
[2026-09-17 19:03:02] [INFO] [BiharFloodAuto] [+] Overwriting: 06092026.zip -> server...
[2026-09-17 19:03:02] [INFO] [BiharFloodAuto] [+] Overwriting: 30082026.zip -> server...
[2026-09-17 19:03:02] [INFO] [BiharFloodAuto] [+] Overwriting: 15092026.zip -> server...
[2026-09-17 19:03:03] [INFO] [BiharFloodAuto] [+] Overwriting: 01092026.zip -> server...
[2026-09-17 19:03:03] [INFO] [BiharFloodAuto] [+] Overwriting: 04092026.zip -> server...
[2026-09-17 19:03:03] [INFO] [BiharFloodAuto] [+] Overwriting: 31082026.zip -> server...
[2026-09-17 19:03:03] [INFO] [BiharFloodAuto] [+] Overwriting: 03092026.zip -> server...
[2026-09-17 19:03:03] [INFO] [BiharFloodAuto] [+] Successfully copied 23 file(s).
[2026-09-17 19:03:03] [INFO] [paramiko.transport.sftp] [chan 0] sftp session closed.
[2026-09-17 19:03:06] [INFO] [BiharFloodAuto] Successfully pushed automation.log to Git.
[2026-09-17 19:03:06] [INFO] [BiharFloodAuto] --- Loop #606 complete ---
[2026-09-17 19:03:06] [INFO] [BiharFloodAuto] Sleeping for 15 minutes. Next check at 19:18:06. (Use 'Run Now' on the dashboard to skip this.)
[2026-09-17 19:18:06] [INFO] [BiharFloodAuto] --- Loop #607 starting ---
[2026-09-17 19:18:06] [INFO] [BiharFloodAuto] Executing 'git pull' to check for updates...
[2026-09-17 19:18:08] [INFO] [BiharFloodAuto] Repository is already up to date.
[2026-09-17 19:18:09] [INFO] [BiharFloodAuto] Searching Gmail for emails with 'Inundation Probability' from the last 15 days...
[2026-09-17 19:18:10] [INFO] [BiharFloodAuto] No new (undownloaded) matching emails found.
[2026-09-17 19:18:10] [INFO] [paramiko.transport] Connected (version 2.0, client OpenSSH_8.9p1)
[2026-09-17 19:18:10] [INFO] [paramiko.transport] Authentication (password) successful!
[2026-09-17 19:18:10] [INFO] [paramiko.transport.sftp] [chan 0] Opened sftp connection (server version 3)
[2026-09-17 19:18:10] [INFO] [BiharFloodAuto] [+] Overwriting: 29082026.zip -> server...
[2026-09-17 19:18:10] [INFO] [BiharFloodAuto] [+] Overwriting: 16092026.zip -> server...
[2026-09-17 19:18:10] [INFO] [BiharFloodAuto] [+] Overwriting: 18092026.zip -> server...
[2026-09-17 19:18:10] [INFO] [BiharFloodAuto] [+] Overwriting: 11092026.zip -> server...
[2026-09-17 19:18:10] [INFO] [BiharFloodAuto] [+] Overwriting: 28082026.zip -> server...
[2026-09-17 19:18:10] [INFO] [BiharFloodAuto] [+] Overwriting: 05092026.zip -> server...
[2026-09-17 19:18:10] [INFO] [BiharFloodAuto] [+] Overwriting: 12092026.zip -> server...
[2026-09-17 19:18:10] [INFO] [BiharFloodAuto] [+] Overwriting: 07092026.zip -> server...
[2026-09-17 19:18:10] [INFO] [BiharFloodAuto] [+] Overwriting: 17092026.zip -> server...
[2026-09-17 19:18:11] [INFO] [BiharFloodAuto] [+] Overwriting: 13092026.zip -> server...
[2026-09-17 19:18:11] [INFO] [BiharFloodAuto] [+] Overwriting: 08092026.zip -> server...
[2026-09-17 19:18:11] [INFO] [BiharFloodAuto] [+] Overwriting: 14092026.zip -> server...
[2026-09-17 19:18:11] [INFO] [BiharFloodAuto] [+] Overwriting: 02092026.zip -> server...
[2026-09-17 19:18:11] [INFO] [BiharFloodAuto] [+] Overwriting: 27082026.zip -> server...
[2026-09-17 19:18:11] [INFO] [BiharFloodAuto] [+] Overwriting: 09092026.zip -> server...
[2026-09-17 19:18:11] [INFO] [BiharFloodAuto] [+] Overwriting: 10092026.zip -> server...
[2026-09-17 19:18:11] [INFO] [BiharFloodAuto] [+] Overwriting: 06092026.zip -> server...
[2026-09-17 19:18:11] [INFO] [BiharFloodAuto] [+] Overwriting: 30082026.zip -> server...
[2026-09-17 19:18:11] [INFO] [BiharFloodAuto] [+] Overwriting: 15092026.zip -> server...
[2026-09-17 19:18:11] [INFO] [BiharFloodAuto] [+] Overwriting: 01092026.zip -> server...
[2026-09-17 19:18:11] [INFO] [BiharFloodAuto] [+] Overwriting: 04092026.zip -> server...
[2026-09-17 19:18:11] [INFO] [BiharFloodAuto] [+] Overwriting: 31082026.zip -> server...
[2026-09-17 19:18:11] [INFO] [BiharFloodAuto] [+] Overwriting: 03092026.zip -> server...
[2026-09-17 19:18:11] [INFO] [BiharFloodAuto] [+] Successfully copied 23 file(s).
[2026-09-17 19:18:11] [INFO] [paramiko.transport.sftp] [chan 0] sftp session closed.
[2026-09-17 19:18:14] [INFO] [BiharFloodAuto] Successfully pushed automation.log to Git.
[2026-09-17 19:18:14] [INFO] [BiharFloodAuto] --- Loop #607 complete ---
[2026-09-17 19:18:14] [INFO] [BiharFloodAuto] Sleeping for 15 minutes. Next check at 19:33:14. (Use 'Run Now' on the dashboard to skip this.)
[2026-09-17 19:33:14] [INFO] [BiharFloodAuto] --- Loop #608 starting ---
[2026-09-17 19:33:14] [INFO] [BiharFloodAuto] Executing 'git pull' to check for updates...
[2026-09-17 19:33:17] [INFO] [BiharFloodAuto] Repository is already up to date.
[2026-09-17 19:33:17] [INFO] [BiharFloodAuto] Searching Gmail for emails with 'Inundation Probability' from the last 15 days...
[2026-09-17 19:33:18] [INFO] [BiharFloodAuto] No new (undownloaded) matching emails found.
[2026-09-17 19:33:18] [INFO] [paramiko.transport] Connected (version 2.0, client OpenSSH_8.9p1)
[2026-09-17 19:33:18] [INFO] [paramiko.transport] Authentication (password) successful!
[2026-09-17 19:33:18] [INFO] [paramiko.transport.sftp] [chan 0] Opened sftp connection (server version 3)
[2026-09-17 19:33:18] [INFO] [BiharFloodAuto] [+] Overwriting: 29082026.zip -> server...
[2026-09-17 19:33:18] [INFO] [BiharFloodAuto] [+] Overwriting: 16092026.zip -> server...
[2026-09-17 19:33:18] [INFO] [BiharFloodAuto] [+] Overwriting: 18092026.zip -> server...
[2026-09-17 19:33:18] [INFO] [BiharFloodAuto] [+] Overwriting: 11092026.zip -> server...
[2026-09-17 19:33:18] [INFO] [BiharFloodAuto] [+] Overwriting: 28082026.zip -> server...
[2026-09-17 19:33:19] [INFO] [BiharFloodAuto] [+] Overwriting: 05092026.zip -> server...
[2026-09-17 19:33:19] [INFO] [BiharFloodAuto] [+] Overwriting: 12092026.zip -> server...
[2026-09-17 19:33:19] [INFO] [BiharFloodAuto] [+] Overwriting: 07092026.zip -> server...
[2026-09-17 19:33:19] [INFO] [BiharFloodAuto] [+] Overwriting: 17092026.zip -> server...
[2026-09-17 19:33:19] [INFO] [BiharFloodAuto] [+] Overwriting: 13092026.zip -> server...
[2026-09-17 19:33:19] [INFO] [BiharFloodAuto] [+] Overwriting: 08092026.zip -> server...
[2026-09-17 19:33:19] [INFO] [BiharFloodAuto] [+] Overwriting: 14092026.zip -> server...
[2026-09-17 19:33:19] [INFO] [BiharFloodAuto] [+] Overwriting: 02092026.zip -> server...
[2026-09-17 19:33:19] [INFO] [BiharFloodAuto] [+] Overwriting: 27082026.zip -> server...
[2026-09-17 19:33:19] [INFO] [BiharFloodAuto] [+] Overwriting: 09092026.zip -> server...
[2026-09-17 19:33:19] [INFO] [BiharFloodAuto] [+] Overwriting: 10092026.zip -> server...
[2026-09-17 19:33:19] [INFO] [BiharFloodAuto] [+] Overwriting: 06092026.zip -> server...
[2026-09-17 19:33:19] [INFO] [BiharFloodAuto] [+] Overwriting: 30082026.zip -> server...
[2026-09-17 19:33:19] [INFO] [BiharFloodAuto] [+] Overwriting: 15092026.zip -> server...
[2026-09-17 19:33:19] [INFO] [BiharFloodAuto] [+] Overwriting: 01092026.zip -> server...
[2026-09-17 19:33:19] [INFO] [BiharFloodAuto] [+] Overwriting: 04092026.zip -> server...
[2026-09-17 19:33:19] [INFO] [BiharFloodAuto] [+] Overwriting: 31082026.zip -> server...
[2026-09-17 19:33:20] [INFO] [BiharFloodAuto] [+] Overwriting: 03092026.zip -> server...
[2026-09-17 19:33:20] [INFO] [BiharFloodAuto] [+] Successfully copied 23 file(s).
[2026-09-17 19:33:20] [INFO] [paramiko.transport.sftp] [chan 0] sftp session closed.
[2026-09-17 19:33:23] [INFO] [BiharFloodAuto] Successfully pushed automation.log to Git.
[2026-09-17 19:33:23] [INFO] [BiharFloodAuto] --- Loop #608 complete ---
[2026-09-17 19:33:23] [INFO] [BiharFloodAuto] Sleeping for 15 minutes. Next check at 19:48:23. (Use 'Run Now' on the dashboard to skip this.)
[2026-09-17 19:48:23] [INFO] [BiharFloodAuto] --- Loop #609 starting ---
[2026-09-17 19:48:23] [INFO] [BiharFloodAuto] Executing 'git pull' to check for updates...
[2026-09-17 19:48:26] [INFO] [BiharFloodAuto] Repository is already up to date.
[2026-09-17 19:48:27] [INFO] [BiharFloodAuto] Searching Gmail for emails with 'Inundation Probability' from the last 15 days...
[2026-09-17 19:48:28] [INFO] [BiharFloodAuto] No new (undownloaded) matching emails found.
[2026-09-17 19:48:28] [INFO] [paramiko.transport] Connected (version 2.0, client OpenSSH_8.9p1)
[2026-09-17 19:48:28] [INFO] [paramiko.transport] Authentication (password) successful!
[2026-09-17 19:48:28] [INFO] [paramiko.transport.sftp] [chan 0] Opened sftp connection (server version 3)
[2026-09-17 19:48:28] [INFO] [BiharFloodAuto] [+] Overwriting: 29082026.zip -> server...
[2026-09-17 19:48:28] [INFO] [BiharFloodAuto] [+] Overwriting: 16092026.zip -> server...
[2026-09-17 19:48:28] [INFO] [BiharFloodAuto] [+] Overwriting: 18092026.zip -> server...
[2026-09-17 19:48:28] [INFO] [BiharFloodAuto] [+] Overwriting: 11092026.zip -> server...
[2026-09-17 19:48:28] [INFO] [BiharFloodAuto] [+] Overwriting: 28082026.zip -> server...
[2026-09-17 19:48:29] [INFO] [BiharFloodAuto] [+] Overwriting: 05092026.zip -> server...
[2026-09-17 19:48:29] [INFO] [BiharFloodAuto] [+] Overwriting: 12092026.zip -> server...
[2026-09-17 19:48:29] [INFO] [BiharFloodAuto] [+] Overwriting: 07092026.zip -> server...
[2026-09-17 19:48:29] [INFO] [BiharFloodAuto] [+] Overwriting: 17092026.zip -> server...
[2026-09-17 19:48:29] [INFO] [BiharFloodAuto] [+] Overwriting: 13092026.zip -> server...
[2026-09-17 19:48:29] [INFO] [BiharFloodAuto] [+] Overwriting: 08092026.zip -> server...
[2026-09-17 19:48:29] [INFO] [BiharFloodAuto] [+] Overwriting: 14092026.zip -> server...
[2026-09-17 19:48:29] [INFO] [BiharFloodAuto] [+] Overwriting: 02092026.zip -> server...
[2026-09-17 19:48:29] [INFO] [BiharFloodAuto] [+] Overwriting: 27082026.zip -> server...
[2026-09-17 19:48:29] [INFO] [BiharFloodAuto] [+] Overwriting: 09092026.zip -> server...
[2026-09-17 19:48:29] [INFO] [BiharFloodAuto] [+] Overwriting: 10092026.zip -> server...
[2026-09-17 19:48:29] [INFO] [BiharFloodAuto] [+] Overwriting: 06092026.zip -> server...
[2026-09-17 19:48:29] [INFO] [BiharFloodAuto] [+] Overwriting: 30082026.zip -> server...
[2026-09-17 19:48:29] [INFO] [BiharFloodAuto] [+] Overwriting: 15092026.zip -> server...
[2026-09-17 19:48:29] [INFO] [BiharFloodAuto] [+] Overwriting: 01092026.zip -> server...
[2026-09-17 19:48:30] [INFO] [BiharFloodAuto] [+] Overwriting: 04092026.zip -> server...
[2026-09-17 19:48:30] [INFO] [BiharFloodAuto] [+] Overwriting: 31082026.zip -> server...
[2026-09-17 19:48:30] [INFO] [BiharFloodAuto] [+] Overwriting: 03092026.zip -> server...
[2026-09-17 19:48:30] [INFO] [BiharFloodAuto] [+] Successfully copied 23 file(s).
[2026-09-17 19:48:30] [INFO] [paramiko.transport.sftp] [chan 0] sftp session closed.
[2026-09-17 19:48:33] [INFO] [BiharFloodAuto] Successfully pushed automation.log to Git.
[2026-09-17 19:48:33] [INFO] [BiharFloodAuto] --- Loop #609 complete ---
[2026-09-17 19:48:33] [INFO] [BiharFloodAuto] Sleeping for 15 minutes. Next check at 20:03:33. (Use 'Run Now' on the dashboard to skip this.)
[2026-09-17 20:03:34] [INFO] [BiharFloodAuto] --- Loop #610 starting ---
[2026-09-17 20:03:34] [INFO] [BiharFloodAuto] Executing 'git pull' to check for updates...
[2026-09-17 20:03:36] [INFO] [BiharFloodAuto] Repository is already up to date.
[2026-09-17 20:03:37] [INFO] [BiharFloodAuto] Searching Gmail for emails with 'Inundation Probability' from the last 15 days...
[2026-09-17 20:03:38] [INFO] [BiharFloodAuto] No new (undownloaded) matching emails found.
[2026-09-17 20:03:38] [INFO] [paramiko.transport] Connected (version 2.0, client OpenSSH_8.9p1)
[2026-09-17 20:03:38] [INFO] [paramiko.transport] Authentication (password) successful!
[2026-09-17 20:03:38] [INFO] [paramiko.transport.sftp] [chan 0] Opened sftp connection (server version 3)
[2026-09-17 20:03:38] [INFO] [BiharFloodAuto] [+] Overwriting: 29082026.zip -> server...
[2026-09-17 20:03:38] [INFO] [BiharFloodAuto] [+] Overwriting: 16092026.zip -> server...
[2026-09-17 20:03:38] [INFO] [BiharFloodAuto] [+] Overwriting: 18092026.zip -> server...
[2026-09-17 20:03:39] [INFO] [BiharFloodAuto] [+] Overwriting: 11092026.zip -> server...
[2026-09-17 20:03:39] [INFO] [BiharFloodAuto] [+] Overwriting: 28082026.zip -> server...
[2026-09-17 20:03:39] [INFO] [BiharFloodAuto] [+] Overwriting: 05092026.zip -> server...
[2026-09-17 20:03:39] [INFO] [BiharFloodAuto] [+] Overwriting: 12092026.zip -> server...
[2026-09-17 20:03:39] [INFO] [BiharFloodAuto] [+] Overwriting: 07092026.zip -> server...
[2026-09-17 20:03:39] [INFO] [BiharFloodAuto] [+] Overwriting: 17092026.zip -> server...
[2026-09-17 20:03:39] [INFO] [BiharFloodAuto] [+] Overwriting: 13092026.zip -> server...
[2026-09-17 20:03:39] [INFO] [BiharFloodAuto] [+] Overwriting: 08092026.zip -> server...
[2026-09-17 20:03:39] [INFO] [BiharFloodAuto] [+] Overwriting: 14092026.zip -> server...
[2026-09-17 20:03:39] [INFO] [BiharFloodAuto] [+] Overwriting: 02092026.zip -> server...
[2026-09-17 20:03:39] [INFO] [BiharFloodAuto] [+] Overwriting: 27082026.zip -> server...
[2026-09-17 20:03:39] [INFO] [BiharFloodAuto] [+] Overwriting: 09092026.zip -> server...
[2026-09-17 20:03:39] [INFO] [BiharFloodAuto] [+] Overwriting: 10092026.zip -> server...
[2026-09-17 20:03:39] [INFO] [BiharFloodAuto] [+] Overwriting: 06092026.zip -> server...
[2026-09-17 20:03:39] [INFO] [BiharFloodAuto] [+] Overwriting: 30082026.zip -> server...
[2026-09-17 20:03:39] [INFO] [BiharFloodAuto] [+] Overwriting: 15092026.zip -> server...
[2026-09-17 20:03:40] [INFO] [BiharFloodAuto] [+] Overwriting: 01092026.zip -> server...
[2026-09-17 20:03:40] [INFO] [BiharFloodAuto] [+] Overwriting: 04092026.zip -> server...
[2026-09-17 20:03:40] [INFO] [BiharFloodAuto] [+] Overwriting: 31082026.zip -> server...
[2026-09-17 20:03:40] [INFO] [BiharFloodAuto] [+] Overwriting: 03092026.zip -> server...
[2026-09-17 20:03:40] [INFO] [BiharFloodAuto] [+] Successfully copied 23 file(s).
[2026-09-17 20:03:40] [INFO] [paramiko.transport.sftp] [chan 0] sftp session closed.
[2026-09-17 20:03:43] [INFO] [BiharFloodAuto] Successfully pushed automation.log to Git.
[2026-09-17 20:03:43] [INFO] [BiharFloodAuto] --- Loop #610 complete ---
[2026-09-17 20:03:43] [INFO] [BiharFloodAuto] Sleeping for 15 minutes. Next check at 20:18:43. (Use 'Run Now' on the dashboard to skip this.)
[2026-09-17 20:18:43] [INFO] [BiharFloodAuto] --- Loop #611 starting ---
[2026-09-17 20:18:43] [INFO] [BiharFloodAuto] Executing 'git pull' to check for updates...
[2026-09-17 20:18:46] [INFO] [BiharFloodAuto] Repository is already up to date.
[2026-09-17 20:18:47] [INFO] [BiharFloodAuto] Searching Gmail for emails with 'Inundation Probability' from the last 15 days...
[2026-09-17 20:18:47] [INFO] [BiharFloodAuto] No new (undownloaded) matching emails found.
[2026-09-17 20:18:47] [INFO] [paramiko.transport] Connected (version 2.0, client OpenSSH_8.9p1)
[2026-09-17 20:18:48] [INFO] [paramiko.transport] Authentication (password) successful!
[2026-09-17 20:18:48] [INFO] [paramiko.transport.sftp] [chan 0] Opened sftp connection (server version 3)
[2026-09-17 20:18:48] [INFO] [BiharFloodAuto] [+] Overwriting: 29082026.zip -> server...
[2026-09-17 20:18:48] [INFO] [BiharFloodAuto] [+] Overwriting: 16092026.zip -> server...
[2026-09-17 20:18:48] [INFO] [BiharFloodAuto] [+] Overwriting: 18092026.zip -> server...
[2026-09-17 20:18:48] [INFO] [BiharFloodAuto] [+] Overwriting: 11092026.zip -> server...
[2026-09-17 20:18:48] [INFO] [BiharFloodAuto] [+] Overwriting: 28082026.zip -> server...
[2026-09-17 20:18:48] [INFO] [BiharFloodAuto] [+] Overwriting: 05092026.zip -> server...
[2026-09-17 20:18:48] [INFO] [BiharFloodAuto] [+] Overwriting: 12092026.zip -> server...
[2026-09-17 20:18:48] [INFO] [BiharFloodAuto] [+] Overwriting: 07092026.zip -> server...
[2026-09-17 20:18:48] [INFO] [BiharFloodAuto] [+] Overwriting: 17092026.zip -> server...
[2026-09-17 20:18:48] [INFO] [BiharFloodAuto] [+] Overwriting: 13092026.zip -> server...
[2026-09-17 20:18:48] [INFO] [BiharFloodAuto] [+] Overwriting: 08092026.zip -> server...
[2026-09-17 20:18:48] [INFO] [BiharFloodAuto] [+] Overwriting: 14092026.zip -> server...
[2026-09-17 20:18:49] [INFO] [BiharFloodAuto] [+] Overwriting: 02092026.zip -> server...
[2026-09-17 20:18:49] [INFO] [BiharFloodAuto] [+] Overwriting: 27082026.zip -> server...
[2026-09-17 20:18:49] [INFO] [BiharFloodAuto] [+] Overwriting: 09092026.zip -> server...
[2026-09-17 20:18:49] [INFO] [BiharFloodAuto] [+] Overwriting: 10092026.zip -> server...
[2026-09-17 20:18:49] [INFO] [BiharFloodAuto] [+] Overwriting: 06092026.zip -> server...
[2026-09-17 20:18:49] [INFO] [BiharFloodAuto] [+] Overwriting: 30082026.zip -> server...
[2026-09-17 20:18:49] [INFO] [BiharFloodAuto] [+] Overwriting: 15092026.zip -> server...
[2026-09-17 20:18:49] [INFO] [BiharFloodAuto] [+] Overwriting: 01092026.zip -> server...
[2026-09-17 20:18:49] [INFO] [BiharFloodAuto] [+] Overwriting: 04092026.zip -> server...
[2026-09-17 20:18:49] [INFO] [BiharFloodAuto] [+] Overwriting: 31082026.zip -> server...
[2026-09-17 20:18:49] [INFO] [BiharFloodAuto] [+] Overwriting: 03092026.zip -> server...
[2026-09-17 20:18:49] [INFO] [BiharFloodAuto] [+] Successfully copied 23 file(s).
[2026-09-17 20:18:49] [INFO] [paramiko.transport.sftp] [chan 0] sftp session closed.
[2026-09-17 20:18:52] [INFO] [BiharFloodAuto] Successfully pushed automation.log to Git.
[2026-09-17 20:18:52] [INFO] [BiharFloodAuto] --- Loop #611 complete ---
[2026-09-17 20:18:52] [INFO] [BiharFloodAuto] Sleeping for 15 minutes. Next check at 20:33:52. (Use 'Run Now' on the dashboard to skip this.)
[2026-09-17 20:33:53] [INFO] [BiharFloodAuto] --- Loop #612 starting ---
[2026-09-17 20:33:53] [INFO] [BiharFloodAuto] Executing 'git pull' to check for updates...
[2026-09-17 20:33:55] [INFO] [BiharFloodAuto] Repository is already up to date.
[2026-09-17 20:33:56] [INFO] [BiharFloodAuto] Searching Gmail for emails with 'Inundation Probability' from the last 15 days...
[2026-09-17 20:33:56] [INFO] [BiharFloodAuto] No new (undownloaded) matching emails found.
[2026-09-17 20:33:56] [INFO] [paramiko.transport] Connected (version 2.0, client OpenSSH_8.9p1)
[2026-09-17 20:33:57] [INFO] [paramiko.transport] Authentication (password) successful!
[2026-09-17 20:33:57] [INFO] [paramiko.transport.sftp] [chan 0] Opened sftp connection (server version 3)
[2026-09-17 20:33:57] [INFO] [BiharFloodAuto] [+] Overwriting: 29082026.zip -> server...
[2026-09-17 20:33:57] [INFO] [BiharFloodAuto] [+] Overwriting: 16092026.zip -> server...
[2026-09-17 20:33:57] [INFO] [BiharFloodAuto] [+] Overwriting: 18092026.zip -> server...
[2026-09-17 20:33:57] [INFO] [BiharFloodAuto] [+] Overwriting: 11092026.zip -> server...
[2026-09-17 20:33:57] [INFO] [BiharFloodAuto] [+] Overwriting: 28082026.zip -> server...
[2026-09-17 20:33:57] [INFO] [BiharFloodAuto] [+] Overwriting: 05092026.zip -> server...
[2026-09-17 20:33:57] [INFO] [BiharFloodAuto] [+] Overwriting: 12092026.zip -> server...
[2026-09-17 20:33:57] [INFO] [BiharFloodAuto] [+] Overwriting: 07092026.zip -> server...
[2026-09-17 20:33:57] [INFO] [BiharFloodAuto] [+] Overwriting: 17092026.zip -> server...
[2026-09-17 20:33:57] [INFO] [BiharFloodAuto] [+] Overwriting: 13092026.zip -> server...
[2026-09-17 20:33:57] [INFO] [BiharFloodAuto] [+] Overwriting: 08092026.zip -> server...
[2026-09-17 20:33:57] [INFO] [BiharFloodAuto] [+] Overwriting: 14092026.zip -> server...
[2026-09-17 20:33:57] [INFO] [BiharFloodAuto] [+] Overwriting: 02092026.zip -> server...
[2026-09-17 20:33:57] [INFO] [BiharFloodAuto] [+] Overwriting: 27082026.zip -> server...
[2026-09-17 20:33:57] [INFO] [BiharFloodAuto] [+] Overwriting: 09092026.zip -> server...
[2026-09-17 20:33:58] [INFO] [BiharFloodAuto] [+] Overwriting: 10092026.zip -> server...
[2026-09-17 20:33:58] [INFO] [BiharFloodAuto] [+] Overwriting: 06092026.zip -> server...
[2026-09-17 20:33:58] [INFO] [BiharFloodAuto] [+] Overwriting: 30082026.zip -> server...
[2026-09-17 20:33:58] [INFO] [BiharFloodAuto] [+] Overwriting: 15092026.zip -> server...
[2026-09-17 20:33:58] [INFO] [BiharFloodAuto] [+] Overwriting: 01092026.zip -> server...
[2026-09-17 20:33:58] [INFO] [BiharFloodAuto] [+] Overwriting: 04092026.zip -> server...
[2026-09-17 20:33:58] [INFO] [BiharFloodAuto] [+] Overwriting: 31082026.zip -> server...
[2026-09-17 20:33:58] [INFO] [BiharFloodAuto] [+] Overwriting: 03092026.zip -> server...
[2026-09-17 20:33:58] [INFO] [BiharFloodAuto] [+] Successfully copied 23 file(s).
[2026-09-17 20:33:58] [INFO] [paramiko.transport.sftp] [chan 0] sftp session closed.
[2026-09-17 20:34:01] [INFO] [BiharFloodAuto] Successfully pushed automation.log to Git.
[2026-09-17 20:34:01] [INFO] [BiharFloodAuto] --- Loop #612 complete ---
[2026-09-17 20:34:01] [INFO] [BiharFloodAuto] Sleeping for 15 minutes. Next check at 20:49:01. (Use 'Run Now' on the dashboard to skip this.)
[2026-09-17 20:49:01] [INFO] [BiharFloodAuto] --- Loop #613 starting ---
[2026-09-17 20:49:01] [INFO] [BiharFloodAuto] Executing 'git pull' to check for updates...
[2026-09-17 20:49:04] [INFO] [BiharFloodAuto] Repository is already up to date.
[2026-09-17 20:49:05] [INFO] [BiharFloodAuto] Searching Gmail for emails with 'Inundation Probability' from the last 15 days...
[2026-09-17 20:49:10] [INFO] [BiharFloodAuto] No new (undownloaded) matching emails found.
[2026-09-17 20:49:10] [INFO] [paramiko.transport] Connected (version 2.0, client OpenSSH_8.9p1)
[2026-09-17 20:49:11] [INFO] [paramiko.transport] Authentication (password) successful!
[2026-09-17 20:49:11] [INFO] [paramiko.transport.sftp] [chan 0] Opened sftp connection (server version 3)
[2026-09-17 20:49:11] [INFO] [BiharFloodAuto] [+] Overwriting: 29082026.zip -> server...
[2026-09-17 20:49:11] [INFO] [BiharFloodAuto] [+] Overwriting: 16092026.zip -> server...
[2026-09-17 20:49:11] [INFO] [BiharFloodAuto] [+] Overwriting: 18092026.zip -> server...
[2026-09-17 20:49:11] [INFO] [BiharFloodAuto] [+] Overwriting: 11092026.zip -> server...
[2026-09-17 20:49:11] [INFO] [BiharFloodAuto] [+] Overwriting: 28082026.zip -> server...
[2026-09-17 20:49:11] [INFO] [BiharFloodAuto] [+] Overwriting: 05092026.zip -> server...
[2026-09-17 20:49:11] [INFO] [BiharFloodAuto] [+] Overwriting: 12092026.zip -> server...
[2026-09-17 20:49:11] [INFO] [BiharFloodAuto] [+] Overwriting: 07092026.zip -> server...
[2026-09-17 20:49:11] [INFO] [BiharFloodAuto] [+] Overwriting: 17092026.zip -> server...
[2026-09-17 20:49:11] [INFO] [BiharFloodAuto] [+] Overwriting: 13092026.zip -> server...
[2026-09-17 20:49:11] [INFO] [BiharFloodAuto] [+] Overwriting: 08092026.zip -> server...
[2026-09-17 20:49:12] [INFO] [BiharFloodAuto] [+] Overwriting: 14092026.zip -> server...
[2026-09-17 20:49:12] [INFO] [BiharFloodAuto] [+] Overwriting: 02092026.zip -> server...
[2026-09-17 20:49:12] [INFO] [BiharFloodAuto] [+] Overwriting: 27082026.zip -> server...
[2026-09-17 20:49:12] [INFO] [BiharFloodAuto] [+] Overwriting: 09092026.zip -> server...
[2026-09-17 20:49:12] [INFO] [BiharFloodAuto] [+] Overwriting: 10092026.zip -> server...
[2026-09-17 20:49:12] [INFO] [BiharFloodAuto] [+] Overwriting: 06092026.zip -> server...
[2026-09-17 20:49:12] [INFO] [BiharFloodAuto] [+] Overwriting: 30082026.zip -> server...
[2026-09-17 20:49:12] [INFO] [BiharFloodAuto] [+] Overwriting: 15092026.zip -> server...
[2026-09-17 20:49:12] [INFO] [BiharFloodAuto] [+] Overwriting: 01092026.zip -> server...
[2026-09-17 20:49:12] [INFO] [BiharFloodAuto] [+] Overwriting: 04092026.zip -> server...
[2026-09-17 20:49:12] [INFO] [BiharFloodAuto] [+] Overwriting: 31082026.zip -> server...
[2026-09-17 20:49:12] [INFO] [BiharFloodAuto] [+] Overwriting: 03092026.zip -> server...
[2026-09-17 20:49:12] [INFO] [BiharFloodAuto] [+] Successfully copied 23 file(s).
[2026-09-17 20:49:12] [INFO] [paramiko.transport.sftp] [chan 0] sftp session closed.
[2026-09-17 20:49:15] [INFO] [BiharFloodAuto] Successfully pushed automation.log to Git.
[2026-09-17 20:49:15] [INFO] [BiharFloodAuto] --- Loop #613 complete ---
[2026-09-17 20:49:15] [INFO] [BiharFloodAuto] Sleeping for 15 minutes. Next check at 21:04:15. (Use 'Run Now' on the dashboard to skip this.)
[2026-09-17 21:04:15] [INFO] [BiharFloodAuto] --- Loop #614 starting ---
[2026-09-17 21:04:15] [INFO] [BiharFloodAuto] Executing 'git pull' to check for updates...
[2026-09-17 21:04:18] [INFO] [BiharFloodAuto] Repository is already up to date.
[2026-09-17 21:04:19] [INFO] [BiharFloodAuto] Searching Gmail for emails with 'Inundation Probability' from the last 15 days...
[2026-09-17 21:04:20] [INFO] [BiharFloodAuto] No new (undownloaded) matching emails found.
[2026-09-17 21:04:20] [INFO] [paramiko.transport] Connected (version 2.0, client OpenSSH_8.9p1)
[2026-09-17 21:04:20] [INFO] [paramiko.transport] Authentication (password) successful!
[2026-09-17 21:04:20] [INFO] [paramiko.transport.sftp] [chan 0] Opened sftp connection (server version 3)
[2026-09-17 21:04:20] [INFO] [BiharFloodAuto] [+] Overwriting: 29082026.zip -> server...
[2026-09-17 21:04:20] [INFO] [BiharFloodAuto] [+] Overwriting: 16092026.zip -> server...
[2026-09-17 21:04:20] [INFO] [BiharFloodAuto] [+] Overwriting: 18092026.zip -> server...
[2026-09-17 21:04:21] [INFO] [BiharFloodAuto] [+] Overwriting: 11092026.zip -> server...
[2026-09-17 21:04:21] [INFO] [BiharFloodAuto] [+] Overwriting: 28082026.zip -> server...
[2026-09-17 21:04:21] [INFO] [BiharFloodAuto] [+] Overwriting: 05092026.zip -> server...
[2026-09-17 21:04:21] [INFO] [BiharFloodAuto] [+] Overwriting: 12092026.zip -> server...
[2026-09-17 21:04:21] [INFO] [BiharFloodAuto] [+] Overwriting: 07092026.zip -> server...
[2026-09-17 21:04:21] [INFO] [BiharFloodAuto] [+] Overwriting: 17092026.zip -> server...
[2026-09-17 21:04:21] [INFO] [BiharFloodAuto] [+] Overwriting: 13092026.zip -> server...
[2026-09-17 21:04:21] [INFO] [BiharFloodAuto] [+] Overwriting: 08092026.zip -> server...
[2026-09-17 21:04:21] [INFO] [BiharFloodAuto] [+] Overwriting: 14092026.zip -> server...
[2026-09-17 21:04:21] [INFO] [BiharFloodAuto] [+] Overwriting: 02092026.zip -> server...
[2026-09-17 21:04:21] [INFO] [BiharFloodAuto] [+] Overwriting: 27082026.zip -> server...
[2026-09-17 21:04:21] [INFO] [BiharFloodAuto] [+] Overwriting: 09092026.zip -> server...
[2026-09-17 21:04:21] [INFO] [BiharFloodAuto] [+] Overwriting: 10092026.zip -> server...
[2026-09-17 21:04:21] [INFO] [BiharFloodAuto] [+] Overwriting: 06092026.zip -> server...
[2026-09-17 21:04:21] [INFO] [BiharFloodAuto] [+] Overwriting: 30082026.zip -> server...
[2026-09-17 21:04:21] [INFO] [BiharFloodAuto] [+] Overwriting: 15092026.zip -> server...
[2026-09-17 21:04:21] [INFO] [BiharFloodAuto] [+] Overwriting: 01092026.zip -> server...
[2026-09-17 21:04:21] [INFO] [BiharFloodAuto] [+] Overwriting: 04092026.zip -> server...
[2026-09-17 21:04:21] [INFO] [BiharFloodAuto] [+] Overwriting: 31082026.zip -> server...
[2026-09-17 21:04:22] [INFO] [BiharFloodAuto] [+] Overwriting: 03092026.zip -> server...
[2026-09-17 21:04:22] [INFO] [BiharFloodAuto] [+] Successfully copied 23 file(s).
[2026-09-17 21:04:22] [INFO] [paramiko.transport.sftp] [chan 0] sftp session closed.
[2026-09-17 21:04:25] [INFO] [BiharFloodAuto] Successfully pushed automation.log to Git.
[2026-09-17 21:04:25] [INFO] [BiharFloodAuto] --- Loop #614 complete ---
[2026-09-17 21:04:25] [INFO] [BiharFloodAuto] Sleeping for 15 minutes. Next check at 21:19:25. (Use 'Run Now' on the dashboard to skip this.)
[2026-09-17 21:19:25] [INFO] [BiharFloodAuto] --- Loop #615 starting ---
[2026-09-17 21:19:25] [INFO] [BiharFloodAuto] Executing 'git pull' to check for updates...
[2026-09-17 21:19:28] [INFO] [BiharFloodAuto] Repository is already up to date.
[2026-09-17 21:19:28] [INFO] [BiharFloodAuto] Searching Gmail for emails with 'Inundation Probability' from the last 15 days...
[2026-09-17 21:19:29] [INFO] [BiharFloodAuto] No new (undownloaded) matching emails found.
[2026-09-17 21:19:29] [INFO] [paramiko.transport] Connected (version 2.0, client OpenSSH_8.9p1)
[2026-09-17 21:19:29] [INFO] [paramiko.transport] Authentication (password) successful!
[2026-09-17 21:19:29] [INFO] [paramiko.transport.sftp] [chan 0] Opened sftp connection (server version 3)
[2026-09-17 21:19:29] [INFO] [BiharFloodAuto] [+] Overwriting: 29082026.zip -> server...
[2026-09-17 21:19:29] [INFO] [BiharFloodAuto] [+] Overwriting: 16092026.zip -> server...
[2026-09-17 21:19:29] [INFO] [BiharFloodAuto] [+] Overwriting: 18092026.zip -> server...
[2026-09-17 21:19:29] [INFO] [BiharFloodAuto] [+] Overwriting: 11092026.zip -> server...
[2026-09-17 21:19:30] [INFO] [BiharFloodAuto] [+] Overwriting: 28082026.zip -> server...
[2026-09-17 21:19:30] [INFO] [BiharFloodAuto] [+] Overwriting: 05092026.zip -> server...
[2026-09-17 21:19:30] [INFO] [BiharFloodAuto] [+] Overwriting: 12092026.zip -> server...
[2026-09-17 21:19:30] [INFO] [BiharFloodAuto] [+] Overwriting: 07092026.zip -> server...
[2026-09-17 21:19:30] [INFO] [BiharFloodAuto] [+] Overwriting: 17092026.zip -> server...
[2026-09-17 21:19:30] [INFO] [BiharFloodAuto] [+] Overwriting: 13092026.zip -> server...
[2026-09-17 21:19:30] [INFO] [BiharFloodAuto] [+] Overwriting: 08092026.zip -> server...
[2026-09-17 21:19:30] [INFO] [BiharFloodAuto] [+] Overwriting: 14092026.zip -> server...
[2026-09-17 21:19:30] [INFO] [BiharFloodAuto] [+] Overwriting: 02092026.zip -> server...
[2026-09-17 21:19:30] [INFO] [BiharFloodAuto] [+] Overwriting: 27082026.zip -> server...
[2026-09-17 21:19:30] [INFO] [BiharFloodAuto] [+] Overwriting: 09092026.zip -> server...
[2026-09-17 21:19:30] [INFO] [BiharFloodAuto] [+] Overwriting: 10092026.zip -> server...
[2026-09-17 21:19:30] [INFO] [BiharFloodAuto] [+] Overwriting: 06092026.zip -> server...
[2026-09-17 21:19:30] [INFO] [BiharFloodAuto] [+] Overwriting: 30082026.zip -> server...
[2026-09-17 21:19:30] [INFO] [BiharFloodAuto] [+] Overwriting: 15092026.zip -> server...
[2026-09-17 21:19:30] [INFO] [BiharFloodAuto] [+] Overwriting: 01092026.zip -> server...
[2026-09-17 21:19:30] [INFO] [BiharFloodAuto] [+] Overwriting: 04092026.zip -> server...
[2026-09-17 21:19:30] [INFO] [BiharFloodAuto] [+] Overwriting: 31082026.zip -> server...
[2026-09-17 21:19:31] [INFO] [BiharFloodAuto] [+] Overwriting: 03092026.zip -> server...
[2026-09-17 21:19:31] [INFO] [BiharFloodAuto] [+] Successfully copied 23 file(s).
[2026-09-17 21:19:31] [INFO] [paramiko.transport.sftp] [chan 0] sftp session closed.
[2026-09-17 21:19:34] [INFO] [BiharFloodAuto] Successfully pushed automation.log to Git.
[2026-09-17 21:19:34] [INFO] [BiharFloodAuto] --- Loop #615 complete ---
[2026-09-17 21:19:34] [INFO] [BiharFloodAuto] Sleeping for 15 minutes. Next check at 21:34:34. (Use 'Run Now' on the dashboard to skip this.)
[2026-09-17 21:34:34] [INFO] [BiharFloodAuto] --- Loop #616 starting ---
[2026-09-17 21:34:34] [INFO] [BiharFloodAuto] Executing 'git pull' to check for updates...
[2026-09-17 21:34:36] [INFO] [BiharFloodAuto] Repository is already up to date.
[2026-09-17 21:34:39] [INFO] [BiharFloodAuto] Searching Gmail for emails with 'Inundation Probability' from the last 15 days...
[2026-09-17 21:34:40] [INFO] [BiharFloodAuto] No new (undownloaded) matching emails found.
[2026-09-17 21:34:40] [INFO] [paramiko.transport] Connected (version 2.0, client OpenSSH_8.9p1)
[2026-09-17 21:34:41] [INFO] [paramiko.transport] Authentication (password) successful!
[2026-09-17 21:34:41] [INFO] [paramiko.transport.sftp] [chan 0] Opened sftp connection (server version 3)
[2026-09-17 21:34:41] [INFO] [BiharFloodAuto] [+] Overwriting: 29082026.zip -> server...
[2026-09-17 21:34:41] [INFO] [BiharFloodAuto] [+] Overwriting: 16092026.zip -> server...
[2026-09-17 21:34:41] [INFO] [BiharFloodAuto] [+] Overwriting: 18092026.zip -> server...
[2026-09-17 21:34:41] [INFO] [BiharFloodAuto] [+] Overwriting: 11092026.zip -> server...
[2026-09-17 21:34:41] [INFO] [BiharFloodAuto] [+] Overwriting: 28082026.zip -> server...
[2026-09-17 21:34:41] [INFO] [BiharFloodAuto] [+] Overwriting: 05092026.zip -> server...
[2026-09-17 21:34:41] [INFO] [BiharFloodAuto] [+] Overwriting: 12092026.zip -> server...
[2026-09-17 21:34:41] [INFO] [BiharFloodAuto] [+] Overwriting: 07092026.zip -> server...
[2026-09-17 21:34:41] [INFO] [BiharFloodAuto] [+] Overwriting: 17092026.zip -> server...
[2026-09-17 21:34:41] [INFO] [BiharFloodAuto] [+] Overwriting: 13092026.zip -> server...
[2026-09-17 21:34:41] [INFO] [BiharFloodAuto] [+] Overwriting: 08092026.zip -> server...
[2026-09-17 21:34:41] [INFO] [BiharFloodAuto] [+] Overwriting: 14092026.zip -> server...
[2026-09-17 21:34:41] [INFO] [BiharFloodAuto] [+] Overwriting: 02092026.zip -> server...
[2026-09-17 21:34:41] [INFO] [BiharFloodAuto] [+] Overwriting: 27082026.zip -> server...
[2026-09-17 21:34:41] [INFO] [BiharFloodAuto] [+] Overwriting: 09092026.zip -> server...
[2026-09-17 21:34:42] [INFO] [BiharFloodAuto] [+] Overwriting: 10092026.zip -> server...
[2026-09-17 21:34:42] [INFO] [BiharFloodAuto] [+] Overwriting: 06092026.zip -> server...
[2026-09-17 21:34:42] [INFO] [BiharFloodAuto] [+] Overwriting: 30082026.zip -> server...
[2026-09-17 21:34:42] [INFO] [BiharFloodAuto] [+] Overwriting: 15092026.zip -> server...
[2026-09-17 21:34:42] [INFO] [BiharFloodAuto] [+] Overwriting: 01092026.zip -> server...
[2026-09-17 21:34:42] [INFO] [BiharFloodAuto] [+] Overwriting: 04092026.zip -> server...
[2026-09-17 21:34:42] [INFO] [BiharFloodAuto] [+] Overwriting: 31082026.zip -> server...
[2026-09-17 21:34:42] [INFO] [BiharFloodAuto] [+] Overwriting: 03092026.zip -> server...
[2026-09-17 21:34:42] [INFO] [BiharFloodAuto] [+] Successfully copied 23 file(s).
[2026-09-17 21:34:42] [INFO] [paramiko.transport.sftp] [chan 0] sftp session closed.
[2026-09-17 21:34:45] [INFO] [BiharFloodAuto] Successfully pushed automation.log to Git.
[2026-09-17 21:34:45] [INFO] [BiharFloodAuto] --- Loop #616 complete ---
[2026-09-17 21:34:45] [INFO] [BiharFloodAuto] Sleeping for 15 minutes. Next check at 21:49:45. (Use 'Run Now' on the dashboard to skip this.)
[2026-09-17 21:49:45] [INFO] [BiharFloodAuto] --- Loop #617 starting ---
[2026-09-17 21:49:45] [INFO] [BiharFloodAuto] Executing 'git pull' to check for updates...
[2026-09-17 21:49:48] [INFO] [BiharFloodAuto] Repository is already up to date.
[2026-09-17 21:49:48] [INFO] [BiharFloodAuto] Searching Gmail for emails with 'Inundation Probability' from the last 15 days...
[2026-09-17 21:49:49] [INFO] [BiharFloodAuto] No new (undownloaded) matching emails found.
[2026-09-17 21:49:49] [INFO] [paramiko.transport] Connected (version 2.0, client OpenSSH_8.9p1)
[2026-09-17 21:49:50] [INFO] [paramiko.transport] Authentication (password) successful!
[2026-09-17 21:49:50] [INFO] [paramiko.transport.sftp] [chan 0] Opened sftp connection (server version 3)
[2026-09-17 21:49:50] [INFO] [BiharFloodAuto] [+] Overwriting: 29082026.zip -> server...
[2026-09-17 21:49:50] [INFO] [BiharFloodAuto] [+] Overwriting: 16092026.zip -> server...
[2026-09-17 21:49:50] [INFO] [BiharFloodAuto] [+] Overwriting: 18092026.zip -> server...
[2026-09-17 21:49:50] [INFO] [BiharFloodAuto] [+] Overwriting: 11092026.zip -> server...
[2026-09-17 21:49:50] [INFO] [BiharFloodAuto] [+] Overwriting: 28082026.zip -> server...
[2026-09-17 21:49:50] [INFO] [BiharFloodAuto] [+] Overwriting: 05092026.zip -> server...
[2026-09-17 21:49:50] [INFO] [BiharFloodAuto] [+] Overwriting: 12092026.zip -> server...
[2026-09-17 21:49:50] [INFO] [BiharFloodAuto] [+] Overwriting: 07092026.zip -> server...
[2026-09-17 21:49:50] [INFO] [BiharFloodAuto] [+] Overwriting: 17092026.zip -> server...
[2026-09-17 21:49:50] [INFO] [BiharFloodAuto] [+] Overwriting: 13092026.zip -> server...
[2026-09-17 21:49:50] [INFO] [BiharFloodAuto] [+] Overwriting: 08092026.zip -> server...
[2026-09-17 21:49:50] [INFO] [BiharFloodAuto] [+] Overwriting: 14092026.zip -> server...
[2026-09-17 21:49:51] [INFO] [BiharFloodAuto] [+] Overwriting: 02092026.zip -> server...
[2026-09-17 21:49:51] [INFO] [BiharFloodAuto] [+] Overwriting: 27082026.zip -> server...
[2026-09-17 21:49:51] [INFO] [BiharFloodAuto] [+] Overwriting: 09092026.zip -> server...
[2026-09-17 21:49:51] [INFO] [BiharFloodAuto] [+] Overwriting: 10092026.zip -> server...
[2026-09-17 21:49:51] [INFO] [BiharFloodAuto] [+] Overwriting: 06092026.zip -> server...
[2026-09-17 21:49:51] [INFO] [BiharFloodAuto] [+] Overwriting: 30082026.zip -> server...
[2026-09-17 21:49:51] [INFO] [BiharFloodAuto] [+] Overwriting: 15092026.zip -> server...
[2026-09-17 21:49:51] [INFO] [BiharFloodAuto] [+] Overwriting: 01092026.zip -> server...
[2026-09-17 21:49:51] [INFO] [BiharFloodAuto] [+] Overwriting: 04092026.zip -> server...
[2026-09-17 21:49:51] [INFO] [BiharFloodAuto] [+] Overwriting: 31082026.zip -> server...
[2026-09-17 21:49:51] [INFO] [BiharFloodAuto] [+] Overwriting: 03092026.zip -> server...
[2026-09-17 21:49:51] [INFO] [BiharFloodAuto] [+] Successfully copied 23 file(s).
[2026-09-17 21:49:51] [INFO] [paramiko.transport.sftp] [chan 0] sftp session closed.
[2026-09-17 21:49:54] [INFO] [BiharFloodAuto] Successfully pushed automation.log to Git.
[2026-09-17 21:49:54] [INFO] [BiharFloodAuto] --- Loop #617 complete ---
[2026-09-17 21:49:54] [INFO] [BiharFloodAuto] Sleeping for 15 minutes. Next check at 22:04:54. (Use 'Run Now' on the dashboard to skip this.)
[2026-09-17 22:04:54] [INFO] [BiharFloodAuto] --- Loop #618 starting ---
[2026-09-17 22:04:54] [INFO] [BiharFloodAuto] Executing 'git pull' to check for updates...
[2026-09-17 22:04:57] [INFO] [BiharFloodAuto] Repository is already up to date.
[2026-09-17 22:04:57] [INFO] [BiharFloodAuto] Searching Gmail for emails with 'Inundation Probability' from the last 15 days...
[2026-09-17 22:04:58] [INFO] [BiharFloodAuto] No new (undownloaded) matching emails found.
[2026-09-17 22:04:58] [INFO] [paramiko.transport] Connected (version 2.0, client OpenSSH_8.9p1)
[2026-09-17 22:04:58] [INFO] [paramiko.transport] Authentication (password) successful!
[2026-09-17 22:04:58] [INFO] [paramiko.transport.sftp] [chan 0] Opened sftp connection (server version 3)
[2026-09-17 22:04:58] [INFO] [BiharFloodAuto] [+] Overwriting: 29082026.zip -> server...
[2026-09-17 22:04:58] [INFO] [BiharFloodAuto] [+] Overwriting: 16092026.zip -> server...
[2026-09-17 22:04:58] [INFO] [BiharFloodAuto] [+] Overwriting: 18092026.zip -> server...
[2026-09-17 22:04:58] [INFO] [BiharFloodAuto] [+] Overwriting: 11092026.zip -> server...
[2026-09-17 22:04:58] [INFO] [BiharFloodAuto] [+] Overwriting: 28082026.zip -> server...
[2026-09-17 22:04:58] [INFO] [BiharFloodAuto] [+] Overwriting: 05092026.zip -> server...
[2026-09-17 22:04:58] [INFO] [BiharFloodAuto] [+] Overwriting: 12092026.zip -> server...
[2026-09-17 22:04:58] [INFO] [BiharFloodAuto] [+] Overwriting: 07092026.zip -> server...
[2026-09-17 22:04:58] [INFO] [BiharFloodAuto] [+] Overwriting: 17092026.zip -> server...
[2026-09-17 22:04:58] [INFO] [BiharFloodAuto] [+] Overwriting: 13092026.zip -> server...
[2026-09-17 22:04:59] [INFO] [BiharFloodAuto] [+] Overwriting: 08092026.zip -> server...
[2026-09-17 22:04:59] [INFO] [BiharFloodAuto] [+] Overwriting: 14092026.zip -> server...
[2026-09-17 22:04:59] [INFO] [BiharFloodAuto] [+] Overwriting: 02092026.zip -> server...
[2026-09-17 22:04:59] [INFO] [BiharFloodAuto] [+] Overwriting: 27082026.zip -> server...
[2026-09-17 22:04:59] [INFO] [BiharFloodAuto] [+] Overwriting: 09092026.zip -> server...
[2026-09-17 22:04:59] [INFO] [BiharFloodAuto] [+] Overwriting: 10092026.zip -> server...
[2026-09-17 22:04:59] [INFO] [BiharFloodAuto] [+] Overwriting: 06092026.zip -> server...
[2026-09-17 22:04:59] [INFO] [BiharFloodAuto] [+] Overwriting: 30082026.zip -> server...
[2026-09-17 22:04:59] [INFO] [BiharFloodAuto] [+] Overwriting: 15092026.zip -> server...
[2026-09-17 22:04:59] [INFO] [BiharFloodAuto] [+] Overwriting: 01092026.zip -> server...
[2026-09-17 22:04:59] [INFO] [BiharFloodAuto] [+] Overwriting: 04092026.zip -> server...
[2026-09-17 22:04:59] [INFO] [BiharFloodAuto] [+] Overwriting: 31082026.zip -> server...
[2026-09-17 22:04:59] [INFO] [BiharFloodAuto] [+] Overwriting: 03092026.zip -> server...
[2026-09-17 22:04:59] [INFO] [BiharFloodAuto] [+] Successfully copied 23 file(s).
[2026-09-17 22:04:59] [INFO] [paramiko.transport.sftp] [chan 0] sftp session closed.
[2026-09-17 22:05:02] [INFO] [BiharFloodAuto] Successfully pushed automation.log to Git.
[2026-09-17 22:05:02] [INFO] [BiharFloodAuto] --- Loop #618 complete ---
[2026-09-17 22:05:02] [INFO] [BiharFloodAuto] Sleeping for 15 minutes. Next check at 22:20:02. (Use 'Run Now' on the dashboard to skip this.)
[2026-09-17 22:20:02] [INFO] [BiharFloodAuto] --- Loop #619 starting ---
[2026-09-17 22:20:02] [INFO] [BiharFloodAuto] Executing 'git pull' to check for updates...
[2026-09-17 22:20:05] [INFO] [BiharFloodAuto] Repository is already up to date.
[2026-09-17 22:20:05] [INFO] [BiharFloodAuto] Searching Gmail for emails with 'Inundation Probability' from the last 15 days...
[2026-09-17 22:20:12] [INFO] [BiharFloodAuto] No new (undownloaded) matching emails found.
[2026-09-17 22:20:12] [INFO] [paramiko.transport] Connected (version 2.0, client OpenSSH_8.9p1)
[2026-09-17 22:20:12] [INFO] [paramiko.transport] Authentication (password) successful!
[2026-09-17 22:20:12] [INFO] [paramiko.transport.sftp] [chan 0] Opened sftp connection (server version 3)
[2026-09-17 22:20:12] [INFO] [BiharFloodAuto] [+] Overwriting: 29082026.zip -> server...
[2026-09-17 22:20:12] [INFO] [BiharFloodAuto] [+] Overwriting: 16092026.zip -> server...
[2026-09-17 22:20:12] [INFO] [BiharFloodAuto] [+] Overwriting: 18092026.zip -> server...
[2026-09-17 22:20:12] [INFO] [BiharFloodAuto] [+] Overwriting: 11092026.zip -> server...
[2026-09-17 22:20:12] [INFO] [BiharFloodAuto] [+] Overwriting: 28082026.zip -> server...
[2026-09-17 22:20:12] [INFO] [BiharFloodAuto] [+] Overwriting: 05092026.zip -> server...
[2026-09-17 22:20:12] [INFO] [BiharFloodAuto] [+] Overwriting: 12092026.zip -> server...
[2026-09-17 22:20:12] [INFO] [BiharFloodAuto] [+] Overwriting: 07092026.zip -> server...
[2026-09-17 22:20:12] [INFO] [BiharFloodAuto] [+] Overwriting: 17092026.zip -> server...
[2026-09-17 22:20:12] [INFO] [BiharFloodAuto] [+] Overwriting: 13092026.zip -> server...
[2026-09-17 22:20:12] [INFO] [BiharFloodAuto] [+] Overwriting: 08092026.zip -> server...
[2026-09-17 22:20:12] [INFO] [BiharFloodAuto] [+] Overwriting: 14092026.zip -> server...
[2026-09-17 22:20:13] [INFO] [BiharFloodAuto] [+] Overwriting: 02092026.zip -> server...
[2026-09-17 22:20:13] [INFO] [BiharFloodAuto] [+] Overwriting: 27082026.zip -> server...
[2026-09-17 22:20:13] [INFO] [BiharFloodAuto] [+] Overwriting: 09092026.zip -> server...
[2026-09-17 22:20:13] [INFO] [BiharFloodAuto] [+] Overwriting: 10092026.zip -> server...
[2026-09-17 22:20:13] [INFO] [BiharFloodAuto] [+] Overwriting: 06092026.zip -> server...
[2026-09-17 22:20:13] [INFO] [BiharFloodAuto] [+] Overwriting: 30082026.zip -> server...
[2026-09-17 22:20:13] [INFO] [BiharFloodAuto] [+] Overwriting: 15092026.zip -> server...
[2026-09-17 22:20:13] [INFO] [BiharFloodAuto] [+] Overwriting: 01092026.zip -> server...
[2026-09-17 22:20:13] [INFO] [BiharFloodAuto] [+] Overwriting: 04092026.zip -> server...
[2026-09-17 22:20:13] [INFO] [BiharFloodAuto] [+] Overwriting: 31082026.zip -> server...
[2026-09-17 22:20:13] [INFO] [BiharFloodAuto] [+] Overwriting: 03092026.zip -> server...
[2026-09-17 22:20:13] [INFO] [BiharFloodAuto] [+] Successfully copied 23 file(s).
[2026-09-17 22:20:13] [INFO] [paramiko.transport.sftp] [chan 0] sftp session closed.
[2026-09-17 22:20:16] [INFO] [BiharFloodAuto] Successfully pushed automation.log to Git.
[2026-09-17 22:20:16] [INFO] [BiharFloodAuto] --- Loop #619 complete ---
[2026-09-17 22:20:16] [INFO] [BiharFloodAuto] Sleeping for 15 minutes. Next check at 22:35:16. (Use 'Run Now' on the dashboard to skip this.)
[2026-09-17 22:35:16] [INFO] [BiharFloodAuto] --- Loop #620 starting ---
[2026-09-17 22:35:16] [INFO] [BiharFloodAuto] Executing 'git pull' to check for updates...
[2026-09-17 22:35:19] [INFO] [BiharFloodAuto] Repository is already up to date.
[2026-09-17 22:35:20] [INFO] [BiharFloodAuto] Searching Gmail for emails with 'Inundation Probability' from the last 15 days...
[2026-09-17 22:35:20] [INFO] [BiharFloodAuto] No new (undownloaded) matching emails found.
[2026-09-17 22:35:20] [INFO] [paramiko.transport] Connected (version 2.0, client OpenSSH_8.9p1)
[2026-09-17 22:35:21] [INFO] [paramiko.transport] Authentication (password) successful!
[2026-09-17 22:35:21] [INFO] [paramiko.transport.sftp] [chan 0] Opened sftp connection (server version 3)
[2026-09-17 22:35:21] [INFO] [BiharFloodAuto] [+] Overwriting: 29082026.zip -> server...
[2026-09-17 22:35:21] [INFO] [BiharFloodAuto] [+] Overwriting: 16092026.zip -> server...
[2026-09-17 22:35:21] [INFO] [BiharFloodAuto] [+] Overwriting: 18092026.zip -> server...
[2026-09-17 22:35:21] [INFO] [BiharFloodAuto] [+] Overwriting: 11092026.zip -> server...
[2026-09-17 22:35:21] [INFO] [BiharFloodAuto] [+] Overwriting: 28082026.zip -> server...
[2026-09-17 22:35:21] [INFO] [BiharFloodAuto] [+] Overwriting: 05092026.zip -> server...
[2026-09-17 22:35:21] [INFO] [BiharFloodAuto] [+] Overwriting: 12092026.zip -> server...
[2026-09-17 22:35:21] [INFO] [BiharFloodAuto] [+] Overwriting: 07092026.zip -> server...
[2026-09-17 22:35:21] [INFO] [BiharFloodAuto] [+] Overwriting: 17092026.zip -> server...
[2026-09-17 22:35:21] [INFO] [BiharFloodAuto] [+] Overwriting: 13092026.zip -> server...
[2026-09-17 22:35:21] [INFO] [BiharFloodAuto] [+] Overwriting: 08092026.zip -> server...
[2026-09-17 22:35:21] [INFO] [BiharFloodAuto] [+] Overwriting: 14092026.zip -> server...
[2026-09-17 22:35:21] [INFO] [BiharFloodAuto] [+] Overwriting: 02092026.zip -> server...
[2026-09-17 22:35:21] [INFO] [BiharFloodAuto] [+] Overwriting: 27082026.zip -> server...
[2026-09-17 22:35:22] [INFO] [BiharFloodAuto] [+] Overwriting: 09092026.zip -> server...
[2026-09-17 22:35:22] [INFO] [BiharFloodAuto] [+] Overwriting: 10092026.zip -> server...
[2026-09-17 22:35:22] [INFO] [BiharFloodAuto] [+] Overwriting: 06092026.zip -> server...
[2026-09-17 22:35:22] [INFO] [BiharFloodAuto] [+] Overwriting: 30082026.zip -> server...
[2026-09-17 22:35:22] [INFO] [BiharFloodAuto] [+] Overwriting: 15092026.zip -> server...
[2026-09-17 22:35:22] [INFO] [BiharFloodAuto] [+] Overwriting: 01092026.zip -> server...
[2026-09-17 22:35:22] [INFO] [BiharFloodAuto] [+] Overwriting: 04092026.zip -> server...
[2026-09-17 22:35:22] [INFO] [BiharFloodAuto] [+] Overwriting: 31082026.zip -> server...
[2026-09-17 22:35:22] [INFO] [BiharFloodAuto] [+] Overwriting: 03092026.zip -> server...
[2026-09-17 22:35:22] [INFO] [BiharFloodAuto] [+] Successfully copied 23 file(s).
[2026-09-17 22:35:22] [INFO] [paramiko.transport.sftp] [chan 0] sftp session closed.
[2026-09-17 22:35:25] [INFO] [BiharFloodAuto] Successfully pushed automation.log to Git.
[2026-09-17 22:35:25] [INFO] [BiharFloodAuto] --- Loop #620 complete ---
[2026-09-17 22:35:25] [INFO] [BiharFloodAuto] Sleeping for 15 minutes. Next check at 22:50:25. (Use 'Run Now' on the dashboard to skip this.)
[2026-09-17 22:50:25] [INFO] [BiharFloodAuto] --- Loop #621 starting ---
[2026-09-17 22:50:25] [INFO] [BiharFloodAuto] Executing 'git pull' to check for updates...
[2026-09-17 22:50:28] [INFO] [BiharFloodAuto] Repository is already up to date.
[2026-09-17 22:50:29] [INFO] [BiharFloodAuto] Searching Gmail for emails with 'Inundation Probability' from the last 15 days...
[2026-09-17 22:50:30] [INFO] [BiharFloodAuto] No new (undownloaded) matching emails found.
[2026-09-17 22:50:30] [INFO] [paramiko.transport] Connected (version 2.0, client OpenSSH_8.9p1)
[2026-09-17 22:50:30] [INFO] [paramiko.transport] Authentication (password) successful!
[2026-09-17 22:50:30] [INFO] [paramiko.transport.sftp] [chan 0] Opened sftp connection (server version 3)
[2026-09-17 22:50:30] [INFO] [BiharFloodAuto] [+] Overwriting: 29082026.zip -> server...
[2026-09-17 22:50:30] [INFO] [BiharFloodAuto] [+] Overwriting: 16092026.zip -> server...
[2026-09-17 22:50:30] [INFO] [BiharFloodAuto] [+] Overwriting: 18092026.zip -> server...
[2026-09-17 22:50:31] [INFO] [BiharFloodAuto] [+] Overwriting: 11092026.zip -> server...
[2026-09-17 22:50:31] [INFO] [BiharFloodAuto] [+] Overwriting: 28082026.zip -> server...
[2026-09-17 22:50:31] [INFO] [BiharFloodAuto] [+] Overwriting: 05092026.zip -> server...
[2026-09-17 22:50:31] [INFO] [BiharFloodAuto] [+] Overwriting: 12092026.zip -> server...
[2026-09-17 22:50:31] [INFO] [BiharFloodAuto] [+] Overwriting: 07092026.zip -> server...
[2026-09-17 22:50:31] [INFO] [BiharFloodAuto] [+] Overwriting: 17092026.zip -> server...
[2026-09-17 22:50:31] [INFO] [BiharFloodAuto] [+] Overwriting: 13092026.zip -> server...
[2026-09-17 22:50:31] [INFO] [BiharFloodAuto] [+] Overwriting: 08092026.zip -> server...
[2026-09-17 22:50:31] [INFO] [BiharFloodAuto] [+] Overwriting: 14092026.zip -> server...
[2026-09-17 22:50:32] [INFO] [BiharFloodAuto] [+] Overwriting: 02092026.zip -> server...
[2026-09-17 22:50:32] [INFO] [BiharFloodAuto] [+] Overwriting: 27082026.zip -> server...
[2026-09-17 22:50:32] [INFO] [BiharFloodAuto] [+] Overwriting: 09092026.zip -> server...
[2026-09-17 22:50:32] [INFO] [BiharFloodAuto] [+] Overwriting: 10092026.zip -> server...
[2026-09-17 22:50:32] [INFO] [BiharFloodAuto] [+] Overwriting: 06092026.zip -> server...
[2026-09-17 22:50:32] [INFO] [BiharFloodAuto] [+] Overwriting: 30082026.zip -> server...
[2026-09-17 22:50:32] [INFO] [BiharFloodAuto] [+] Overwriting: 15092026.zip -> server...
[2026-09-17 22:50:32] [INFO] [BiharFloodAuto] [+] Overwriting: 01092026.zip -> server...
[2026-09-17 22:50:32] [INFO] [BiharFloodAuto] [+] Overwriting: 04092026.zip -> server...
[2026-09-17 22:50:32] [INFO] [BiharFloodAuto] [+] Overwriting: 31082026.zip -> server...
[2026-09-17 22:50:32] [INFO] [BiharFloodAuto] [+] Overwriting: 03092026.zip -> server...
[2026-09-17 22:50:32] [INFO] [BiharFloodAuto] [+] Successfully copied 23 file(s).
[2026-09-17 22:50:32] [INFO] [paramiko.transport.sftp] [chan 0] sftp session closed.
[2026-09-17 22:50:35] [INFO] [BiharFloodAuto] Successfully pushed automation.log to Git.
[2026-09-17 22:50:35] [INFO] [BiharFloodAuto] --- Loop #621 complete ---
[2026-09-17 22:50:35] [INFO] [BiharFloodAuto] Sleeping for 15 minutes. Next check at 23:05:35. (Use 'Run Now' on the dashboard to skip this.)
[2026-09-17 23:05:35] [INFO] [BiharFloodAuto] --- Loop #622 starting ---
[2026-09-17 23:05:35] [INFO] [BiharFloodAuto] Executing 'git pull' to check for updates...
[2026-09-17 23:05:38] [INFO] [BiharFloodAuto] Repository is already up to date.
[2026-09-17 23:05:38] [INFO] [BiharFloodAuto] Searching Gmail for emails with 'Inundation Probability' from the last 15 days...
[2026-09-17 23:05:39] [INFO] [BiharFloodAuto] No new (undownloaded) matching emails found.
[2026-09-17 23:05:39] [INFO] [paramiko.transport] Connected (version 2.0, client OpenSSH_8.9p1)
[2026-09-17 23:05:39] [INFO] [paramiko.transport] Authentication (password) successful!
[2026-09-17 23:05:39] [INFO] [paramiko.transport.sftp] [chan 0] Opened sftp connection (server version 3)
[2026-09-17 23:05:39] [INFO] [BiharFloodAuto] [+] Overwriting: 29082026.zip -> server...
[2026-09-17 23:05:39] [INFO] [BiharFloodAuto] [+] Overwriting: 16092026.zip -> server...
[2026-09-17 23:05:39] [INFO] [BiharFloodAuto] [+] Overwriting: 18092026.zip -> server...
[2026-09-17 23:05:39] [INFO] [BiharFloodAuto] [+] Overwriting: 11092026.zip -> server...
[2026-09-17 23:05:39] [INFO] [BiharFloodAuto] [+] Overwriting: 28082026.zip -> server...
[2026-09-17 23:05:40] [INFO] [BiharFloodAuto] [+] Overwriting: 05092026.zip -> server...
[2026-09-17 23:05:40] [INFO] [BiharFloodAuto] [+] Overwriting: 12092026.zip -> server...
[2026-09-17 23:05:40] [INFO] [BiharFloodAuto] [+] Overwriting: 07092026.zip -> server...
[2026-09-17 23:05:40] [INFO] [BiharFloodAuto] [+] Overwriting: 17092026.zip -> server...
[2026-09-17 23:05:40] [INFO] [BiharFloodAuto] [+] Overwriting: 13092026.zip -> server...
[2026-09-17 23:05:40] [INFO] [BiharFloodAuto] [+] Overwriting: 08092026.zip -> server...
[2026-09-17 23:05:40] [INFO] [BiharFloodAuto] [+] Overwriting: 14092026.zip -> server...
[2026-09-17 23:05:40] [INFO] [BiharFloodAuto] [+] Overwriting: 02092026.zip -> server...
[2026-09-17 23:05:40] [INFO] [BiharFloodAuto] [+] Overwriting: 27082026.zip -> server...
[2026-09-17 23:05:40] [INFO] [BiharFloodAuto] [+] Overwriting: 09092026.zip -> server...
[2026-09-17 23:05:40] [INFO] [BiharFloodAuto] [+] Overwriting: 10092026.zip -> server...
[2026-09-17 23:05:40] [INFO] [BiharFloodAuto] [+] Overwriting: 06092026.zip -> server...
[2026-09-17 23:05:40] [INFO] [BiharFloodAuto] [+] Overwriting: 30082026.zip -> server...
[2026-09-17 23:05:40] [INFO] [BiharFloodAuto] [+] Overwriting: 15092026.zip -> server...
[2026-09-17 23:05:40] [INFO] [BiharFloodAuto] [+] Overwriting: 01092026.zip -> server...
[2026-09-17 23:05:40] [INFO] [BiharFloodAuto] [+] Overwriting: 04092026.zip -> server...
[2026-09-17 23:05:40] [INFO] [BiharFloodAuto] [+] Overwriting: 31082026.zip -> server...
[2026-09-17 23:05:40] [INFO] [BiharFloodAuto] [+] Overwriting: 03092026.zip -> server...
[2026-09-17 23:05:41] [INFO] [BiharFloodAuto] [+] Successfully copied 23 file(s).
[2026-09-17 23:05:41] [INFO] [paramiko.transport.sftp] [chan 0] sftp session closed.
[2026-09-17 23:05:44] [INFO] [BiharFloodAuto] Successfully pushed automation.log to Git.
[2026-09-17 23:05:44] [INFO] [BiharFloodAuto] --- Loop #622 complete ---
[2026-09-17 23:05:44] [INFO] [BiharFloodAuto] Sleeping for 15 minutes. Next check at 23:20:44. (Use 'Run Now' on the dashboard to skip this.)
[2026-09-17 23:20:44] [INFO] [BiharFloodAuto] --- Loop #623 starting ---
[2026-09-17 23:20:44] [INFO] [BiharFloodAuto] Executing 'git pull' to check for updates...
[2026-09-17 23:20:46] [INFO] [BiharFloodAuto] Repository is already up to date.
[2026-09-17 23:20:47] [INFO] [BiharFloodAuto] Searching Gmail for emails with 'Inundation Probability' from the last 15 days...
[2026-09-17 23:20:48] [INFO] [BiharFloodAuto] No new (undownloaded) matching emails found.
[2026-09-17 23:20:48] [INFO] [paramiko.transport] Connected (version 2.0, client OpenSSH_8.9p1)
[2026-09-17 23:20:49] [INFO] [paramiko.transport] Authentication (password) successful!
[2026-09-17 23:20:49] [INFO] [paramiko.transport.sftp] [chan 0] Opened sftp connection (server version 3)
[2026-09-17 23:20:49] [INFO] [BiharFloodAuto] [+] Overwriting: 29082026.zip -> server...
[2026-09-17 23:20:49] [INFO] [BiharFloodAuto] [+] Overwriting: 16092026.zip -> server...
[2026-09-17 23:20:49] [INFO] [BiharFloodAuto] [+] Overwriting: 18092026.zip -> server...
[2026-09-17 23:20:49] [INFO] [BiharFloodAuto] [+] Overwriting: 11092026.zip -> server...
[2026-09-17 23:20:49] [INFO] [BiharFloodAuto] [+] Overwriting: 28082026.zip -> server...
[2026-09-17 23:20:49] [INFO] [BiharFloodAuto] [+] Overwriting: 05092026.zip -> server...
[2026-09-17 23:20:49] [INFO] [BiharFloodAuto] [+] Overwriting: 12092026.zip -> server...
[2026-09-17 23:20:49] [INFO] [BiharFloodAuto] [+] Overwriting: 07092026.zip -> server...
[2026-09-17 23:20:49] [INFO] [BiharFloodAuto] [+] Overwriting: 17092026.zip -> server...
[2026-09-17 23:20:49] [INFO] [BiharFloodAuto] [+] Overwriting: 13092026.zip -> server...
[2026-09-17 23:20:49] [INFO] [BiharFloodAuto] [+] Overwriting: 08092026.zip -> server...
[2026-09-17 23:20:50] [INFO] [BiharFloodAuto] [+] Overwriting: 14092026.zip -> server...
[2026-09-17 23:20:50] [INFO] [BiharFloodAuto] [+] Overwriting: 02092026.zip -> server...
[2026-09-17 23:20:50] [INFO] [BiharFloodAuto] [+] Overwriting: 27082026.zip -> server...
[2026-09-17 23:20:50] [INFO] [BiharFloodAuto] [+] Overwriting: 09092026.zip -> server...
[2026-09-17 23:20:50] [INFO] [BiharFloodAuto] [+] Overwriting: 10092026.zip -> server...
[2026-09-17 23:20:50] [INFO] [BiharFloodAuto] [+] Overwriting: 06092026.zip -> server...
[2026-09-17 23:20:50] [INFO] [BiharFloodAuto] [+] Overwriting: 30082026.zip -> server...
[2026-09-17 23:20:50] [INFO] [BiharFloodAuto] [+] Overwriting: 15092026.zip -> server...
[2026-09-17 23:20:50] [INFO] [BiharFloodAuto] [+] Overwriting: 01092026.zip -> server...
[2026-09-17 23:20:50] [INFO] [BiharFloodAuto] [+] Overwriting: 04092026.zip -> server...
[2026-09-17 23:20:50] [INFO] [BiharFloodAuto] [+] Overwriting: 31082026.zip -> server...
[2026-09-17 23:20:50] [INFO] [BiharFloodAuto] [+] Overwriting: 03092026.zip -> server...
[2026-09-17 23:20:50] [INFO] [BiharFloodAuto] [+] Successfully copied 23 file(s).
[2026-09-17 23:20:50] [INFO] [paramiko.transport.sftp] [chan 0] sftp session closed.
[2026-09-17 23:20:53] [INFO] [BiharFloodAuto] Successfully pushed automation.log to Git.
[2026-09-17 23:20:53] [INFO] [BiharFloodAuto] --- Loop #623 complete ---
[2026-09-17 23:20:53] [INFO] [BiharFloodAuto] Sleeping for 15 minutes. Next check at 23:35:53. (Use 'Run Now' on the dashboard to skip this.)
[2026-09-17 23:35:53] [INFO] [BiharFloodAuto] --- Loop #624 starting ---
[2026-09-17 23:35:53] [INFO] [BiharFloodAuto] Executing 'git pull' to check for updates...
[2026-09-17 23:35:56] [INFO] [BiharFloodAuto] Repository is already up to date.
[2026-09-17 23:35:56] [INFO] [BiharFloodAuto] Searching Gmail for emails with 'Inundation Probability' from the last 15 days...
[2026-09-17 23:35:57] [INFO] [BiharFloodAuto] No new (undownloaded) matching emails found.
[2026-09-17 23:35:57] [INFO] [paramiko.transport] Connected (version 2.0, client OpenSSH_8.9p1)
[2026-09-17 23:35:57] [INFO] [paramiko.transport] Authentication (password) successful!
[2026-09-17 23:35:57] [INFO] [paramiko.transport.sftp] [chan 0] Opened sftp connection (server version 3)
[2026-09-17 23:35:57] [INFO] [BiharFloodAuto] [+] Overwriting: 29082026.zip -> server...
[2026-09-17 23:35:57] [INFO] [BiharFloodAuto] [+] Overwriting: 16092026.zip -> server...
[2026-09-17 23:35:57] [INFO] [BiharFloodAuto] [+] Overwriting: 18092026.zip -> server...
[2026-09-17 23:35:57] [INFO] [BiharFloodAuto] [+] Overwriting: 11092026.zip -> server...
[2026-09-17 23:35:57] [INFO] [BiharFloodAuto] [+] Overwriting: 28082026.zip -> server...
[2026-09-17 23:35:57] [INFO] [BiharFloodAuto] [+] Overwriting: 05092026.zip -> server...
[2026-09-17 23:35:57] [INFO] [BiharFloodAuto] [+] Overwriting: 12092026.zip -> server...
[2026-09-17 23:35:57] [INFO] [BiharFloodAuto] [+] Overwriting: 07092026.zip -> server...
[2026-09-17 23:35:58] [INFO] [BiharFloodAuto] [+] Overwriting: 17092026.zip -> server...
[2026-09-17 23:35:58] [INFO] [BiharFloodAuto] [+] Overwriting: 13092026.zip -> server...
[2026-09-17 23:35:58] [INFO] [BiharFloodAuto] [+] Overwriting: 08092026.zip -> server...
[2026-09-17 23:35:58] [INFO] [BiharFloodAuto] [+] Overwriting: 14092026.zip -> server...
[2026-09-17 23:35:58] [INFO] [BiharFloodAuto] [+] Overwriting: 02092026.zip -> server...
[2026-09-17 23:35:58] [INFO] [BiharFloodAuto] [+] Overwriting: 27082026.zip -> server...
[2026-09-17 23:35:58] [INFO] [BiharFloodAuto] [+] Overwriting: 09092026.zip -> server...
[2026-09-17 23:35:58] [INFO] [BiharFloodAuto] [+] Overwriting: 10092026.zip -> server...
[2026-09-17 23:35:58] [INFO] [BiharFloodAuto] [+] Overwriting: 06092026.zip -> server...
[2026-09-17 23:35:58] [INFO] [BiharFloodAuto] [+] Overwriting: 30082026.zip -> server...
[2026-09-17 23:35:58] [INFO] [BiharFloodAuto] [+] Overwriting: 15092026.zip -> server...
[2026-09-17 23:35:58] [INFO] [BiharFloodAuto] [+] Overwriting: 01092026.zip -> server...
[2026-09-17 23:35:58] [INFO] [BiharFloodAuto] [+] Overwriting: 04092026.zip -> server...
[2026-09-17 23:35:58] [INFO] [BiharFloodAuto] [+] Overwriting: 31082026.zip -> server...
[2026-09-17 23:35:59] [INFO] [BiharFloodAuto] [+] Overwriting: 03092026.zip -> server...
[2026-09-17 23:35:59] [INFO] [BiharFloodAuto] [+] Successfully copied 23 file(s).
[2026-09-17 23:35:59] [INFO] [paramiko.transport.sftp] [chan 0] sftp session closed.
[2026-09-17 23:36:02] [INFO] [BiharFloodAuto] Successfully pushed automation.log to Git.
[2026-09-17 23:36:02] [INFO] [BiharFloodAuto] --- Loop #624 complete ---
[2026-09-17 23:36:02] [INFO] [BiharFloodAuto] Sleeping for 15 minutes. Next check at 23:51:02. (Use 'Run Now' on the dashboard to skip this.)
[2026-09-17 23:51:02] [INFO] [BiharFloodAuto] --- Loop #625 starting ---
[2026-09-17 23:51:02] [INFO] [BiharFloodAuto] Executing 'git pull' to check for updates...
[2026-09-17 23:51:05] [INFO] [BiharFloodAuto] Repository is already up to date.
[2026-09-17 23:51:06] [INFO] [BiharFloodAuto] Searching Gmail for emails with 'Inundation Probability' from the last 15 days...
[2026-09-17 23:51:07] [INFO] [BiharFloodAuto] No new (undownloaded) matching emails found.
[2026-09-17 23:51:07] [INFO] [paramiko.transport] Connected (version 2.0, client OpenSSH_8.9p1)
[2026-09-17 23:51:07] [INFO] [paramiko.transport] Authentication (password) successful!
[2026-09-17 23:51:07] [INFO] [paramiko.transport.sftp] [chan 0] Opened sftp connection (server version 3)
[2026-09-17 23:51:07] [INFO] [BiharFloodAuto] [+] Overwriting: 29082026.zip -> server...
[2026-09-17 23:51:07] [INFO] [BiharFloodAuto] [+] Overwriting: 16092026.zip -> server...
[2026-09-17 23:51:07] [INFO] [BiharFloodAuto] [+] Overwriting: 18092026.zip -> server...
[2026-09-17 23:51:07] [INFO] [BiharFloodAuto] [+] Overwriting: 11092026.zip -> server...
[2026-09-17 23:51:07] [INFO] [BiharFloodAuto] [+] Overwriting: 28082026.zip -> server...
[2026-09-17 23:51:07] [INFO] [BiharFloodAuto] [+] Overwriting: 05092026.zip -> server...
[2026-09-17 23:51:07] [INFO] [BiharFloodAuto] [+] Overwriting: 12092026.zip -> server...
[2026-09-17 23:51:07] [INFO] [BiharFloodAuto] [+] Overwriting: 07092026.zip -> server...
[2026-09-17 23:51:07] [INFO] [BiharFloodAuto] [+] Overwriting: 17092026.zip -> server...
[2026-09-17 23:51:08] [INFO] [BiharFloodAuto] [+] Overwriting: 13092026.zip -> server...
[2026-09-17 23:51:08] [INFO] [BiharFloodAuto] [+] Overwriting: 08092026.zip -> server...
[2026-09-17 23:51:08] [INFO] [BiharFloodAuto] [+] Overwriting: 14092026.zip -> server...
[2026-09-17 23:51:08] [INFO] [BiharFloodAuto] [+] Overwriting: 02092026.zip -> server...
[2026-09-17 23:51:08] [INFO] [BiharFloodAuto] [+] Overwriting: 27082026.zip -> server...
[2026-09-17 23:51:08] [INFO] [BiharFloodAuto] [+] Overwriting: 09092026.zip -> server...
[2026-09-17 23:51:08] [INFO] [BiharFloodAuto] [+] Overwriting: 10092026.zip -> server...
[2026-09-17 23:51:08] [INFO] [BiharFloodAuto] [+] Overwriting: 06092026.zip -> server...
[2026-09-17 23:51:08] [INFO] [BiharFloodAuto] [+] Overwriting: 30082026.zip -> server...
[2026-09-17 23:51:08] [INFO] [BiharFloodAuto] [+] Overwriting: 15092026.zip -> server...
[2026-09-17 23:51:08] [INFO] [BiharFloodAuto] [+] Overwriting: 01092026.zip -> server...
[2026-09-17 23:51:08] [INFO] [BiharFloodAuto] [+] Overwriting: 04092026.zip -> server...
[2026-09-17 23:51:08] [INFO] [BiharFloodAuto] [+] Overwriting: 31082026.zip -> server...
[2026-09-17 23:51:08] [INFO] [BiharFloodAuto] [+] Overwriting: 03092026.zip -> server...
[2026-09-17 23:51:08] [INFO] [BiharFloodAuto] [+] Successfully copied 23 file(s).
[2026-09-17 23:51:08] [INFO] [paramiko.transport.sftp] [chan 0] sftp session closed.
[2026-09-17 23:51:11] [INFO] [BiharFloodAuto] Successfully pushed automation.log to Git.
[2026-09-17 23:51:11] [INFO] [BiharFloodAuto] --- Loop #625 complete ---
[2026-09-17 23:51:11] [INFO] [BiharFloodAuto] Sleeping for 15 minutes. Next check at 00:06:11. (Use 'Run Now' on the dashboard to skip this.)
[2026-09-18 00:06:11] [INFO] [BiharFloodAuto] --- Loop #626 starting ---
[2026-09-18 00:06:11] [INFO] [BiharFloodAuto] Executing 'git pull' to check for updates...
[2026-09-18 00:06:14] [INFO] [BiharFloodAuto] Repository is already up to date.
[2026-09-18 00:06:14] [INFO] [BiharFloodAuto] Searching Gmail for emails with 'Inundation Probability' from the last 15 days...
[2026-09-18 00:06:15] [INFO] [BiharFloodAuto] No new (undownloaded) matching emails found.
[2026-09-18 00:06:15] [INFO] [paramiko.transport] Connected (version 2.0, client OpenSSH_8.9p1)
[2026-09-18 00:06:15] [INFO] [paramiko.transport] Authentication (password) successful!
[2026-09-18 00:06:15] [INFO] [paramiko.transport.sftp] [chan 0] Opened sftp connection (server version 3)
[2026-09-18 00:06:15] [INFO] [BiharFloodAuto] [+] Overwriting: 29082026.zip -> server...
[2026-09-18 00:06:15] [INFO] [BiharFloodAuto] [+] Overwriting: 16092026.zip -> server...
[2026-09-18 00:06:15] [INFO] [BiharFloodAuto] [+] Overwriting: 18092026.zip -> server...
[2026-09-18 00:06:15] [INFO] [BiharFloodAuto] [+] Overwriting: 11092026.zip -> server...
[2026-09-18 00:06:16] [INFO] [BiharFloodAuto] [+] Overwriting: 28082026.zip -> server...
[2026-09-18 00:06:16] [INFO] [BiharFloodAuto] [+] Overwriting: 05092026.zip -> server...
[2026-09-18 00:06:16] [INFO] [BiharFloodAuto] [+] Overwriting: 12092026.zip -> server...
[2026-09-18 00:06:16] [INFO] [BiharFloodAuto] [+] Overwriting: 07092026.zip -> server...
[2026-09-18 00:06:16] [INFO] [BiharFloodAuto] [+] Overwriting: 17092026.zip -> server...
[2026-09-18 00:06:16] [INFO] [BiharFloodAuto] [+] Overwriting: 13092026.zip -> server...
[2026-09-18 00:06:16] [INFO] [BiharFloodAuto] [+] Overwriting: 08092026.zip -> server...
[2026-09-18 00:06:16] [INFO] [BiharFloodAuto] [+] Overwriting: 14092026.zip -> server...
[2026-09-18 00:06:16] [INFO] [BiharFloodAuto] [+] Overwriting: 02092026.zip -> server...
[2026-09-18 00:06:16] [INFO] [BiharFloodAuto] [+] Overwriting: 27082026.zip -> server...
[2026-09-18 00:06:16] [INFO] [BiharFloodAuto] [+] Overwriting: 09092026.zip -> server...
[2026-09-18 00:06:16] [INFO] [BiharFloodAuto] [+] Overwriting: 10092026.zip -> server...
[2026-09-18 00:06:16] [INFO] [BiharFloodAuto] [+] Overwriting: 06092026.zip -> server...
[2026-09-18 00:06:16] [INFO] [BiharFloodAuto] [+] Overwriting: 30082026.zip -> server...
[2026-09-18 00:06:16] [INFO] [BiharFloodAuto] [+] Overwriting: 15092026.zip -> server...
[2026-09-18 00:06:16] [INFO] [BiharFloodAuto] [+] Overwriting: 01092026.zip -> server...
[2026-09-18 00:06:16] [INFO] [BiharFloodAuto] [+] Overwriting: 04092026.zip -> server...
[2026-09-18 00:06:16] [INFO] [BiharFloodAuto] [+] Overwriting: 31082026.zip -> server...
[2026-09-18 00:06:17] [INFO] [BiharFloodAuto] [+] Overwriting: 03092026.zip -> server...
[2026-09-18 00:06:17] [INFO] [BiharFloodAuto] [+] Successfully copied 23 file(s).
[2026-09-18 00:06:17] [INFO] [paramiko.transport.sftp] [chan 0] sftp session closed.
[2026-09-18 00:06:20] [INFO] [BiharFloodAuto] Successfully pushed automation.log to Git.
[2026-09-18 00:06:20] [INFO] [BiharFloodAuto] --- Loop #626 complete ---
[2026-09-18 00:06:20] [INFO] [BiharFloodAuto] Sleeping for 15 minutes. Next check at 00:21:20. (Use 'Run Now' on the dashboard to skip this.)
[2026-09-18 00:21:20] [INFO] [BiharFloodAuto] --- Loop #627 starting ---
[2026-09-18 00:21:20] [INFO] [BiharFloodAuto] Executing 'git pull' to check for updates...
[2026-09-18 00:21:22] [INFO] [BiharFloodAuto] Repository is already up to date.
[2026-09-18 00:21:23] [INFO] [BiharFloodAuto] Searching Gmail for emails with 'Inundation Probability' from the last 15 days...
[2026-09-18 00:21:24] [INFO] [BiharFloodAuto] No new (undownloaded) matching emails found.
[2026-09-18 00:21:24] [INFO] [paramiko.transport] Connected (version 2.0, client OpenSSH_8.9p1)
[2026-09-18 00:21:24] [INFO] [paramiko.transport] Authentication (password) successful!
[2026-09-18 00:21:24] [INFO] [paramiko.transport.sftp] [chan 0] Opened sftp connection (server version 3)
[2026-09-18 00:21:24] [INFO] [BiharFloodAuto] [+] Overwriting: 29082026.zip -> server...
[2026-09-18 00:21:24] [INFO] [BiharFloodAuto] [+] Overwriting: 16092026.zip -> server...
[2026-09-18 00:21:24] [INFO] [BiharFloodAuto] [+] Overwriting: 18092026.zip -> server...
[2026-09-18 00:21:24] [INFO] [BiharFloodAuto] [+] Overwriting: 11092026.zip -> server...
[2026-09-18 00:21:24] [INFO] [BiharFloodAuto] [+] Overwriting: 28082026.zip -> server...
[2026-09-18 00:21:24] [INFO] [BiharFloodAuto] [+] Overwriting: 05092026.zip -> server...
[2026-09-18 00:21:25] [INFO] [BiharFloodAuto] [+] Overwriting: 12092026.zip -> server...
[2026-09-18 00:21:25] [INFO] [BiharFloodAuto] [+] Overwriting: 07092026.zip -> server...
[2026-09-18 00:21:25] [INFO] [BiharFloodAuto] [+] Overwriting: 17092026.zip -> server...
[2026-09-18 00:21:25] [INFO] [BiharFloodAuto] [+] Overwriting: 13092026.zip -> server...
[2026-09-18 00:21:25] [INFO] [BiharFloodAuto] [+] Overwriting: 08092026.zip -> server...
[2026-09-18 00:21:25] [INFO] [BiharFloodAuto] [+] Overwriting: 14092026.zip -> server...
[2026-09-18 00:21:25] [INFO] [BiharFloodAuto] [+] Overwriting: 02092026.zip -> server...
[2026-09-18 00:21:25] [INFO] [BiharFloodAuto] [+] Overwriting: 27082026.zip -> server...
[2026-09-18 00:21:25] [INFO] [BiharFloodAuto] [+] Overwriting: 09092026.zip -> server...
[2026-09-18 00:21:25] [INFO] [BiharFloodAuto] [+] Overwriting: 10092026.zip -> server...
[2026-09-18 00:21:25] [INFO] [BiharFloodAuto] [+] Overwriting: 06092026.zip -> server...
[2026-09-18 00:21:25] [INFO] [BiharFloodAuto] [+] Overwriting: 30082026.zip -> server...
[2026-09-18 00:21:25] [INFO] [BiharFloodAuto] [+] Overwriting: 15092026.zip -> server...
[2026-09-18 00:21:25] [INFO] [BiharFloodAuto] [+] Overwriting: 01092026.zip -> server...
[2026-09-18 00:21:25] [INFO] [BiharFloodAuto] [+] Overwriting: 04092026.zip -> server...
[2026-09-18 00:21:25] [INFO] [BiharFloodAuto] [+] Overwriting: 31082026.zip -> server...
[2026-09-18 00:21:26] [INFO] [BiharFloodAuto] [+] Overwriting: 03092026.zip -> server...
[2026-09-18 00:21:26] [INFO] [BiharFloodAuto] [+] Successfully copied 23 file(s).
[2026-09-18 00:21:26] [INFO] [paramiko.transport.sftp] [chan 0] sftp session closed.
[2026-09-18 00:21:28] [INFO] [BiharFloodAuto] Successfully pushed automation.log to Git.
[2026-09-18 00:21:28] [INFO] [BiharFloodAuto] --- Loop #627 complete ---
[2026-09-18 00:21:28] [INFO] [BiharFloodAuto] Sleeping for 15 minutes. Next check at 00:36:28. (Use 'Run Now' on the dashboard to skip this.)
[2026-09-18 00:36:29] [INFO] [BiharFloodAuto] --- Loop #628 starting ---
[2026-09-18 00:36:29] [INFO] [BiharFloodAuto] Executing 'git pull' to check for updates...
[2026-09-18 00:36:31] [INFO] [BiharFloodAuto] Repository is already up to date.
[2026-09-18 00:36:32] [INFO] [BiharFloodAuto] Searching Gmail for emails with 'Inundation Probability' from the last 15 days...
[2026-09-18 00:36:32] [INFO] [BiharFloodAuto] No new (undownloaded) matching emails found.
[2026-09-18 00:36:32] [INFO] [paramiko.transport] Connected (version 2.0, client OpenSSH_8.9p1)
[2026-09-18 00:36:33] [INFO] [paramiko.transport] Authentication (password) successful!
[2026-09-18 00:36:33] [INFO] [paramiko.transport.sftp] [chan 0] Opened sftp connection (server version 3)
[2026-09-18 00:36:33] [INFO] [BiharFloodAuto] [+] Overwriting: 29082026.zip -> server...
[2026-09-18 00:36:33] [INFO] [BiharFloodAuto] [+] Overwriting: 16092026.zip -> server...
[2026-09-18 00:36:33] [INFO] [BiharFloodAuto] [+] Overwriting: 18092026.zip -> server...
[2026-09-18 00:36:33] [INFO] [BiharFloodAuto] [+] Overwriting: 11092026.zip -> server...
[2026-09-18 00:36:33] [INFO] [BiharFloodAuto] [+] Overwriting: 28082026.zip -> server...
[2026-09-18 00:36:33] [INFO] [BiharFloodAuto] [+] Overwriting: 05092026.zip -> server...
[2026-09-18 00:36:33] [INFO] [BiharFloodAuto] [+] Overwriting: 12092026.zip -> server...
[2026-09-18 00:36:33] [INFO] [BiharFloodAuto] [+] Overwriting: 07092026.zip -> server...
[2026-09-18 00:36:33] [INFO] [BiharFloodAuto] [+] Overwriting: 17092026.zip -> server...
[2026-09-18 00:36:33] [INFO] [BiharFloodAuto] [+] Overwriting: 13092026.zip -> server...
[2026-09-18 00:36:33] [INFO] [BiharFloodAuto] [+] Overwriting: 08092026.zip -> server...
[2026-09-18 00:36:33] [INFO] [BiharFloodAuto] [+] Overwriting: 14092026.zip -> server...
[2026-09-18 00:36:33] [INFO] [BiharFloodAuto] [+] Overwriting: 02092026.zip -> server...
[2026-09-18 00:36:33] [INFO] [BiharFloodAuto] [+] Overwriting: 27082026.zip -> server...
[2026-09-18 00:36:34] [INFO] [BiharFloodAuto] [+] Overwriting: 09092026.zip -> server...
[2026-09-18 00:36:34] [INFO] [BiharFloodAuto] [+] Overwriting: 10092026.zip -> server...
[2026-09-18 00:36:34] [INFO] [BiharFloodAuto] [+] Overwriting: 06092026.zip -> server...
[2026-09-18 00:36:34] [INFO] [BiharFloodAuto] [+] Overwriting: 30082026.zip -> server...
[2026-09-18 00:36:34] [INFO] [BiharFloodAuto] [+] Overwriting: 15092026.zip -> server...
[2026-09-18 00:36:34] [INFO] [BiharFloodAuto] [+] Overwriting: 01092026.zip -> server...
[2026-09-18 00:36:34] [INFO] [BiharFloodAuto] [+] Overwriting: 04092026.zip -> server...
[2026-09-18 00:36:34] [INFO] [BiharFloodAuto] [+] Overwriting: 31082026.zip -> server...
[2026-09-18 00:36:34] [INFO] [BiharFloodAuto] [+] Overwriting: 03092026.zip -> server...
[2026-09-18 00:36:34] [INFO] [BiharFloodAuto] [+] Successfully copied 23 file(s).
[2026-09-18 00:36:34] [INFO] [paramiko.transport.sftp] [chan 0] sftp session closed.
[2026-09-18 00:36:37] [INFO] [BiharFloodAuto] Successfully pushed automation.log to Git.
[2026-09-18 00:36:37] [INFO] [BiharFloodAuto] --- Loop #628 complete ---
[2026-09-18 00:36:37] [INFO] [BiharFloodAuto] Sleeping for 15 minutes. Next check at 00:51:37. (Use 'Run Now' on the dashboard to skip this.)
[2026-09-18 00:51:37] [INFO] [BiharFloodAuto] --- Loop #629 starting ---
[2026-09-18 00:51:37] [INFO] [BiharFloodAuto] Executing 'git pull' to check for updates...
[2026-09-18 00:51:40] [INFO] [BiharFloodAuto] Repository is already up to date.
[2026-09-18 00:51:40] [INFO] [BiharFloodAuto] Searching Gmail for emails with 'Inundation Probability' from the last 15 days...
[2026-09-18 00:51:41] [INFO] [BiharFloodAuto] No new (undownloaded) matching emails found.
[2026-09-18 00:51:41] [INFO] [paramiko.transport] Connected (version 2.0, client OpenSSH_8.9p1)
[2026-09-18 00:51:41] [INFO] [paramiko.transport] Authentication (password) successful!
[2026-09-18 00:51:42] [INFO] [paramiko.transport.sftp] [chan 0] Opened sftp connection (server version 3)
[2026-09-18 00:51:42] [INFO] [BiharFloodAuto] [+] Overwriting: 29082026.zip -> server...
[2026-09-18 00:51:42] [INFO] [BiharFloodAuto] [+] Overwriting: 16092026.zip -> server...
[2026-09-18 00:51:42] [INFO] [BiharFloodAuto] [+] Overwriting: 18092026.zip -> server...
[2026-09-18 00:51:42] [INFO] [BiharFloodAuto] [+] Overwriting: 11092026.zip -> server...
[2026-09-18 00:51:42] [INFO] [BiharFloodAuto] [+] Overwriting: 28082026.zip -> server...
[2026-09-18 00:51:42] [INFO] [BiharFloodAuto] [+] Overwriting: 05092026.zip -> server...
[2026-09-18 00:51:42] [INFO] [BiharFloodAuto] [+] Overwriting: 12092026.zip -> server...
[2026-09-18 00:51:42] [INFO] [BiharFloodAuto] [+] Overwriting: 07092026.zip -> server...
[2026-09-18 00:51:42] [INFO] [BiharFloodAuto] [+] Overwriting: 17092026.zip -> server...
[2026-09-18 00:51:42] [INFO] [BiharFloodAuto] [+] Overwriting: 13092026.zip -> server...
[2026-09-18 00:51:42] [INFO] [BiharFloodAuto] [+] Overwriting: 08092026.zip -> server...
[2026-09-18 00:51:42] [INFO] [BiharFloodAuto] [+] Overwriting: 14092026.zip -> server...
[2026-09-18 00:51:42] [INFO] [BiharFloodAuto] [+] Overwriting: 02092026.zip -> server...
[2026-09-18 00:51:42] [INFO] [BiharFloodAuto] [+] Overwriting: 27082026.zip -> server...
[2026-09-18 00:51:42] [INFO] [BiharFloodAuto] [+] Overwriting: 09092026.zip -> server...
[2026-09-18 00:51:42] [INFO] [BiharFloodAuto] [+] Overwriting: 10092026.zip -> server...
[2026-09-18 00:51:42] [INFO] [BiharFloodAuto] [+] Overwriting: 06092026.zip -> server...
[2026-09-18 00:51:42] [INFO] [BiharFloodAuto] [+] Overwriting: 30082026.zip -> server...
[2026-09-18 00:51:43] [INFO] [BiharFloodAuto] [+] Overwriting: 15092026.zip -> server...
[2026-09-18 00:51:43] [INFO] [BiharFloodAuto] [+] Overwriting: 01092026.zip -> server...
[2026-09-18 00:51:43] [INFO] [BiharFloodAuto] [+] Overwriting: 04092026.zip -> server...
[2026-09-18 00:51:43] [INFO] [BiharFloodAuto] [+] Overwriting: 31082026.zip -> server...
[2026-09-18 00:51:43] [INFO] [BiharFloodAuto] [+] Overwriting: 03092026.zip -> server...
[2026-09-18 00:51:43] [INFO] [BiharFloodAuto] [+] Successfully copied 23 file(s).
[2026-09-18 00:51:43] [INFO] [paramiko.transport.sftp] [chan 0] sftp session closed.
[2026-09-18 00:51:46] [INFO] [BiharFloodAuto] Successfully pushed automation.log to Git.
[2026-09-18 00:51:46] [INFO] [BiharFloodAuto] --- Loop #629 complete ---
[2026-09-18 00:51:46] [INFO] [BiharFloodAuto] Sleeping for 15 minutes. Next check at 01:06:46. (Use 'Run Now' on the dashboard to skip this.)
[2026-09-18 01:06:46] [INFO] [BiharFloodAuto] --- Loop #630 starting ---
[2026-09-18 01:06:46] [INFO] [BiharFloodAuto] Executing 'git pull' to check for updates...
[2026-09-18 01:06:48] [INFO] [BiharFloodAuto] Repository is already up to date.
[2026-09-18 01:06:50] [INFO] [BiharFloodAuto] Searching Gmail for emails with 'Inundation Probability' from the last 15 days...
[2026-09-18 01:06:50] [INFO] [BiharFloodAuto] No new (undownloaded) matching emails found.
[2026-09-18 01:06:50] [INFO] [paramiko.transport] Connected (version 2.0, client OpenSSH_8.9p1)
[2026-09-18 01:06:50] [INFO] [paramiko.transport] Authentication (password) successful!
[2026-09-18 01:06:51] [INFO] [paramiko.transport.sftp] [chan 0] Opened sftp connection (server version 3)
[2026-09-18 01:06:51] [INFO] [BiharFloodAuto] [+] Overwriting: 29082026.zip -> server...
[2026-09-18 01:06:51] [INFO] [BiharFloodAuto] [+] Overwriting: 16092026.zip -> server...
[2026-09-18 01:06:51] [INFO] [BiharFloodAuto] [+] Overwriting: 18092026.zip -> server...
[2026-09-18 01:06:51] [INFO] [BiharFloodAuto] [+] Overwriting: 11092026.zip -> server...
[2026-09-18 01:06:51] [INFO] [BiharFloodAuto] [+] Overwriting: 28082026.zip -> server...
[2026-09-18 01:06:51] [INFO] [BiharFloodAuto] [+] Overwriting: 05092026.zip -> server...
[2026-09-18 01:06:51] [INFO] [BiharFloodAuto] [+] Overwriting: 12092026.zip -> server...
[2026-09-18 01:06:51] [INFO] [BiharFloodAuto] [+] Overwriting: 07092026.zip -> server...
[2026-09-18 01:06:51] [INFO] [BiharFloodAuto] [+] Overwriting: 17092026.zip -> server...
[2026-09-18 01:06:51] [INFO] [BiharFloodAuto] [+] Overwriting: 13092026.zip -> server...
[2026-09-18 01:06:51] [INFO] [BiharFloodAuto] [+] Overwriting: 08092026.zip -> server...
[2026-09-18 01:06:51] [INFO] [BiharFloodAuto] [+] Overwriting: 14092026.zip -> server...
[2026-09-18 01:06:51] [INFO] [BiharFloodAuto] [+] Overwriting: 02092026.zip -> server...
[2026-09-18 01:06:51] [INFO] [BiharFloodAuto] [+] Overwriting: 27082026.zip -> server...
[2026-09-18 01:06:51] [INFO] [BiharFloodAuto] [+] Overwriting: 09092026.zip -> server...
[2026-09-18 01:06:52] [INFO] [BiharFloodAuto] [+] Overwriting: 10092026.zip -> server...
[2026-09-18 01:06:52] [INFO] [BiharFloodAuto] [+] Overwriting: 06092026.zip -> server...
[2026-09-18 01:06:52] [INFO] [BiharFloodAuto] [+] Overwriting: 30082026.zip -> server...
[2026-09-18 01:06:52] [INFO] [BiharFloodAuto] [+] Overwriting: 15092026.zip -> server...
[2026-09-18 01:06:52] [INFO] [BiharFloodAuto] [+] Overwriting: 01092026.zip -> server...
[2026-09-18 01:06:52] [INFO] [BiharFloodAuto] [+] Overwriting: 04092026.zip -> server...
[2026-09-18 01:06:52] [INFO] [BiharFloodAuto] [+] Overwriting: 31082026.zip -> server...
[2026-09-18 01:06:52] [INFO] [BiharFloodAuto] [+] Overwriting: 03092026.zip -> server...
[2026-09-18 01:06:52] [INFO] [BiharFloodAuto] [+] Successfully copied 23 file(s).
[2026-09-18 01:06:52] [INFO] [paramiko.transport.sftp] [chan 0] sftp session closed.
[2026-09-18 01:06:55] [INFO] [BiharFloodAuto] Successfully pushed automation.log to Git.
[2026-09-18 01:06:55] [INFO] [BiharFloodAuto] --- Loop #630 complete ---
[2026-09-18 01:06:55] [INFO] [BiharFloodAuto] Sleeping for 15 minutes. Next check at 01:21:55. (Use 'Run Now' on the dashboard to skip this.)
[2026-09-18 01:21:55] [INFO] [BiharFloodAuto] --- Loop #631 starting ---
[2026-09-18 01:21:55] [INFO] [BiharFloodAuto] Executing 'git pull' to check for updates...
[2026-09-18 01:21:58] [INFO] [BiharFloodAuto] Repository is already up to date.
[2026-09-18 01:21:58] [INFO] [BiharFloodAuto] Searching Gmail for emails with 'Inundation Probability' from the last 15 days...
[2026-09-18 01:22:04] [INFO] [BiharFloodAuto] No new (undownloaded) matching emails found.
[2026-09-18 01:22:04] [INFO] [paramiko.transport] Connected (version 2.0, client OpenSSH_8.9p1)
[2026-09-18 01:22:04] [INFO] [paramiko.transport] Authentication (password) successful!
[2026-09-18 01:22:04] [INFO] [paramiko.transport.sftp] [chan 0] Opened sftp connection (server version 3)
[2026-09-18 01:22:04] [INFO] [BiharFloodAuto] [+] Overwriting: 29082026.zip -> server...
[2026-09-18 01:22:04] [INFO] [BiharFloodAuto] [+] Overwriting: 16092026.zip -> server...
[2026-09-18 01:22:04] [INFO] [BiharFloodAuto] [+] Overwriting: 18092026.zip -> server...
[2026-09-18 01:22:04] [INFO] [BiharFloodAuto] [+] Overwriting: 11092026.zip -> server...
[2026-09-18 01:22:04] [INFO] [BiharFloodAuto] [+] Overwriting: 28082026.zip -> server...
[2026-09-18 01:22:05] [INFO] [BiharFloodAuto] [+] Overwriting: 05092026.zip -> server...
[2026-09-18 01:22:05] [INFO] [BiharFloodAuto] [+] Overwriting: 12092026.zip -> server...
[2026-09-18 01:22:05] [INFO] [BiharFloodAuto] [+] Overwriting: 07092026.zip -> server...
[2026-09-18 01:22:05] [INFO] [BiharFloodAuto] [+] Overwriting: 17092026.zip -> server...
[2026-09-18 01:22:05] [INFO] [BiharFloodAuto] [+] Overwriting: 13092026.zip -> server...
[2026-09-18 01:22:05] [INFO] [BiharFloodAuto] [+] Overwriting: 08092026.zip -> server...
[2026-09-18 01:22:05] [INFO] [BiharFloodAuto] [+] Overwriting: 14092026.zip -> server...
[2026-09-18 01:22:05] [INFO] [BiharFloodAuto] [+] Overwriting: 02092026.zip -> server...
[2026-09-18 01:22:05] [INFO] [BiharFloodAuto] [+] Overwriting: 27082026.zip -> server...
[2026-09-18 01:22:05] [INFO] [BiharFloodAuto] [+] Overwriting: 09092026.zip -> server...
[2026-09-18 01:22:05] [INFO] [BiharFloodAuto] [+] Overwriting: 10092026.zip -> server...
[2026-09-18 01:22:05] [INFO] [BiharFloodAuto] [+] Overwriting: 06092026.zip -> server...
[2026-09-18 01:22:05] [INFO] [BiharFloodAuto] [+] Overwriting: 30082026.zip -> server...
[2026-09-18 01:22:05] [INFO] [BiharFloodAuto] [+] Overwriting: 15092026.zip -> server...
[2026-09-18 01:22:05] [INFO] [BiharFloodAuto] [+] Overwriting: 01092026.zip -> server...
[2026-09-18 01:22:06] [INFO] [BiharFloodAuto] [+] Overwriting: 04092026.zip -> server...
[2026-09-18 01:22:06] [INFO] [BiharFloodAuto] [+] Overwriting: 31082026.zip -> server...
[2026-09-18 01:22:06] [INFO] [BiharFloodAuto] [+] Overwriting: 03092026.zip -> server...
[2026-09-18 01:22:06] [INFO] [BiharFloodAuto] [+] Successfully copied 23 file(s).
[2026-09-18 01:22:06] [INFO] [paramiko.transport.sftp] [chan 0] sftp session closed.
[2026-09-18 01:22:09] [INFO] [BiharFloodAuto] Successfully pushed automation.log to Git.
[2026-09-18 01:22:09] [INFO] [BiharFloodAuto] --- Loop #631 complete ---
[2026-09-18 01:22:09] [INFO] [BiharFloodAuto] Sleeping for 15 minutes. Next check at 01:37:09. (Use 'Run Now' on the dashboard to skip this.)
[2026-09-18 01:37:09] [INFO] [BiharFloodAuto] --- Loop #632 starting ---
[2026-09-18 01:37:09] [INFO] [BiharFloodAuto] Executing 'git pull' to check for updates...
[2026-09-18 01:37:11] [INFO] [BiharFloodAuto] Repository is already up to date.
[2026-09-18 01:37:12] [INFO] [BiharFloodAuto] Searching Gmail for emails with 'Inundation Probability' from the last 15 days...
[2026-09-18 01:37:13] [INFO] [BiharFloodAuto] No new (undownloaded) matching emails found.
[2026-09-18 01:37:13] [INFO] [paramiko.transport] Connected (version 2.0, client OpenSSH_8.9p1)
[2026-09-18 01:37:13] [INFO] [paramiko.transport] Authentication (password) successful!
[2026-09-18 01:37:13] [INFO] [paramiko.transport.sftp] [chan 0] Opened sftp connection (server version 3)
[2026-09-18 01:37:13] [INFO] [BiharFloodAuto] [+] Overwriting: 29082026.zip -> server...
[2026-09-18 01:37:13] [INFO] [BiharFloodAuto] [+] Overwriting: 16092026.zip -> server...
[2026-09-18 01:37:13] [INFO] [BiharFloodAuto] [+] Overwriting: 18092026.zip -> server...
[2026-09-18 01:37:13] [INFO] [BiharFloodAuto] [+] Overwriting: 11092026.zip -> server...
[2026-09-18 01:37:14] [INFO] [BiharFloodAuto] [+] Overwriting: 28082026.zip -> server...
[2026-09-18 01:37:14] [INFO] [BiharFloodAuto] [+] Overwriting: 05092026.zip -> server...
[2026-09-18 01:37:14] [INFO] [BiharFloodAuto] [+] Overwriting: 12092026.zip -> server...
[2026-09-18 01:37:14] [INFO] [BiharFloodAuto] [+] Overwriting: 07092026.zip -> server...
[2026-09-18 01:37:14] [INFO] [BiharFloodAuto] [+] Overwriting: 17092026.zip -> server...
[2026-09-18 01:37:14] [INFO] [BiharFloodAuto] [+] Overwriting: 13092026.zip -> server...
[2026-09-18 01:37:14] [INFO] [BiharFloodAuto] [+] Overwriting: 08092026.zip -> server...
[2026-09-18 01:37:14] [INFO] [BiharFloodAuto] [+] Overwriting: 14092026.zip -> server...
[2026-09-18 01:37:14] [INFO] [BiharFloodAuto] [+] Overwriting: 02092026.zip -> server...
[2026-09-18 01:37:14] [INFO] [BiharFloodAuto] [+] Overwriting: 27082026.zip -> server...
[2026-09-18 01:37:14] [INFO] [BiharFloodAuto] [+] Overwriting: 09092026.zip -> server...
[2026-09-18 01:37:14] [INFO] [BiharFloodAuto] [+] Overwriting: 10092026.zip -> server...
[2026-09-18 01:37:14] [INFO] [BiharFloodAuto] [+] Overwriting: 06092026.zip -> server...
[2026-09-18 01:37:14] [INFO] [BiharFloodAuto] [+] Overwriting: 30082026.zip -> server...
[2026-09-18 01:37:14] [INFO] [BiharFloodAuto] [+] Overwriting: 15092026.zip -> server...
[2026-09-18 01:37:15] [INFO] [BiharFloodAuto] [+] Overwriting: 01092026.zip -> server...
[2026-09-18 01:37:15] [INFO] [BiharFloodAuto] [+] Overwriting: 04092026.zip -> server...
[2026-09-18 01:37:15] [INFO] [BiharFloodAuto] [+] Overwriting: 31082026.zip -> server...
[2026-09-18 01:37:15] [INFO] [BiharFloodAuto] [+] Overwriting: 03092026.zip -> server...
[2026-09-18 01:37:15] [INFO] [BiharFloodAuto] [+] Successfully copied 23 file(s).
[2026-09-18 01:37:15] [INFO] [paramiko.transport.sftp] [chan 0] sftp session closed.
[2026-09-18 01:37:18] [INFO] [BiharFloodAuto] Successfully pushed automation.log to Git.
[2026-09-18 01:37:18] [INFO] [BiharFloodAuto] --- Loop #632 complete ---
[2026-09-18 01:37:18] [INFO] [BiharFloodAuto] Sleeping for 15 minutes. Next check at 01:52:18. (Use 'Run Now' on the dashboard to skip this.)
[2026-09-18 01:52:18] [INFO] [BiharFloodAuto] --- Loop #633 starting ---
[2026-09-18 01:52:18] [INFO] [BiharFloodAuto] Executing 'git pull' to check for updates...
[2026-09-18 01:52:21] [INFO] [BiharFloodAuto] Repository is already up to date.
[2026-09-18 01:52:21] [INFO] [BiharFloodAuto] Searching Gmail for emails with 'Inundation Probability' from the last 15 days...
[2026-09-18 01:52:23] [INFO] [BiharFloodAuto] No new (undownloaded) matching emails found.
[2026-09-18 01:52:23] [INFO] [paramiko.transport] Connected (version 2.0, client OpenSSH_8.9p1)
[2026-09-18 01:52:23] [INFO] [paramiko.transport] Authentication (password) successful!
[2026-09-18 01:52:23] [INFO] [paramiko.transport.sftp] [chan 0] Opened sftp connection (server version 3)
[2026-09-18 01:52:23] [INFO] [BiharFloodAuto] [+] Overwriting: 29082026.zip -> server...
[2026-09-18 01:52:23] [INFO] [BiharFloodAuto] [+] Overwriting: 16092026.zip -> server...
[2026-09-18 01:52:24] [INFO] [BiharFloodAuto] [+] Overwriting: 18092026.zip -> server...
[2026-09-18 01:52:24] [INFO] [BiharFloodAuto] [+] Overwriting: 11092026.zip -> server...
[2026-09-18 01:52:24] [INFO] [BiharFloodAuto] [+] Overwriting: 28082026.zip -> server...
[2026-09-18 01:52:24] [INFO] [BiharFloodAuto] [+] Overwriting: 05092026.zip -> server...
[2026-09-18 01:52:24] [INFO] [BiharFloodAuto] [+] Overwriting: 12092026.zip -> server...
[2026-09-18 01:52:24] [INFO] [BiharFloodAuto] [+] Overwriting: 07092026.zip -> server...
[2026-09-18 01:52:24] [INFO] [BiharFloodAuto] [+] Overwriting: 17092026.zip -> server...
[2026-09-18 01:52:24] [INFO] [BiharFloodAuto] [+] Overwriting: 13092026.zip -> server...
[2026-09-18 01:52:24] [INFO] [BiharFloodAuto] [+] Overwriting: 08092026.zip -> server...
[2026-09-18 01:52:24] [INFO] [BiharFloodAuto] [+] Overwriting: 14092026.zip -> server...
[2026-09-18 01:52:24] [INFO] [BiharFloodAuto] [+] Overwriting: 02092026.zip -> server...
[2026-09-18 01:52:24] [INFO] [BiharFloodAuto] [+] Overwriting: 27082026.zip -> server...
[2026-09-18 01:52:24] [INFO] [BiharFloodAuto] [+] Overwriting: 09092026.zip -> server...
[2026-09-18 01:52:24] [INFO] [BiharFloodAuto] [+] Overwriting: 10092026.zip -> server...
[2026-09-18 01:52:24] [INFO] [BiharFloodAuto] [+] Overwriting: 06092026.zip -> server...
[2026-09-18 01:52:24] [INFO] [BiharFloodAuto] [+] Overwriting: 30082026.zip -> server...
[2026-09-18 01:52:25] [INFO] [BiharFloodAuto] [+] Overwriting: 15092026.zip -> server...
[2026-09-18 01:52:25] [INFO] [BiharFloodAuto] [+] Overwriting: 01092026.zip -> server...
[2026-09-18 01:52:25] [INFO] [BiharFloodAuto] [+] Overwriting: 04092026.zip -> server...
[2026-09-18 01:52:25] [INFO] [BiharFloodAuto] [+] Overwriting: 31082026.zip -> server...
[2026-09-18 01:52:25] [INFO] [BiharFloodAuto] [+] Overwriting: 03092026.zip -> server...
[2026-09-18 01:52:25] [INFO] [BiharFloodAuto] [+] Successfully copied 23 file(s).
[2026-09-18 01:52:25] [INFO] [paramiko.transport.sftp] [chan 0] sftp session closed.
[2026-09-18 01:52:28] [INFO] [BiharFloodAuto] Successfully pushed automation.log to Git.
[2026-09-18 01:52:28] [INFO] [BiharFloodAuto] --- Loop #633 complete ---
[2026-09-18 01:52:28] [INFO] [BiharFloodAuto] Sleeping for 15 minutes. Next check at 02:07:28. (Use 'Run Now' on the dashboard to skip this.)
[2026-09-18 02:07:28] [INFO] [BiharFloodAuto] --- Loop #634 starting ---
[2026-09-18 02:07:28] [INFO] [BiharFloodAuto] Executing 'git pull' to check for updates...
[2026-09-18 02:07:31] [INFO] [BiharFloodAuto] Repository is already up to date.
[2026-09-18 02:07:32] [INFO] [BiharFloodAuto] Searching Gmail for emails with 'Inundation Probability' from the last 15 days...
[2026-09-18 02:07:33] [INFO] [BiharFloodAuto] No new (undownloaded) matching emails found.
[2026-09-18 02:07:33] [INFO] [paramiko.transport] Connected (version 2.0, client OpenSSH_8.9p1)
[2026-09-18 02:07:33] [INFO] [paramiko.transport] Authentication (password) successful!
[2026-09-18 02:07:33] [INFO] [paramiko.transport.sftp] [chan 0] Opened sftp connection (server version 3)
[2026-09-18 02:07:33] [INFO] [BiharFloodAuto] [+] Overwriting: 29082026.zip -> server...
[2026-09-18 02:07:33] [INFO] [BiharFloodAuto] [+] Overwriting: 16092026.zip -> server...
[2026-09-18 02:07:33] [INFO] [BiharFloodAuto] [+] Overwriting: 18092026.zip -> server...
[2026-09-18 02:07:33] [INFO] [BiharFloodAuto] [+] Overwriting: 11092026.zip -> server...
[2026-09-18 02:07:33] [INFO] [BiharFloodAuto] [+] Overwriting: 28082026.zip -> server...
[2026-09-18 02:07:33] [INFO] [BiharFloodAuto] [+] Overwriting: 05092026.zip -> server...
[2026-09-18 02:07:33] [INFO] [BiharFloodAuto] [+] Overwriting: 12092026.zip -> server...
[2026-09-18 02:07:33] [INFO] [BiharFloodAuto] [+] Overwriting: 07092026.zip -> server...
[2026-09-18 02:07:33] [INFO] [BiharFloodAuto] [+] Overwriting: 17092026.zip -> server...
[2026-09-18 02:07:34] [INFO] [BiharFloodAuto] [+] Overwriting: 13092026.zip -> server...
[2026-09-18 02:07:34] [INFO] [BiharFloodAuto] [+] Overwriting: 08092026.zip -> server...
[2026-09-18 02:07:34] [INFO] [BiharFloodAuto] [+] Overwriting: 14092026.zip -> server...
[2026-09-18 02:07:34] [INFO] [BiharFloodAuto] [+] Overwriting: 02092026.zip -> server...
[2026-09-18 02:07:34] [INFO] [BiharFloodAuto] [+] Overwriting: 27082026.zip -> server...
[2026-09-18 02:07:34] [INFO] [BiharFloodAuto] [+] Overwriting: 09092026.zip -> server...
[2026-09-18 02:07:34] [INFO] [BiharFloodAuto] [+] Overwriting: 10092026.zip -> server...
[2026-09-18 02:07:34] [INFO] [BiharFloodAuto] [+] Overwriting: 06092026.zip -> server...
[2026-09-18 02:07:34] [INFO] [BiharFloodAuto] [+] Overwriting: 30082026.zip -> server...
[2026-09-18 02:07:34] [INFO] [BiharFloodAuto] [+] Overwriting: 15092026.zip -> server...
[2026-09-18 02:07:34] [INFO] [BiharFloodAuto] [+] Overwriting: 01092026.zip -> server...
[2026-09-18 02:07:34] [INFO] [BiharFloodAuto] [+] Overwriting: 04092026.zip -> server...
[2026-09-18 02:07:34] [INFO] [BiharFloodAuto] [+] Overwriting: 31082026.zip -> server...
[2026-09-18 02:07:34] [INFO] [BiharFloodAuto] [+] Overwriting: 03092026.zip -> server...
[2026-09-18 02:07:34] [INFO] [BiharFloodAuto] [+] Successfully copied 23 file(s).
[2026-09-18 02:07:34] [INFO] [paramiko.transport.sftp] [chan 0] sftp session closed.
[2026-09-18 02:07:37] [INFO] [BiharFloodAuto] Successfully pushed automation.log to Git.
[2026-09-18 02:07:37] [INFO] [BiharFloodAuto] --- Loop #634 complete ---
[2026-09-18 02:07:37] [INFO] [BiharFloodAuto] Sleeping for 15 minutes. Next check at 02:22:37. (Use 'Run Now' on the dashboard to skip this.)
[2026-09-18 02:22:37] [INFO] [BiharFloodAuto] --- Loop #635 starting ---
[2026-09-18 02:22:37] [INFO] [BiharFloodAuto] Executing 'git pull' to check for updates...
[2026-09-18 02:22:40] [INFO] [BiharFloodAuto] Repository is already up to date.
[2026-09-18 02:22:40] [INFO] [BiharFloodAuto] Searching Gmail for emails with 'Inundation Probability' from the last 15 days...
[2026-09-18 02:22:41] [INFO] [BiharFloodAuto] No new (undownloaded) matching emails found.
[2026-09-18 02:22:41] [INFO] [paramiko.transport] Connected (version 2.0, client OpenSSH_8.9p1)
[2026-09-18 02:22:41] [INFO] [paramiko.transport] Authentication (password) successful!
[2026-09-18 02:22:41] [INFO] [paramiko.transport.sftp] [chan 0] Opened sftp connection (server version 3)
[2026-09-18 02:22:41] [INFO] [BiharFloodAuto] [+] Overwriting: 29082026.zip -> server...
[2026-09-18 02:22:41] [INFO] [BiharFloodAuto] [+] Overwriting: 16092026.zip -> server...
[2026-09-18 02:22:41] [INFO] [BiharFloodAuto] [+] Overwriting: 18092026.zip -> server...
[2026-09-18 02:22:42] [INFO] [BiharFloodAuto] [+] Overwriting: 11092026.zip -> server...
[2026-09-18 02:22:42] [INFO] [BiharFloodAuto] [+] Overwriting: 28082026.zip -> server...
[2026-09-18 02:22:42] [INFO] [BiharFloodAuto] [+] Overwriting: 05092026.zip -> server...
[2026-09-18 02:22:42] [INFO] [BiharFloodAuto] [+] Overwriting: 12092026.zip -> server...
[2026-09-18 02:22:42] [INFO] [BiharFloodAuto] [+] Overwriting: 07092026.zip -> server...
[2026-09-18 02:22:42] [INFO] [BiharFloodAuto] [+] Overwriting: 17092026.zip -> server...
[2026-09-18 02:22:42] [INFO] [BiharFloodAuto] [+] Overwriting: 13092026.zip -> server...
[2026-09-18 02:22:42] [INFO] [BiharFloodAuto] [+] Overwriting: 08092026.zip -> server...
[2026-09-18 02:22:42] [INFO] [BiharFloodAuto] [+] Overwriting: 14092026.zip -> server...
[2026-09-18 02:22:42] [INFO] [BiharFloodAuto] [+] Overwriting: 02092026.zip -> server...
[2026-09-18 02:22:42] [INFO] [BiharFloodAuto] [+] Overwriting: 27082026.zip -> server...
[2026-09-18 02:22:42] [INFO] [BiharFloodAuto] [+] Overwriting: 09092026.zip -> server...
[2026-09-18 02:22:42] [INFO] [BiharFloodAuto] [+] Overwriting: 10092026.zip -> server...
[2026-09-18 02:22:42] [INFO] [BiharFloodAuto] [+] Overwriting: 06092026.zip -> server...
[2026-09-18 02:22:42] [INFO] [BiharFloodAuto] [+] Overwriting: 30082026.zip -> server...
[2026-09-18 02:22:42] [INFO] [BiharFloodAuto] [+] Overwriting: 15092026.zip -> server...
[2026-09-18 02:22:42] [INFO] [BiharFloodAuto] [+] Overwriting: 01092026.zip -> server...
[2026-09-18 02:22:42] [INFO] [BiharFloodAuto] [+] Overwriting: 04092026.zip -> server...
[2026-09-18 02:22:43] [INFO] [BiharFloodAuto] [+] Overwriting: 31082026.zip -> server...
[2026-09-18 02:22:43] [INFO] [BiharFloodAuto] [+] Overwriting: 03092026.zip -> server...
[2026-09-18 02:22:43] [INFO] [BiharFloodAuto] [+] Successfully copied 23 file(s).
[2026-09-18 02:22:43] [INFO] [paramiko.transport.sftp] [chan 0] sftp session closed.
[2026-09-18 02:22:46] [INFO] [BiharFloodAuto] Successfully pushed automation.log to Git.
[2026-09-18 02:22:46] [INFO] [BiharFloodAuto] --- Loop #635 complete ---
[2026-09-18 02:22:46] [INFO] [BiharFloodAuto] Sleeping for 15 minutes. Next check at 02:37:46. (Use 'Run Now' on the dashboard to skip this.)
[2026-09-18 02:37:46] [INFO] [BiharFloodAuto] --- Loop #636 starting ---
[2026-09-18 02:37:46] [INFO] [BiharFloodAuto] Executing 'git pull' to check for updates...
[2026-09-18 02:37:48] [INFO] [BiharFloodAuto] Repository is already up to date.
[2026-09-18 02:37:49] [INFO] [BiharFloodAuto] Searching Gmail for emails with 'Inundation Probability' from the last 15 days...
[2026-09-18 02:37:50] [INFO] [BiharFloodAuto] No new (undownloaded) matching emails found.
[2026-09-18 02:37:50] [INFO] [paramiko.transport] Connected (version 2.0, client OpenSSH_8.9p1)
[2026-09-18 02:37:50] [INFO] [paramiko.transport] Authentication (password) successful!
[2026-09-18 02:37:50] [INFO] [paramiko.transport.sftp] [chan 0] Opened sftp connection (server version 3)
[2026-09-18 02:37:50] [INFO] [BiharFloodAuto] [+] Overwriting: 29082026.zip -> server...
[2026-09-18 02:37:50] [INFO] [BiharFloodAuto] [+] Overwriting: 16092026.zip -> server...
[2026-09-18 02:37:50] [INFO] [BiharFloodAuto] [+] Overwriting: 18092026.zip -> server...
[2026-09-18 02:37:50] [INFO] [BiharFloodAuto] [+] Overwriting: 11092026.zip -> server...
[2026-09-18 02:37:50] [INFO] [BiharFloodAuto] [+] Overwriting: 28082026.zip -> server...
[2026-09-18 02:37:50] [INFO] [BiharFloodAuto] [+] Overwriting: 05092026.zip -> server...
[2026-09-18 02:37:51] [INFO] [BiharFloodAuto] [+] Overwriting: 12092026.zip -> server...
[2026-09-18 02:37:51] [INFO] [BiharFloodAuto] [+] Overwriting: 07092026.zip -> server...
[2026-09-18 02:37:51] [INFO] [BiharFloodAuto] [+] Overwriting: 17092026.zip -> server...
[2026-09-18 02:37:51] [INFO] [BiharFloodAuto] [+] Overwriting: 13092026.zip -> server...
[2026-09-18 02:37:51] [INFO] [BiharFloodAuto] [+] Overwriting: 08092026.zip -> server...
[2026-09-18 02:37:51] [INFO] [BiharFloodAuto] [+] Overwriting: 14092026.zip -> server...
[2026-09-18 02:37:51] [INFO] [BiharFloodAuto] [+] Overwriting: 02092026.zip -> server...
[2026-09-18 02:37:51] [INFO] [BiharFloodAuto] [+] Overwriting: 27082026.zip -> server...
[2026-09-18 02:37:51] [INFO] [BiharFloodAuto] [+] Overwriting: 09092026.zip -> server...
[2026-09-18 02:37:51] [INFO] [BiharFloodAuto] [+] Overwriting: 10092026.zip -> server...
[2026-09-18 02:37:51] [INFO] [BiharFloodAuto] [+] Overwriting: 06092026.zip -> server...
[2026-09-18 02:37:51] [INFO] [BiharFloodAuto] [+] Overwriting: 30082026.zip -> server...
[2026-09-18 02:37:51] [INFO] [BiharFloodAuto] [+] Overwriting: 15092026.zip -> server...
[2026-09-18 02:37:51] [INFO] [BiharFloodAuto] [+] Overwriting: 01092026.zip -> server...
[2026-09-18 02:37:51] [INFO] [BiharFloodAuto] [+] Overwriting: 04092026.zip -> server...
[2026-09-18 02:37:51] [INFO] [BiharFloodAuto] [+] Overwriting: 31082026.zip -> server...
[2026-09-18 02:37:51] [INFO] [BiharFloodAuto] [+] Overwriting: 03092026.zip -> server...
[2026-09-18 02:37:51] [INFO] [BiharFloodAuto] [+] Successfully copied 23 file(s).
[2026-09-18 02:37:51] [INFO] [paramiko.transport.sftp] [chan 0] sftp session closed.
[2026-09-18 02:37:54] [INFO] [BiharFloodAuto] Successfully pushed automation.log to Git.
[2026-09-18 02:37:54] [INFO] [BiharFloodAuto] --- Loop #636 complete ---
[2026-09-18 02:37:54] [INFO] [BiharFloodAuto] Sleeping for 15 minutes. Next check at 02:52:54. (Use 'Run Now' on the dashboard to skip this.)
[2026-09-18 02:52:55] [INFO] [BiharFloodAuto] --- Loop #637 starting ---
[2026-09-18 02:52:55] [INFO] [BiharFloodAuto] Executing 'git pull' to check for updates...
[2026-09-18 02:52:57] [INFO] [BiharFloodAuto] Repository is already up to date.
[2026-09-18 02:52:58] [INFO] [BiharFloodAuto] Searching Gmail for emails with 'Inundation Probability' from the last 15 days...
[2026-09-18 02:52:58] [INFO] [BiharFloodAuto] No new (undownloaded) matching emails found.
[2026-09-18 02:52:58] [INFO] [paramiko.transport] Connected (version 2.0, client OpenSSH_8.9p1)
[2026-09-18 02:52:58] [INFO] [paramiko.transport] Authentication (password) successful!
[2026-09-18 02:52:59] [INFO] [paramiko.transport.sftp] [chan 0] Opened sftp connection (server version 3)
[2026-09-18 02:52:59] [INFO] [BiharFloodAuto] [+] Overwriting: 29082026.zip -> server...
[2026-09-18 02:52:59] [INFO] [BiharFloodAuto] [+] Overwriting: 16092026.zip -> server...
[2026-09-18 02:52:59] [INFO] [BiharFloodAuto] [+] Overwriting: 18092026.zip -> server...
[2026-09-18 02:52:59] [INFO] [BiharFloodAuto] [+] Overwriting: 11092026.zip -> server...
[2026-09-18 02:52:59] [INFO] [BiharFloodAuto] [+] Overwriting: 28082026.zip -> server...
[2026-09-18 02:52:59] [INFO] [BiharFloodAuto] [+] Overwriting: 05092026.zip -> server...
[2026-09-18 02:52:59] [INFO] [BiharFloodAuto] [+] Overwriting: 12092026.zip -> server...
[2026-09-18 02:52:59] [INFO] [BiharFloodAuto] [+] Overwriting: 07092026.zip -> server...
[2026-09-18 02:52:59] [INFO] [BiharFloodAuto] [+] Overwriting: 17092026.zip -> server...
[2026-09-18 02:52:59] [INFO] [BiharFloodAuto] [+] Overwriting: 13092026.zip -> server...
[2026-09-18 02:52:59] [INFO] [BiharFloodAuto] [+] Overwriting: 08092026.zip -> server...
[2026-09-18 02:52:59] [INFO] [BiharFloodAuto] [+] Overwriting: 14092026.zip -> server...
[2026-09-18 02:52:59] [INFO] [BiharFloodAuto] [+] Overwriting: 02092026.zip -> server...
[2026-09-18 02:53:00] [INFO] [BiharFloodAuto] [+] Overwriting: 27082026.zip -> server...
[2026-09-18 02:53:00] [INFO] [BiharFloodAuto] [+] Overwriting: 09092026.zip -> server...
[2026-09-18 02:53:00] [INFO] [BiharFloodAuto] [+] Overwriting: 10092026.zip -> server...
[2026-09-18 02:53:00] [INFO] [BiharFloodAuto] [+] Overwriting: 06092026.zip -> server...
[2026-09-18 02:53:00] [INFO] [BiharFloodAuto] [+] Overwriting: 30082026.zip -> server...
[2026-09-18 02:53:00] [INFO] [BiharFloodAuto] [+] Overwriting: 15092026.zip -> server...
[2026-09-18 02:53:00] [INFO] [BiharFloodAuto] [+] Overwriting: 01092026.zip -> server...
[2026-09-18 02:53:00] [INFO] [BiharFloodAuto] [+] Overwriting: 04092026.zip -> server...
[2026-09-18 02:53:00] [INFO] [BiharFloodAuto] [+] Overwriting: 31082026.zip -> server...
[2026-09-18 02:53:00] [INFO] [BiharFloodAuto] [+] Overwriting: 03092026.zip -> server...
[2026-09-18 02:53:00] [INFO] [BiharFloodAuto] [+] Successfully copied 23 file(s).
[2026-09-18 02:53:00] [INFO] [paramiko.transport.sftp] [chan 0] sftp session closed.
[2026-09-18 02:53:03] [INFO] [BiharFloodAuto] Successfully pushed automation.log to Git.
[2026-09-18 02:53:03] [INFO] [BiharFloodAuto] --- Loop #637 complete ---
[2026-09-18 02:53:03] [INFO] [BiharFloodAuto] Sleeping for 15 minutes. Next check at 03:08:03. (Use 'Run Now' on the dashboard to skip this.)
[2026-09-18 03:08:03] [INFO] [BiharFloodAuto] --- Loop #638 starting ---
[2026-09-18 03:08:03] [INFO] [BiharFloodAuto] Executing 'git pull' to check for updates...
[2026-09-18 03:08:06] [INFO] [BiharFloodAuto] Repository is already up to date.
[2026-09-18 03:08:07] [INFO] [BiharFloodAuto] Searching Gmail for emails with 'Inundation Probability' from the last 15 days...
[2026-09-18 03:08:08] [INFO] [BiharFloodAuto] No new (undownloaded) matching emails found.
[2026-09-18 03:08:08] [INFO] [paramiko.transport] Connected (version 2.0, client OpenSSH_8.9p1)
[2026-09-18 03:08:08] [INFO] [paramiko.transport] Authentication (password) successful!
[2026-09-18 03:08:08] [INFO] [paramiko.transport.sftp] [chan 0] Opened sftp connection (server version 3)
[2026-09-18 03:08:08] [INFO] [BiharFloodAuto] [+] Overwriting: 29082026.zip -> server...
[2026-09-18 03:08:08] [INFO] [BiharFloodAuto] [+] Overwriting: 16092026.zip -> server...
[2026-09-18 03:08:08] [INFO] [BiharFloodAuto] [+] Overwriting: 18092026.zip -> server...
[2026-09-18 03:08:08] [INFO] [BiharFloodAuto] [+] Overwriting: 11092026.zip -> server...
[2026-09-18 03:08:08] [INFO] [BiharFloodAuto] [+] Overwriting: 28082026.zip -> server...
[2026-09-18 03:08:08] [INFO] [BiharFloodAuto] [+] Overwriting: 05092026.zip -> server...
[2026-09-18 03:08:08] [INFO] [BiharFloodAuto] [+] Overwriting: 12092026.zip -> server...
[2026-09-18 03:08:08] [INFO] [BiharFloodAuto] [+] Overwriting: 07092026.zip -> server...
[2026-09-18 03:08:08] [INFO] [BiharFloodAuto] [+] Overwriting: 17092026.zip -> server...
[2026-09-18 03:08:08] [INFO] [BiharFloodAuto] [+] Overwriting: 13092026.zip -> server...
[2026-09-18 03:08:09] [INFO] [BiharFloodAuto] [+] Overwriting: 08092026.zip -> server...
[2026-09-18 03:08:09] [INFO] [BiharFloodAuto] [+] Overwriting: 14092026.zip -> server...
[2026-09-18 03:08:09] [INFO] [BiharFloodAuto] [+] Overwriting: 02092026.zip -> server...
[2026-09-18 03:08:09] [INFO] [BiharFloodAuto] [+] Overwriting: 27082026.zip -> server...
[2026-09-18 03:08:09] [INFO] [BiharFloodAuto] [+] Overwriting: 09092026.zip -> server...
[2026-09-18 03:08:09] [INFO] [BiharFloodAuto] [+] Overwriting: 10092026.zip -> server...
[2026-09-18 03:08:09] [INFO] [BiharFloodAuto] [+] Overwriting: 06092026.zip -> server...
[2026-09-18 03:08:09] [INFO] [BiharFloodAuto] [+] Overwriting: 30082026.zip -> server...
[2026-09-18 03:08:09] [INFO] [BiharFloodAuto] [+] Overwriting: 15092026.zip -> server...
[2026-09-18 03:08:09] [INFO] [BiharFloodAuto] [+] Overwriting: 01092026.zip -> server...
[2026-09-18 03:08:09] [INFO] [BiharFloodAuto] [+] Overwriting: 04092026.zip -> server...
[2026-09-18 03:08:09] [INFO] [BiharFloodAuto] [+] Overwriting: 31082026.zip -> server...
[2026-09-18 03:08:09] [INFO] [BiharFloodAuto] [+] Overwriting: 03092026.zip -> server...
[2026-09-18 03:08:09] [INFO] [BiharFloodAuto] [+] Successfully copied 23 file(s).
[2026-09-18 03:08:09] [INFO] [paramiko.transport.sftp] [chan 0] sftp session closed.
[2026-09-18 03:08:12] [INFO] [BiharFloodAuto] Successfully pushed automation.log to Git.
[2026-09-18 03:08:12] [INFO] [BiharFloodAuto] --- Loop #638 complete ---
[2026-09-18 03:08:12] [INFO] [BiharFloodAuto] Sleeping for 15 minutes. Next check at 03:23:12. (Use 'Run Now' on the dashboard to skip this.)
[2026-09-18 03:23:13] [INFO] [BiharFloodAuto] --- Loop #639 starting ---
[2026-09-18 03:23:13] [INFO] [BiharFloodAuto] Executing 'git pull' to check for updates...
[2026-09-18 03:23:15] [INFO] [BiharFloodAuto] Repository is already up to date.
[2026-09-18 03:23:15] [INFO] [BiharFloodAuto] Searching Gmail for emails with 'Inundation Probability' from the last 15 days...
[2026-09-18 03:23:16] [INFO] [BiharFloodAuto] No new (undownloaded) matching emails found.
[2026-09-18 03:23:16] [INFO] [paramiko.transport] Connected (version 2.0, client OpenSSH_8.9p1)
[2026-09-18 03:23:16] [INFO] [paramiko.transport] Authentication (password) successful!
[2026-09-18 03:23:16] [INFO] [paramiko.transport.sftp] [chan 0] Opened sftp connection (server version 3)
[2026-09-18 03:23:16] [INFO] [BiharFloodAuto] [+] Overwriting: 29082026.zip -> server...
[2026-09-18 03:23:16] [INFO] [BiharFloodAuto] [+] Overwriting: 16092026.zip -> server...
[2026-09-18 03:23:16] [INFO] [BiharFloodAuto] [+] Overwriting: 18092026.zip -> server...
[2026-09-18 03:23:17] [INFO] [BiharFloodAuto] [+] Overwriting: 11092026.zip -> server...
[2026-09-18 03:23:17] [INFO] [BiharFloodAuto] [+] Overwriting: 28082026.zip -> server...
[2026-09-18 03:23:17] [INFO] [BiharFloodAuto] [+] Overwriting: 05092026.zip -> server...
[2026-09-18 03:23:17] [INFO] [BiharFloodAuto] [+] Overwriting: 12092026.zip -> server...
[2026-09-18 03:23:17] [INFO] [BiharFloodAuto] [+] Overwriting: 07092026.zip -> server...
[2026-09-18 03:23:17] [INFO] [BiharFloodAuto] [+] Overwriting: 17092026.zip -> server...
[2026-09-18 03:23:17] [INFO] [BiharFloodAuto] [+] Overwriting: 13092026.zip -> server...
[2026-09-18 03:23:17] [INFO] [BiharFloodAuto] [+] Overwriting: 08092026.zip -> server...
[2026-09-18 03:23:17] [INFO] [BiharFloodAuto] [+] Overwriting: 14092026.zip -> server...
[2026-09-18 03:23:17] [INFO] [BiharFloodAuto] [+] Overwriting: 02092026.zip -> server...
[2026-09-18 03:23:17] [INFO] [BiharFloodAuto] [+] Overwriting: 27082026.zip -> server...
[2026-09-18 03:23:17] [INFO] [BiharFloodAuto] [+] Overwriting: 09092026.zip -> server...
[2026-09-18 03:23:17] [INFO] [BiharFloodAuto] [+] Overwriting: 10092026.zip -> server...
[2026-09-18 03:23:17] [INFO] [BiharFloodAuto] [+] Overwriting: 06092026.zip -> server...
[2026-09-18 03:23:17] [INFO] [BiharFloodAuto] [+] Overwriting: 30082026.zip -> server...
[2026-09-18 03:23:17] [INFO] [BiharFloodAuto] [+] Overwriting: 15092026.zip -> server...
[2026-09-18 03:23:17] [INFO] [BiharFloodAuto] [+] Overwriting: 01092026.zip -> server...
[2026-09-18 03:23:18] [INFO] [BiharFloodAuto] [+] Overwriting: 04092026.zip -> server...
[2026-09-18 03:23:18] [INFO] [BiharFloodAuto] [+] Overwriting: 31082026.zip -> server...
[2026-09-18 03:23:18] [INFO] [BiharFloodAuto] [+] Overwriting: 03092026.zip -> server...
[2026-09-18 03:23:18] [INFO] [BiharFloodAuto] [+] Successfully copied 23 file(s).
[2026-09-18 03:23:18] [INFO] [paramiko.transport.sftp] [chan 0] sftp session closed.
[2026-09-18 03:23:21] [INFO] [BiharFloodAuto] Successfully pushed automation.log to Git.
[2026-09-18 03:23:21] [INFO] [BiharFloodAuto] --- Loop #639 complete ---
[2026-09-18 03:23:21] [INFO] [BiharFloodAuto] Sleeping for 15 minutes. Next check at 03:38:21. (Use 'Run Now' on the dashboard to skip this.)
[2026-09-18 03:38:21] [INFO] [BiharFloodAuto] --- Loop #640 starting ---
[2026-09-18 03:38:21] [INFO] [BiharFloodAuto] Executing 'git pull' to check for updates...
[2026-09-18 03:38:23] [INFO] [BiharFloodAuto] Repository is already up to date.
[2026-09-18 03:38:29] [INFO] [BiharFloodAuto] Searching Gmail for emails with 'Inundation Probability' from the last 15 days...
[2026-09-18 03:38:31] [INFO] [BiharFloodAuto] No new (undownloaded) matching emails found.
[2026-09-18 03:38:31] [INFO] [paramiko.transport] Connected (version 2.0, client OpenSSH_8.9p1)
[2026-09-18 03:38:31] [INFO] [paramiko.transport] Authentication (password) successful!
[2026-09-18 03:38:31] [INFO] [paramiko.transport.sftp] [chan 0] Opened sftp connection (server version 3)
[2026-09-18 03:38:31] [INFO] [BiharFloodAuto] [+] Overwriting: 29082026.zip -> server...
[2026-09-18 03:38:31] [INFO] [BiharFloodAuto] [+] Overwriting: 16092026.zip -> server...
[2026-09-18 03:38:31] [INFO] [BiharFloodAuto] [+] Overwriting: 18092026.zip -> server...
[2026-09-18 03:38:31] [INFO] [BiharFloodAuto] [+] Overwriting: 11092026.zip -> server...
[2026-09-18 03:38:31] [INFO] [BiharFloodAuto] [+] Overwriting: 28082026.zip -> server...
[2026-09-18 03:38:31] [INFO] [BiharFloodAuto] [+] Overwriting: 05092026.zip -> server...
[2026-09-18 03:38:31] [INFO] [BiharFloodAuto] [+] Overwriting: 12092026.zip -> server...
[2026-09-18 03:38:31] [INFO] [BiharFloodAuto] [+] Overwriting: 07092026.zip -> server...
[2026-09-18 03:38:32] [INFO] [BiharFloodAuto] [+] Overwriting: 17092026.zip -> server...
[2026-09-18 03:38:32] [INFO] [BiharFloodAuto] [+] Overwriting: 13092026.zip -> server...
[2026-09-18 03:38:32] [INFO] [BiharFloodAuto] [+] Overwriting: 08092026.zip -> server...
[2026-09-18 03:38:32] [INFO] [BiharFloodAuto] [+] Overwriting: 14092026.zip -> server...
[2026-09-18 03:38:32] [INFO] [BiharFloodAuto] [+] Overwriting: 02092026.zip -> server...
[2026-09-18 03:38:32] [INFO] [BiharFloodAuto] [+] Overwriting: 27082026.zip -> server...
[2026-09-18 03:38:32] [INFO] [BiharFloodAuto] [+] Overwriting: 09092026.zip -> server...
[2026-09-18 03:38:32] [INFO] [BiharFloodAuto] [+] Overwriting: 10092026.zip -> server...
[2026-09-18 03:38:32] [INFO] [BiharFloodAuto] [+] Overwriting: 06092026.zip -> server...
[2026-09-18 03:38:32] [INFO] [BiharFloodAuto] [+] Overwriting: 30082026.zip -> server...
[2026-09-18 03:38:32] [INFO] [BiharFloodAuto] [+] Overwriting: 15092026.zip -> server...
[2026-09-18 03:38:32] [INFO] [BiharFloodAuto] [+] Overwriting: 01092026.zip -> server...
[2026-09-18 03:38:32] [INFO] [BiharFloodAuto] [+] Overwriting: 04092026.zip -> server...
[2026-09-18 03:38:32] [INFO] [BiharFloodAuto] [+] Overwriting: 31082026.zip -> server...
[2026-09-18 03:38:32] [INFO] [BiharFloodAuto] [+] Overwriting: 03092026.zip -> server...
[2026-09-18 03:38:32] [INFO] [BiharFloodAuto] [+] Successfully copied 23 file(s).
[2026-09-18 03:38:32] [INFO] [paramiko.transport.sftp] [chan 0] sftp session closed.
[2026-09-18 03:38:36] [INFO] [BiharFloodAuto] Successfully pushed automation.log to Git.
[2026-09-18 03:38:36] [INFO] [BiharFloodAuto] --- Loop #640 complete ---
[2026-09-18 03:38:36] [INFO] [BiharFloodAuto] Sleeping for 15 minutes. Next check at 03:53:36. (Use 'Run Now' on the dashboard to skip this.)
[2026-09-18 03:53:36] [INFO] [BiharFloodAuto] --- Loop #641 starting ---
[2026-09-18 03:53:36] [INFO] [BiharFloodAuto] Executing 'git pull' to check for updates...
[2026-09-18 03:53:38] [INFO] [BiharFloodAuto] Repository is already up to date.
[2026-09-18 03:53:38] [INFO] [BiharFloodAuto] Searching Gmail for emails with 'Inundation Probability' from the last 15 days...
[2026-09-18 03:53:39] [INFO] [BiharFloodAuto] No new (undownloaded) matching emails found.
[2026-09-18 03:53:39] [INFO] [paramiko.transport] Connected (version 2.0, client OpenSSH_8.9p1)
[2026-09-18 03:53:39] [INFO] [paramiko.transport] Authentication (password) successful!
[2026-09-18 03:53:39] [INFO] [paramiko.transport.sftp] [chan 0] Opened sftp connection (server version 3)
[2026-09-18 03:53:39] [INFO] [BiharFloodAuto] [+] Overwriting: 29082026.zip -> server...
[2026-09-18 03:53:40] [INFO] [BiharFloodAuto] [+] Overwriting: 16092026.zip -> server...
[2026-09-18 03:53:40] [INFO] [BiharFloodAuto] [+] Overwriting: 18092026.zip -> server...
[2026-09-18 03:53:40] [INFO] [BiharFloodAuto] [+] Overwriting: 11092026.zip -> server...
[2026-09-18 03:53:40] [INFO] [BiharFloodAuto] [+] Overwriting: 28082026.zip -> server...
[2026-09-18 03:53:40] [INFO] [BiharFloodAuto] [+] Overwriting: 05092026.zip -> server...
[2026-09-18 03:53:40] [INFO] [BiharFloodAuto] [+] Overwriting: 12092026.zip -> server...
[2026-09-18 03:53:40] [INFO] [BiharFloodAuto] [+] Overwriting: 07092026.zip -> server...
[2026-09-18 03:53:40] [INFO] [BiharFloodAuto] [+] Overwriting: 17092026.zip -> server...
[2026-09-18 03:53:40] [INFO] [BiharFloodAuto] [+] Overwriting: 13092026.zip -> server...
[2026-09-18 03:53:40] [INFO] [BiharFloodAuto] [+] Overwriting: 08092026.zip -> server...
[2026-09-18 03:53:40] [INFO] [BiharFloodAuto] [+] Overwriting: 14092026.zip -> server...
[2026-09-18 03:53:40] [INFO] [BiharFloodAuto] [+] Overwriting: 02092026.zip -> server...
[2026-09-18 03:53:40] [INFO] [BiharFloodAuto] [+] Overwriting: 27082026.zip -> server...
[2026-09-18 03:53:40] [INFO] [BiharFloodAuto] [+] Overwriting: 09092026.zip -> server...
[2026-09-18 03:53:40] [INFO] [BiharFloodAuto] [+] Overwriting: 10092026.zip -> server...
[2026-09-18 03:53:40] [INFO] [BiharFloodAuto] [+] Overwriting: 06092026.zip -> server...
[2026-09-18 03:53:40] [INFO] [BiharFloodAuto] [+] Overwriting: 30082026.zip -> server...
[2026-09-18 03:53:41] [INFO] [BiharFloodAuto] [+] Overwriting: 15092026.zip -> server...
[2026-09-18 03:53:41] [INFO] [BiharFloodAuto] [+] Overwriting: 01092026.zip -> server...
[2026-09-18 03:53:41] [INFO] [BiharFloodAuto] [+] Overwriting: 04092026.zip -> server...
[2026-09-18 03:53:41] [INFO] [BiharFloodAuto] [+] Overwriting: 31082026.zip -> server...
[2026-09-18 03:53:41] [INFO] [BiharFloodAuto] [+] Overwriting: 03092026.zip -> server...
[2026-09-18 03:53:41] [INFO] [BiharFloodAuto] [+] Successfully copied 23 file(s).
[2026-09-18 03:53:41] [INFO] [paramiko.transport.sftp] [chan 0] sftp session closed.
[2026-09-18 03:53:44] [INFO] [BiharFloodAuto] Successfully pushed automation.log to Git.
[2026-09-18 03:53:44] [INFO] [BiharFloodAuto] --- Loop #641 complete ---
[2026-09-18 03:53:44] [INFO] [BiharFloodAuto] Sleeping for 15 minutes. Next check at 04:08:44. (Use 'Run Now' on the dashboard to skip this.)
[2026-09-18 04:08:44] [INFO] [BiharFloodAuto] --- Loop #642 starting ---
[2026-09-18 04:08:44] [INFO] [BiharFloodAuto] Executing 'git pull' to check for updates...
[2026-09-18 04:08:46] [INFO] [BiharFloodAuto] Repository is already up to date.
[2026-09-18 04:08:47] [INFO] [BiharFloodAuto] Searching Gmail for emails with 'Inundation Probability' from the last 15 days...
[2026-09-18 04:08:48] [INFO] [BiharFloodAuto] No new (undownloaded) matching emails found.
[2026-09-18 04:08:48] [INFO] [paramiko.transport] Connected (version 2.0, client OpenSSH_8.9p1)
[2026-09-18 04:08:48] [INFO] [paramiko.transport] Authentication (password) successful!
[2026-09-18 04:08:49] [INFO] [paramiko.transport.sftp] [chan 0] Opened sftp connection (server version 3)
[2026-09-18 04:08:49] [INFO] [BiharFloodAuto] [+] Overwriting: 29082026.zip -> server...
[2026-09-18 04:08:49] [INFO] [BiharFloodAuto] [+] Overwriting: 16092026.zip -> server...
[2026-09-18 04:08:49] [INFO] [BiharFloodAuto] [+] Overwriting: 18092026.zip -> server...
[2026-09-18 04:08:49] [INFO] [BiharFloodAuto] [+] Overwriting: 11092026.zip -> server...
[2026-09-18 04:08:49] [INFO] [BiharFloodAuto] [+] Overwriting: 28082026.zip -> server...
[2026-09-18 04:08:49] [INFO] [BiharFloodAuto] [+] Overwriting: 05092026.zip -> server...
[2026-09-18 04:08:49] [INFO] [BiharFloodAuto] [+] Overwriting: 12092026.zip -> server...
[2026-09-18 04:08:49] [INFO] [BiharFloodAuto] [+] Overwriting: 07092026.zip -> server...
[2026-09-18 04:08:49] [INFO] [BiharFloodAuto] [+] Overwriting: 17092026.zip -> server...
[2026-09-18 04:08:49] [INFO] [BiharFloodAuto] [+] Overwriting: 13092026.zip -> server...
[2026-09-18 04:08:49] [INFO] [BiharFloodAuto] [+] Overwriting: 08092026.zip -> server...
[2026-09-18 04:08:49] [INFO] [BiharFloodAuto] [+] Overwriting: 14092026.zip -> server...
[2026-09-18 04:08:49] [INFO] [BiharFloodAuto] [+] Overwriting: 02092026.zip -> server...
[2026-09-18 04:08:49] [INFO] [BiharFloodAuto] [+] Overwriting: 27082026.zip -> server...
[2026-09-18 04:08:49] [INFO] [BiharFloodAuto] [+] Overwriting: 09092026.zip -> server...
[2026-09-18 04:08:49] [INFO] [BiharFloodAuto] [+] Overwriting: 10092026.zip -> server...
[2026-09-18 04:08:49] [INFO] [BiharFloodAuto] [+] Overwriting: 06092026.zip -> server...
[2026-09-18 04:08:49] [INFO] [BiharFloodAuto] [+] Overwriting: 30082026.zip -> server...
[2026-09-18 04:08:50] [INFO] [BiharFloodAuto] [+] Overwriting: 15092026.zip -> server...
[2026-09-18 04:08:50] [INFO] [BiharFloodAuto] [+] Overwriting: 01092026.zip -> server...
[2026-09-18 04:08:50] [INFO] [BiharFloodAuto] [+] Overwriting: 04092026.zip -> server...
[2026-09-18 04:08:50] [INFO] [BiharFloodAuto] [+] Overwriting: 31082026.zip -> server...
[2026-09-18 04:08:50] [INFO] [BiharFloodAuto] [+] Overwriting: 03092026.zip -> server...
[2026-09-18 04:08:50] [INFO] [BiharFloodAuto] [+] Successfully copied 23 file(s).
[2026-09-18 04:08:50] [INFO] [paramiko.transport.sftp] [chan 0] sftp session closed.
[2026-09-18 04:08:53] [INFO] [BiharFloodAuto] Successfully pushed automation.log to Git.
[2026-09-18 04:08:53] [INFO] [BiharFloodAuto] --- Loop #642 complete ---
[2026-09-18 04:08:53] [INFO] [BiharFloodAuto] Sleeping for 15 minutes. Next check at 04:23:53. (Use 'Run Now' on the dashboard to skip this.)
[2026-09-18 04:23:53] [INFO] [BiharFloodAuto] --- Loop #643 starting ---
[2026-09-18 04:23:53] [INFO] [BiharFloodAuto] Executing 'git pull' to check for updates...
[2026-09-18 04:23:55] [INFO] [BiharFloodAuto] Repository is already up to date.
[2026-09-18 04:23:55] [INFO] [BiharFloodAuto] Searching Gmail for emails with 'Inundation Probability' from the last 15 days...
[2026-09-18 04:23:57] [INFO] [BiharFloodAuto] No new (undownloaded) matching emails found.
[2026-09-18 04:23:57] [INFO] [paramiko.transport] Connected (version 2.0, client OpenSSH_8.9p1)
[2026-09-18 04:23:57] [INFO] [paramiko.transport] Authentication (password) successful!
[2026-09-18 04:23:57] [INFO] [paramiko.transport.sftp] [chan 0] Opened sftp connection (server version 3)
[2026-09-18 04:23:57] [INFO] [BiharFloodAuto] [+] Overwriting: 29082026.zip -> server...
[2026-09-18 04:23:58] [INFO] [BiharFloodAuto] [+] Overwriting: 16092026.zip -> server...
[2026-09-18 04:23:58] [INFO] [BiharFloodAuto] [+] Overwriting: 18092026.zip -> server...
[2026-09-18 04:23:58] [INFO] [BiharFloodAuto] [+] Overwriting: 11092026.zip -> server...
[2026-09-18 04:23:58] [INFO] [BiharFloodAuto] [+] Overwriting: 28082026.zip -> server...
[2026-09-18 04:23:58] [INFO] [BiharFloodAuto] [+] Overwriting: 05092026.zip -> server...
[2026-09-18 04:23:58] [INFO] [BiharFloodAuto] [+] Overwriting: 12092026.zip -> server...
[2026-09-18 04:23:58] [INFO] [BiharFloodAuto] [+] Overwriting: 07092026.zip -> server...
[2026-09-18 04:23:58] [INFO] [BiharFloodAuto] [+] Overwriting: 17092026.zip -> server...
[2026-09-18 04:23:58] [INFO] [BiharFloodAuto] [+] Overwriting: 13092026.zip -> server...
[2026-09-18 04:23:58] [INFO] [BiharFloodAuto] [+] Overwriting: 08092026.zip -> server...
[2026-09-18 04:23:58] [INFO] [BiharFloodAuto] [+] Overwriting: 14092026.zip -> server...
[2026-09-18 04:23:58] [INFO] [BiharFloodAuto] [+] Overwriting: 02092026.zip -> server...
[2026-09-18 04:23:58] [INFO] [BiharFloodAuto] [+] Overwriting: 27082026.zip -> server...
[2026-09-18 04:23:58] [INFO] [BiharFloodAuto] [+] Overwriting: 09092026.zip -> server...
[2026-09-18 04:23:59] [INFO] [BiharFloodAuto] [+] Overwriting: 10092026.zip -> server...
[2026-09-18 04:23:59] [INFO] [BiharFloodAuto] [+] Overwriting: 06092026.zip -> server...
[2026-09-18 04:23:59] [INFO] [BiharFloodAuto] [+] Overwriting: 30082026.zip -> server...
[2026-09-18 04:23:59] [INFO] [BiharFloodAuto] [+] Overwriting: 15092026.zip -> server...
[2026-09-18 04:23:59] [INFO] [BiharFloodAuto] [+] Overwriting: 01092026.zip -> server...
[2026-09-18 04:23:59] [INFO] [BiharFloodAuto] [+] Overwriting: 04092026.zip -> server...
[2026-09-18 04:23:59] [INFO] [BiharFloodAuto] [+] Overwriting: 31082026.zip -> server...
[2026-09-18 04:23:59] [INFO] [BiharFloodAuto] [+] Overwriting: 03092026.zip -> server...
[2026-09-18 04:23:59] [INFO] [BiharFloodAuto] [+] Successfully copied 23 file(s).
[2026-09-18 04:23:59] [INFO] [paramiko.transport.sftp] [chan 0] sftp session closed.
